"Id","Path","Slice Name","Alias(s)","Label","Min","Max","Must Support?","Is Modifier?","Is Summary?","Type(s)","Short","Definition","Comments","Requirements","Default Value","Meaning When Missing","Fixed Value","Pattern","Example","Minimum Value","Maximum Value","Maximum Length","Binding Strength","Binding Description","Binding Value Set","Code","Slicing Discriminator","Slicing Description","Slicing Ordered","Slicing Rules","Base Path","Base Min","Base Max","Condition(s)","Constraint(s)","Mapping: IDMP Mapping","Mapping: FiveWs Pattern Mapping","Mapping: RIM Mapping"
"PackagedProductDefinition","PackagedProductDefinition","","","",0,*,"","","","","A medically related item or items, in a container or package","A medically related item or items, in a container or package.","","","","","","","","","",,,,,"",,,,"PackagedProductDefinition",0,*,"","dom-2:If the resource is contained in another resource, it SHALL NOT contain nested Resources {contained.contained.empty()}
dom-3:If the resource is contained in another resource, it SHALL be referred to from elsewhere in the resource or SHALL refer to the containing resource {contained.where((('#'+id in (%resource.descendants().reference | %resource.descendants().as(canonical) | %resource.descendants().as(uri) | %resource.descendants().as(url))) or descendants().where(reference = '#').exists() or descendants().where(as(canonical) = '#').exists() or descendants().where(as(canonical) = '#').exists()).not()).trace('unmatched', id).empty()}dom-4:If a resource is contained in another resource, it SHALL NOT have a meta.versionId or a meta.lastUpdated {contained.meta.versionId.empty() and contained.meta.lastUpdated.empty()}dom-5:If a resource is contained in another resource, it SHALL NOT have a security label {contained.meta.security.empty()}dom-6:A resource should have narrative for robust management {text.`div`.exists()}","Packaged Medicinal Product","administrative.medication","Entity. Role, or Act"
"PackagedProductDefinition.id","PackagedProductDefinition.id","","","",0,1,"","","Y","id {[]} {[]}
","Logical id of this artifact","The logical id of the resource, as used in the URL for the resource. Once assigned, this value never changes.","Typically, the resource has an id except for cases like the create operation, conditional updates.","","","","","","","","",,,,,"",,,,"Resource.id",0,1,"",""
"PackagedProductDefinition.meta","PackagedProductDefinition.meta","","","",0,1,"","","Y","Meta {[]} {[]}
","Metadata about the resource","The metadata about the resource. This is content that is maintained by the infrastructure. Changes to the content might not always be associated with version changes to the resource.","","","","","","","","","",,,,,"",,,,"Resource.meta",0,1,"","ele-1:All FHIR elements must have a @value or children {hasValue() or (children().count() > id.count())}
"
"PackagedProductDefinition.implicitRules","PackagedProductDefinition.implicitRules","","","",0,1,"","Y","Y","uri {[]} {[]}
","A set of rules under which this content was created","A reference to a set of rules that were followed when the resource was constructed, and which must be understood when processing the content. Often, this is a reference to an implementation guide that defines the special rules along with other profiles etc.","Asserting this rule set restricts the content to be only understood by a limited set of trading partners. This inherently limits the usefulness of the data in the long term. However, the existing health eco-system is highly fractured, and not yet ready to define, collect, and exchange data in a generally computable sense. Wherever possible, implementers and/or specification writers should avoid using this element. Often, when used, the URL is a reference to an implementation guide that defines these special rules as part of it's narrative along with other profiles, value sets, etc.","","","","","","","","",,,,,"",,,,"Resource.implicitRules",0,1,"","ele-1:All FHIR elements must have a @value or children {hasValue() or (children().count() > id.count())}
"
"PackagedProductDefinition.language","PackagedProductDefinition.language","","","",0,1,"","","","code {[]} {[]}
","Language of the resource content","The base language in which the resource is written.","Language is provided to support indexing and accessibility (typically, services such as text to speech use the language tag). The html language tag in the narrative applies  to the narrative. The language tag on the resource may be used to specify the language of other presentations generated from the data in the resource. Not all the content has to be in the base language. The Resource.language should not be assumed to apply to the narrative automatically. If a language is specified, it should it also be specified on the div element in the html (see rules in HTML5 for information about the relationship between xml:lang and the html lang attribute).","","","","","","","","",,"preferred","IETF language tag","http://hl7.org/fhir/ValueSet/languages","",,,,"Resource.language",0,1,"","ele-1:All FHIR elements must have a @value or children {hasValue() or (children().count() > id.count())}
"
"PackagedProductDefinition.text","PackagedProductDefinition.text","","narrative
htmlxhtmldisplay","",0,1,"","","","Narrative {[]} {[]}
","Text summary of the resource, for human interpretation","A human-readable narrative that contains a summary of the resource and can be used to represent the content of the resource to a human. The narrative need not encode all the structured data, but is required to contain sufficient detail to make it ""clinically safe"" for a human to just read the narrative. Resource definitions may define what content should be represented in the narrative to ensure clinical safety.","Contained resources do not have a narrative. Resources that are not contained SHOULD have a narrative. In some cases, a resource may only have text with little or no additional discrete data (as long as all minOccurs=1 elements are satisfied).  This may be necessary for data from legacy systems where information is captured as a ""text blob"" or where text is additionally entered raw or narrated and encoded information is added later.","","","","","","","","",,,,,"",,,,"DomainResource.text",0,1,"","ele-1:All FHIR elements must have a @value or children {hasValue() or (children().count() > id.count())}
","Act.text?"
"PackagedProductDefinition.contained","PackagedProductDefinition.contained","","inline resources
anonymous resourcescontained resources","",0,*,"","","","Resource {[]} {[]}
","Contained, inline Resources","These resources do not have an independent existence apart from the resource that contains them - they cannot be identified independently, nor can they have their own independent transaction scope.","This should never be done when the content can be identified properly, as once identification is lost, it is extremely difficult (and context dependent) to restore it again. Contained resources may have profiles and tags In their meta elements, but SHALL NOT have security labels.","","","","","","","","",,,,,"",,,,"DomainResource.contained",0,*,"","","N/A"
"PackagedProductDefinition.extension","PackagedProductDefinition.extension","","extensions
user content","",0,*,"","","","Extension {[]} {[]}
","Additional content defined by implementations","May be used to represent additional information that is not part of the basic definition of the resource. To make the use of extensions safe and manageable, there is a strict set of governance  applied to the definition and use of extensions. Though any implementer can define an extension, there is a set of requirements that SHALL be met as part of the definition of the extension.","There can be no stigma associated with the use of extensions by any application, project, or standard - regardless of the institution or jurisdiction that uses or defines the extensions.  The use of extensions is what allows the FHIR specification to retain a core level of simplicity for everyone.","","","","","","","","",,,,,"",,,,"DomainResource.extension",0,*,"","ele-1:All FHIR elements must have a @value or children {hasValue() or (children().count() > id.count())}
ext-1:Must have either extensions or value[x], not both {extension.exists() != value.exists()}","N/A"
"PackagedProductDefinition.modifierExtension","PackagedProductDefinition.modifierExtension","","extensions
user content","",0,*,"","Y","","Extension {[]} {[]}
","Extensions that cannot be ignored","May be used to represent additional information that is not part of the basic definition of the resource and that modifies the understanding of the element that contains it and/or the understanding of the containing element's descendants. Usually modifier elements provide negation or qualification. To make the use of extensions safe and manageable, there is a strict set of governance applied to the definition and use of extensions. Though any implementer is allowed to define an extension, there is a set of requirements that SHALL be met as part of the definition of the extension. Applications processing a resource are required to check for modifier extensions.

Modifier extensions SHALL NOT change the meaning of any elements on Resource or DomainResource (including cannot change the meaning of modifierExtension itself).","There can be no stigma associated with the use of extensions by any application, project, or standard - regardless of the institution or jurisdiction that uses or defines the extensions.  The use of extensions is what allows the FHIR specification to retain a core level of simplicity for everyone.","Modifier extensions allow for extensions that *cannot* be safely ignored to be clearly distinguished from the vast majority of extensions which can be safely ignored.  This promotes interoperability by eliminating the need for implementers to prohibit the presence of extensions. For further information, see the [definition of modifier extensions](http://build.fhir.org/extensibility.html#modifierExtension).","","","","","","","",,,,,"",,,,"DomainResource.modifierExtension",0,*,"","ele-1:All FHIR elements must have a @value or children {hasValue() or (children().count() > id.count())}
ext-1:Must have either extensions or value[x], not both {extension.exists() != value.exists()}","N/A"
"PackagedProductDefinition.identifier","PackagedProductDefinition.identifier","","","",1,*,"","","Y","Identifier {[]} {[]}
","Unique identifier","Unique identifier.","","","","","","","","","",,,,,"",,,,"PackagedProductDefinition.identifier",0,*,"","ele-1:All FHIR elements must have a @value or children {hasValue() or (children().count() > id.count())}
","Packaged Medicinal Product.PCID"
"PackagedProductDefinition.identifier.id","PackagedProductDefinition.identifier.id","","","",0,1,"","","","string {[]} {[]}
","Unique id for inter-element referencing","Unique id for the element within a resource (for internal references). This may be any string value that does not contain spaces.","","","","","","","","","",,,,,"",,,,"Element.id",0,1,"","","n/a"
"PackagedProductDefinition.identifier.extension","PackagedProductDefinition.identifier.extension","","extensions
user content","",0,*,"","","","Extension {[]} {[]}
","Additional content defined by implementations","May be used to represent additional information that is not part of the basic definition of the element. To make the use of extensions safe and manageable, there is a strict set of governance  applied to the definition and use of extensions. Though any implementer can define an extension, there is a set of requirements that SHALL be met as part of the definition of the extension.","There can be no stigma associated with the use of extensions by any application, project, or standard - regardless of the institution or jurisdiction that uses or defines the extensions.  The use of extensions is what allows the FHIR specification to retain a core level of simplicity for everyone.","","","","","","","","",,,,,"","value:url}
","Extensions are always sliced by (at least) url",,"open","Element.extension",0,*,"","ele-1:All FHIR elements must have a @value or children {hasValue() or (children().count() > id.count())}
ext-1:Must have either extensions or value[x], not both {extension.exists() != value.exists()}","n/a"
"PackagedProductDefinition.identifier.use","PackagedProductDefinition.identifier.use","","","",0,1,"","Y","Y","code {[]} {[]}
","usual | official | temp | secondary | old (If known)","The purpose of this identifier.","Applications can assume that an identifier is permanent unless it explicitly says that it is temporary.","Allows the appropriate identifier for a particular context of use to be selected from among a set of identifiers.","","","","","","","",,"required","","http://hl7.org/fhir/ValueSet/identifier-use|5.0.0-snapshot1","",,,,"Identifier.use",0,1,"","ele-1:All FHIR elements must have a @value or children {hasValue() or (children().count() > id.count())}
","Role.code or implied by context"
"PackagedProductDefinition.identifier.type","PackagedProductDefinition.identifier.type","","","",0,1,"","","Y","CodeableConcept {[]} {[]}
","Description of identifier","A coded type for the identifier that can be used to determine which identifier to use for a specific purpose.","This element deals only with general categories of identifiers.  It SHOULD not be used for codes that correspond 1..1 with the Identifier.system. Some identifiers may fall into multiple categories due to common usage.   Where the system is known, a type is unnecessary because the type is always part of the system definition. However systems often need to handle identifiers where the system is not known. There is not a 1:1 relationship between type and system, since many different systems have the same type.","Allows users to make use of identifiers when the identifier system is not known.","","","","","","","",,"extensible","","http://hl7.org/fhir/ValueSet/identifier-type","",,,,"Identifier.type",0,1,"","ele-1:All FHIR elements must have a @value or children {hasValue() or (children().count() > id.count())}
","Role.code or implied by context"
"PackagedProductDefinition.identifier.system","PackagedProductDefinition.identifier.system","","","",1,1,"","","Y","uri {[]} {[]}
","The namespace for the identifier value","Establishes the namespace for the value - that is, a URL that describes a set values that are unique.","Identifier.system is always case sensitive.","There are many sets  of identifiers.  To perform matching of two identifiers, we need to know what set we're dealing with. The system identifies a particular set of unique identifiers.","","","","","<valueUri xmlns=""http://hl7.org/fhir"" value=""http://www.acme.com/identifiers/patient""/>","","",,"extensible","","http://hl7.org/fhir/uv/vulcan-epi/ValueSet/packagedProductIdSystems","",,,,"Identifier.system",0,1,"","ele-1:All FHIR elements must have a @value or children {hasValue() or (children().count() > id.count())}
","II.root or Role.id.root"
"PackagedProductDefinition.identifier.value","PackagedProductDefinition.identifier.value","","","",1,1,"","","Y","string {[]} {[]}
","The value that is unique","The portion of the identifier typically relevant to the user and which is unique within the context of the system.","If the value is a full URI, then the system SHALL be urn:ietf:rfc:3986.  The value's primary purpose is computational mapping.  As a result, it may be normalized for comparison purposes (e.g. removing non-significant whitespace, dashes, etc.)  A value formatted for human display can be conveyed using the [Rendered Value extension](http://build.fhir.org/extension-rendered-value.html). Identifier.value is to be treated as case sensitive unless knowledge of the Identifier.system allows the processer to be confident that non-case-sensitive processing is safe.","","","","","","<valueString xmlns=""http://hl7.org/fhir"" value=""123456""/>","","",,,,,"",,,,"Identifier.value",0,1,"","ele-1:All FHIR elements must have a @value or children {hasValue() or (children().count() > id.count())}
","II.extension or II.root if system indicates OID or GUID (Or Role.id.extension or root)"
"PackagedProductDefinition.identifier.period","PackagedProductDefinition.identifier.period","","","",0,1,"","","Y","Period {[]} {[]}
","Time period when id is/was valid for use","Time period during which identifier is/was valid for use.","","","","","","","","","",,,,,"",,,,"Identifier.period",0,1,"","ele-1:All FHIR elements must have a @value or children {hasValue() or (children().count() > id.count())}
","Role.effectiveTime or implied by context"
"PackagedProductDefinition.identifier.assigner","PackagedProductDefinition.identifier.assigner","","","",0,1,"","","Y","Reference {[]} {[CanonicalType[http://hl7.org/fhir/StructureDefinition/Organization]]}
","Organization that issued id (may be just text)","Organization that issued/manages the identifier.","The Identifier.assigner may omit the .reference element and only contain a .display element reflecting the name or other textual information about the assigning organization.","","","","","","","","",,,,,"",,,,"Identifier.assigner",0,1,"","ele-1:All FHIR elements must have a @value or children {hasValue() or (children().count() > id.count())}
","II.assigningAuthorityName but note that this is an improper use by the definition of the field.  Also Role.scoper"
"PackagedProductDefinition.name","PackagedProductDefinition.name","","","",0,1,"","","Y","string {[]} {[]}
","A name for this package. Typically what it would be listed as in a drug formulary or catalogue, inventory etc","A name for this package. Typically what it would be listed as in a drug formulary or catalogue, inventory etc.","","","","","","","<valueString xmlns=""http://hl7.org/fhir"" value=""3 ml cartridge (glass) in a pre-filled pen""/>","","",,,,,"",,,,"PackagedProductDefinition.name",0,1,"","ele-1:All FHIR elements must have a @value or children {hasValue() or (children().count() > id.count())}
","n/a"
"PackagedProductDefinition.type","PackagedProductDefinition.type","","","",0,1,"","","Y","CodeableConcept {[]} {[]}
","A high level category e.g. medicinal product, raw material, shipping/transport container, etc","A high level category e.g. medicinal product, raw material, shipping/transport container, etc.","","","","","","","<valueCodeableConcept xmlns=""http://hl7.org/fhir"">
  <coding>
    <system value=""https://spor.ema.europa.eu/rmswi""/>
    <code value=""100000155527""/>
    <display value=""Chemical Medicinal Product""/>
  </coding>
</valueCodeableConcept>","","",,,,,"",,,,"PackagedProductDefinition.type",0,1,"","ele-1:All FHIR elements must have a @value or children {hasValue() or (children().count() > id.count())}
","n/a"
"PackagedProductDefinition.packageFor","PackagedProductDefinition.packageFor","","","",0,*,"","","Y","Reference {[]} {[CanonicalType[http://hl7.org/fhir/uv/vulcan-epi/StructureDefinition/MedicinalProductDefinition-uv-epi]]}
","The product that this is a pack for","The product that this is a pack for.","","","","","","","","","",,,,,"",,,,"PackagedProductDefinition.packageFor",0,*,"","ele-1:All FHIR elements must have a @value or children {hasValue() or (children().count() > id.count())}
","(the link from Packaged Medicinal Product to Medicinal Product)"
"PackagedProductDefinition.status","PackagedProductDefinition.status","","","",0,1,"","Y","Y","CodeableConcept {[]} {[]}
","The status within the lifecycle of this item. A high level status, this is not intended to duplicate details carried elsewhere such as legal status, or authorization or marketing status","The status within the lifecycle of this item. A high level status, this is not intended to duplicate details carried elsewhere such as legal status, or authorization or marketing status.","","","","","","","<valueCodeableConcept xmlns=""http://hl7.org/fhir"">
  <coding>
    <system value=""http://hl7.org/fhir/publication-status""/>
    <code value=""active""/>
  </coding>
</valueCodeableConcept>","","",,"preferred","Identifies the level of importance to be assigned to actioning the request.","http://hl7.org/fhir/ValueSet/publication-status","",,,,"PackagedProductDefinition.status",0,1,"","ele-1:All FHIR elements must have a @value or children {hasValue() or (children().count() > id.count())}
","n/a"
"PackagedProductDefinition.statusDate","PackagedProductDefinition.statusDate","","","",0,1,"","","Y","dateTime {[]} {[]}
","The date at which the given status became applicable","The date at which the given status became applicable.","","","","","","","<valueDateTime xmlns=""http://hl7.org/fhir"" value=""2015-02-07T13:28:17Z""/>","","",,,,,"",,,,"PackagedProductDefinition.statusDate",0,1,"","ele-1:All FHIR elements must have a @value or children {hasValue() or (children().count() > id.count())}
","n/a"
"PackagedProductDefinition.containedItemQuantity","PackagedProductDefinition.containedItemQuantity","","","",0,*,"","","Y","Quantity {[]} {[]}
","A total of the amount of items in the package, per item type. This can be considered as the pack size. This attribute differs from containedItem.amount in that it can give a single aggregated count of all tablet types in a pack, even when these are different manufactured items. For example a pill pack of 21 tablets plus 7 sugar tablets, can be denoted here as '28 tablets'. This attribute is repeatable so that the different item types in one pack type can be counted (e.g. a count of vials and count of syringes). Each repeat must have different units, so that it is clear what the different sets of counted items are, and it is not intended to allow different counts of similar items (e.g. not '2 tubes and 3 tubes'). Repeats are not to be used to represent different pack sizes (e.g. 20 pack vs. 50 pack) - which would be different instances of this resource","A total of the amount of items in the package, per item type. This can be considered as the pack size. This attribute differs from containedItem.amount in that it can give a single aggregated count of all tablet types in a pack, even when these are different manufactured items. For example a pill pack of 21 tablets plus 7 sugar tablets, can be denoted here as '28 tablets'. This attribute is repeatable so that the different item types in one pack type can be counted (e.g. a count of vials and count of syringes). Each repeat must have different units, so that it is clear what the different sets of counted items are, and it is not intended to allow different counts of similar items (e.g. not '2 tubes and 3 tubes'). Repeats are not to be used to represent different pack sizes (e.g. 20 pack vs. 50 pack) - which would be different instances of this resource.","","","","","","","<valueQuantity xmlns=""http://hl7.org/fhir"">
  <value value=""3""/>
  <unit value=""ml""/>
</valueQuantity>","","",,,,,"",,,,"PackagedProductDefinition.containedItemQuantity",0,*,"","ele-1:All FHIR elements must have a @value or children {hasValue() or (children().count() > id.count())}
","n/a"
"PackagedProductDefinition.description","PackagedProductDefinition.description","","","",0,1,"","","Y","markdown {[]} {[]}
","Textual description. Note that this is not the name of the package or product","Textual description. Note that this is not the name of the package or product.","","","","","","","<valueString xmlns=""http://hl7.org/fhir"" value=""Type I colourless glass cartridge with a black plunger (bromobutyl rubber) and a flanged cap (aluminium) with inserted laminated sealing disks (bromobutyl rubber on the medicinal product side and polyisoprene on the outside) containing 3 ml of solution. Each cartridge is assembled into a disposable pen.""/>","","",,,,,"",,,,"PackagedProductDefinition.description",0,1,"","ele-1:All FHIR elements must have a @value or children {hasValue() or (children().count() > id.count())}
","Packaged Medicinal Product.description"
"PackagedProductDefinition.legalStatusOfSupply","PackagedProductDefinition.legalStatusOfSupply","","","",0,*,"","","Y","BackboneElement {[]} {[]}
","The legal status of supply of the packaged item as classified by the regulator.","The legal status of supply of the packaged item as classified by the regulator.","","","","","","","","","",,,,,"",,,,"PackagedProductDefinition.legalStatusOfSupply",0,*,"","ele-1:All FHIR elements must have a @value or children {hasValue() or (children().count() > id.count())}
","Marketing Authorisation.Legal Status of Supply (for a package)"
"PackagedProductDefinition.legalStatusOfSupply.id","PackagedProductDefinition.legalStatusOfSupply.id","","","",0,1,"","","","id {[]} {[]}
","Unique id for inter-element referencing","Unique id for the element within a resource (for internal references). This may be any string value that does not contain spaces.","","","","","","","","","",,,,,"",,,,"Element.id",0,1,"","","n/a"
"PackagedProductDefinition.legalStatusOfSupply.extension","PackagedProductDefinition.legalStatusOfSupply.extension","","extensions
user content","",0,*,"","","","Extension {[]} {[]}
","Additional content defined by implementations","May be used to represent additional information that is not part of the basic definition of the element. To make the use of extensions safe and manageable, there is a strict set of governance  applied to the definition and use of extensions. Though any implementer can define an extension, there is a set of requirements that SHALL be met as part of the definition of the extension.","There can be no stigma associated with the use of extensions by any application, project, or standard - regardless of the institution or jurisdiction that uses or defines the extensions.  The use of extensions is what allows the FHIR specification to retain a core level of simplicity for everyone.","","","","","","","","",,,,,"",,,,"Element.extension",0,*,"","ele-1:All FHIR elements must have a @value or children {hasValue() or (children().count() > id.count())}
ext-1:Must have either extensions or value[x], not both {extension.exists() != value.exists()}","n/a"
"PackagedProductDefinition.legalStatusOfSupply.modifierExtension","PackagedProductDefinition.legalStatusOfSupply.modifierExtension","","extensions
user contentmodifiers","",0,*,"","Y","Y","Extension {[]} {[]}
","Extensions that cannot be ignored even if unrecognized","May be used to represent additional information that is not part of the basic definition of the element and that modifies the understanding of the element in which it is contained and/or the understanding of the containing element's descendants. Usually modifier elements provide negation or qualification. To make the use of extensions safe and manageable, there is a strict set of governance applied to the definition and use of extensions. Though any implementer can define an extension, there is a set of requirements that SHALL be met as part of the definition of the extension. Applications processing a resource are required to check for modifier extensions.

Modifier extensions SHALL NOT change the meaning of any elements on Resource or DomainResource (including cannot change the meaning of modifierExtension itself).","There can be no stigma associated with the use of extensions by any application, project, or standard - regardless of the institution or jurisdiction that uses or defines the extensions.  The use of extensions is what allows the FHIR specification to retain a core level of simplicity for everyone.","Modifier extensions allow for extensions that *cannot* be safely ignored to be clearly distinguished from the vast majority of extensions which can be safely ignored.  This promotes interoperability by eliminating the need for implementers to prohibit the presence of extensions. For further information, see the [definition of modifier extensions](http://build.fhir.org/extensibility.html#modifierExtension).","","","","","","","",,,,,"",,,,"BackboneElement.modifierExtension",0,*,"","ele-1:All FHIR elements must have a @value or children {hasValue() or (children().count() > id.count())}
ext-1:Must have either extensions or value[x], not both {extension.exists() != value.exists()}","N/A"
"PackagedProductDefinition.legalStatusOfSupply.code","PackagedProductDefinition.legalStatusOfSupply.code","","","",0,1,"","","Y","CodeableConcept {[]} {[]}
","The actual status of supply. In what situation this package type may be supplied for use","The actual status of supply. In what situation this package type may be supplied for use.","","","","","","","","","",,,,,"",,,,"PackagedProductDefinition.legalStatusOfSupply.code",0,1,"","ele-1:All FHIR elements must have a @value or children {hasValue() or (children().count() > id.count())}
","Marketing Authorisation.Legal Status of Supply (for a package)"
"PackagedProductDefinition.legalStatusOfSupply.jurisdiction","PackagedProductDefinition.legalStatusOfSupply.jurisdiction","","","",0,1,"","","Y","CodeableConcept {[]} {[]}
","The place where the legal status of supply applies. When not specified, this indicates it is unknown in this context","The place where the legal status of supply applies. When not specified, this indicates it is unknown in this context.","","","","","","","","","",,,,,"",,,,"PackagedProductDefinition.legalStatusOfSupply.jurisdiction",0,1,"","ele-1:All FHIR elements must have a @value or children {hasValue() or (children().count() > id.count())}
","n/a"
"PackagedProductDefinition.marketingStatus","PackagedProductDefinition.marketingStatus","","","",0,*,"","","Y","MarketingStatus {[]} {[]}
","Allows specifying that an item is on the market for sale, or that it is not available, and the dates and locations associated.","Marketing information.","","","","","","","","","",,,,,"",,,,"PackagedProductDefinition.marketingStatus",0,*,"","ele-1:All FHIR elements must have a @value or children {hasValue() or (children().count() > id.count())}
","Packaged Medicinal Product.Marketing Status"
"PackagedProductDefinition.characteristic","PackagedProductDefinition.characteristic","","","",0,*,"","","Y","CodeableConcept {[]} {[]}
","Allows the key features to be recorded, such as ""hospital pack"", ""nurse prescribable"", ""calendar pack""","Allows the key features to be recorded, such as ""hospital pack"", ""nurse prescribable"", ""calendar pack"".","","","","","","","","","",,,,,"",,,,"PackagedProductDefinition.characteristic",0,*,"","ele-1:All FHIR elements must have a @value or children {hasValue() or (children().count() > id.count())}
","n/a"
"PackagedProductDefinition.copackagedIndicator","PackagedProductDefinition.copackagedIndicator","","","",0,1,"","","Y","boolean {[]} {[]}
","If the drug product is supplied with another item such as a diluent","States whether a drug product is supplied with another item such as a diluent or adjuvant.","","","","","","","","","",,,,,"",,,,"PackagedProductDefinition.copackagedIndicator",0,1,"","ele-1:All FHIR elements must have a @value or children {hasValue() or (children().count() > id.count())}
","n/a"
"PackagedProductDefinition.manufacturer","PackagedProductDefinition.manufacturer","","","",0,*,"","","Y","Reference {[]} {[CanonicalType[http://hl7.org/fhir/uv/vulcan-epi/StructureDefinition/Organization-uv-epi]]}
","Manufacturer of this package type. When there are multiple it means these are all possible manufacturers","Manufacturer of this package type. When there are multiple it means these are all possible manufacturers.","","","","","","","","","",,,,,"",,,,"PackagedProductDefinition.manufacturer",0,*,"","ele-1:All FHIR elements must have a @value or children {hasValue() or (children().count() > id.count())}
","Packaged Medicinal Product.Manufacturer / Establishment (Organisation)"
"PackagedProductDefinition.attachedDocument","PackagedProductDefinition.attachedDocument","","","",0,*,"","","Y","Reference {[]} {[CanonicalType[http://hl7.org/fhir/StructureDefinition/DocumentReference]]}
","Additional information or supporting documentation about the packaged product","Additional information or supporting documentation about the packaged product.","","","","","","","","","",,,,,"",,,,"PackagedProductDefinition.attachedDocument",0,*,"","ele-1:All FHIR elements must have a @value or children {hasValue() or (children().count() > id.count())}
","n/a"
"PackagedProductDefinition.package","PackagedProductDefinition.package","","","",0,1,"","","Y","BackboneElement {[]} {[]}
","A packaging item, as a container for medically related items, possibly with other packaging items within, or a packaging component, such as bottle cap (which is not a device or a medication manufactured item)","A packaging item, as a container for medically related items, possibly with other packaging items within, or a packaging component, such as bottle cap (which is not a device or a medication manufactured item).","","","","","","","","","",,,,,"",,,,"PackagedProductDefinition.package",0,1,"","ele-1:All FHIR elements must have a @value or children {hasValue() or (children().count() > id.count())}
","Packaged Medicinal Product.Package Item (Container), Package Item (Container).Package (Component)"
"PackagedProductDefinition.package.id","PackagedProductDefinition.package.id","","","",0,1,"","","","id {[]} {[]}
","Unique id for inter-element referencing","Unique id for the element within a resource (for internal references). This may be any string value that does not contain spaces.","","","","","","","","","",,,,,"",,,,"Element.id",0,1,"","","n/a"
"PackagedProductDefinition.package.extension","PackagedProductDefinition.package.extension","","extensions
user content","",0,*,"","","","Extension {[]} {[]}
","Additional content defined by implementations","May be used to represent additional information that is not part of the basic definition of the element. To make the use of extensions safe and manageable, there is a strict set of governance  applied to the definition and use of extensions. Though any implementer can define an extension, there is a set of requirements that SHALL be met as part of the definition of the extension.","There can be no stigma associated with the use of extensions by any application, project, or standard - regardless of the institution or jurisdiction that uses or defines the extensions.  The use of extensions is what allows the FHIR specification to retain a core level of simplicity for everyone.","","","","","","","","",,,,,"",,,,"Element.extension",0,*,"","ele-1:All FHIR elements must have a @value or children {hasValue() or (children().count() > id.count())}
ext-1:Must have either extensions or value[x], not both {extension.exists() != value.exists()}","n/a"
"PackagedProductDefinition.package.modifierExtension","PackagedProductDefinition.package.modifierExtension","","extensions
user contentmodifiers","",0,*,"","Y","Y","Extension {[]} {[]}
","Extensions that cannot be ignored even if unrecognized","May be used to represent additional information that is not part of the basic definition of the element and that modifies the understanding of the element in which it is contained and/or the understanding of the containing element's descendants. Usually modifier elements provide negation or qualification. To make the use of extensions safe and manageable, there is a strict set of governance applied to the definition and use of extensions. Though any implementer can define an extension, there is a set of requirements that SHALL be met as part of the definition of the extension. Applications processing a resource are required to check for modifier extensions.

Modifier extensions SHALL NOT change the meaning of any elements on Resource or DomainResource (including cannot change the meaning of modifierExtension itself).","There can be no stigma associated with the use of extensions by any application, project, or standard - regardless of the institution or jurisdiction that uses or defines the extensions.  The use of extensions is what allows the FHIR specification to retain a core level of simplicity for everyone.","Modifier extensions allow for extensions that *cannot* be safely ignored to be clearly distinguished from the vast majority of extensions which can be safely ignored.  This promotes interoperability by eliminating the need for implementers to prohibit the presence of extensions. For further information, see the [definition of modifier extensions](http://build.fhir.org/extensibility.html#modifierExtension).","","","","","","","",,,,,"",,,,"BackboneElement.modifierExtension",0,*,"","ele-1:All FHIR elements must have a @value or children {hasValue() or (children().count() > id.count())}
ext-1:Must have either extensions or value[x], not both {extension.exists() != value.exists()}","N/A"
"PackagedProductDefinition.package.identifier","PackagedProductDefinition.package.identifier","","","",1,*,"","","Y","Identifier {[]} {[]}
","Including possibly Data Carrier Identifier","Including possibly Data Carrier Identifier.","","","","","","","","","",,,,,"",,,,"PackagedProductDefinition.package.identifier",0,*,"","ele-1:All FHIR elements must have a @value or children {hasValue() or (children().count() > id.count())}
","Package Item (Container).Data Carrier Identifier"
"PackagedProductDefinition.package.identifier.id","PackagedProductDefinition.package.identifier.id","","","",0,1,"","","","string {[]} {[]}
","Unique id for inter-element referencing","Unique id for the element within a resource (for internal references). This may be any string value that does not contain spaces.","","","","","","","","","",,,,,"",,,,"Element.id",0,1,"","","n/a"
"PackagedProductDefinition.package.identifier.extension","PackagedProductDefinition.package.identifier.extension","","extensions
user content","",0,*,"","","","Extension {[]} {[]}
","Additional content defined by implementations","May be used to represent additional information that is not part of the basic definition of the element. To make the use of extensions safe and manageable, there is a strict set of governance  applied to the definition and use of extensions. Though any implementer can define an extension, there is a set of requirements that SHALL be met as part of the definition of the extension.","There can be no stigma associated with the use of extensions by any application, project, or standard - regardless of the institution or jurisdiction that uses or defines the extensions.  The use of extensions is what allows the FHIR specification to retain a core level of simplicity for everyone.","","","","","","","","",,,,,"","value:url}
","Extensions are always sliced by (at least) url",,"open","Element.extension",0,*,"","ele-1:All FHIR elements must have a @value or children {hasValue() or (children().count() > id.count())}
ext-1:Must have either extensions or value[x], not both {extension.exists() != value.exists()}","n/a"
"PackagedProductDefinition.package.identifier.use","PackagedProductDefinition.package.identifier.use","","","",0,1,"","Y","Y","code {[]} {[]}
","usual | official | temp | secondary | old (If known)","The purpose of this identifier.","Applications can assume that an identifier is permanent unless it explicitly says that it is temporary.","Allows the appropriate identifier for a particular context of use to be selected from among a set of identifiers.","","","","","","","",,"required","","http://hl7.org/fhir/ValueSet/identifier-use|5.0.0-snapshot1","",,,,"Identifier.use",0,1,"","ele-1:All FHIR elements must have a @value or children {hasValue() or (children().count() > id.count())}
","Role.code or implied by context"
"PackagedProductDefinition.package.identifier.type","PackagedProductDefinition.package.identifier.type","","","",0,1,"","","Y","CodeableConcept {[]} {[]}
","Description of identifier","A coded type for the identifier that can be used to determine which identifier to use for a specific purpose.","This element deals only with general categories of identifiers.  It SHOULD not be used for codes that correspond 1..1 with the Identifier.system. Some identifiers may fall into multiple categories due to common usage.   Where the system is known, a type is unnecessary because the type is always part of the system definition. However systems often need to handle identifiers where the system is not known. There is not a 1:1 relationship between type and system, since many different systems have the same type.","Allows users to make use of identifiers when the identifier system is not known.","","","","","","","",,"extensible","","http://hl7.org/fhir/ValueSet/identifier-type","",,,,"Identifier.type",0,1,"","ele-1:All FHIR elements must have a @value or children {hasValue() or (children().count() > id.count())}
","Role.code or implied by context"
"PackagedProductDefinition.package.identifier.system","PackagedProductDefinition.package.identifier.system","","","",1,1,"","","Y","uri {[]} {[]}
","The namespace for the identifier value","Establishes the namespace for the value - that is, a URL that describes a set values that are unique.","Identifier.system is always case sensitive.","There are many sets  of identifiers.  To perform matching of two identifiers, we need to know what set we're dealing with. The system identifies a particular set of unique identifiers.","","","","","<valueUri xmlns=""http://hl7.org/fhir"" value=""http://www.acme.com/identifiers/patient""/>","","",,"extensible","","http://hl7.org/fhir/uv/vulcan-epi/ValueSet/packagedProductIdSystems","",,,,"Identifier.system",0,1,"","ele-1:All FHIR elements must have a @value or children {hasValue() or (children().count() > id.count())}
","II.root or Role.id.root"
"PackagedProductDefinition.package.identifier.value","PackagedProductDefinition.package.identifier.value","","","",1,1,"","","Y","string {[]} {[]}
","The value that is unique","The portion of the identifier typically relevant to the user and which is unique within the context of the system.","If the value is a full URI, then the system SHALL be urn:ietf:rfc:3986.  The value's primary purpose is computational mapping.  As a result, it may be normalized for comparison purposes (e.g. removing non-significant whitespace, dashes, etc.)  A value formatted for human display can be conveyed using the [Rendered Value extension](http://build.fhir.org/extension-rendered-value.html). Identifier.value is to be treated as case sensitive unless knowledge of the Identifier.system allows the processer to be confident that non-case-sensitive processing is safe.","","","","","","<valueString xmlns=""http://hl7.org/fhir"" value=""123456""/>","","",,,,,"",,,,"Identifier.value",0,1,"","ele-1:All FHIR elements must have a @value or children {hasValue() or (children().count() > id.count())}
","II.extension or II.root if system indicates OID or GUID (Or Role.id.extension or root)"
"PackagedProductDefinition.package.identifier.period","PackagedProductDefinition.package.identifier.period","","","",0,1,"","","Y","Period {[]} {[]}
","Time period when id is/was valid for use","Time period during which identifier is/was valid for use.","","","","","","","","","",,,,,"",,,,"Identifier.period",0,1,"","ele-1:All FHIR elements must have a @value or children {hasValue() or (children().count() > id.count())}
","Role.effectiveTime or implied by context"
"PackagedProductDefinition.package.identifier.assigner","PackagedProductDefinition.package.identifier.assigner","","","",0,1,"","","Y","Reference {[]} {[CanonicalType[http://hl7.org/fhir/StructureDefinition/Organization]]}
","Organization that issued id (may be just text)","Organization that issued/manages the identifier.","The Identifier.assigner may omit the .reference element and only contain a .display element reflecting the name or other textual information about the assigning organization.","","","","","","","","",,,,,"",,,,"Identifier.assigner",0,1,"","ele-1:All FHIR elements must have a @value or children {hasValue() or (children().count() > id.count())}
","II.assigningAuthorityName but note that this is an improper use by the definition of the field.  Also Role.scoper"
"PackagedProductDefinition.package.type","PackagedProductDefinition.package.type","","","",0,1,"","","Y","CodeableConcept {[]} {[]}
","The physical type of the container of the items","The physical type of the container of the items.","","","","","","","<valueCodeableConcept xmlns=""http://hl7.org/fhir"">
  <coding>
    <system value=""https://spor.ema.europa.eu/rmswi""/>
    <code value=""100000073543""/>
    <display value=""Pre-filled pen""/>
  </coding>
</valueCodeableConcept>","","",,,,,"",,,,"PackagedProductDefinition.package.type",0,1,"","ele-1:All FHIR elements must have a @value or children {hasValue() or (children().count() > id.count())}
","Package Item (Container).Package Item (Container) Type"
"PackagedProductDefinition.package.quantity","PackagedProductDefinition.package.quantity","","","",0,1,"","","Y","integer {[]} {[]}
","The quantity of this level of packaging in the package that contains it. If specified, the outermost level is always 1","The quantity of this level of packaging in the package that contains it. If specified, the outermost level is always 1.","","","","","","","<valueInteger xmlns=""http://hl7.org/fhir"" value=""3""/>","","",,,,,"",,,,"PackagedProductDefinition.package.quantity",0,1,"","ele-1:All FHIR elements must have a @value or children {hasValue() or (children().count() > id.count())}
","Package Item (Container).Package Item (Container) Quantity"
"PackagedProductDefinition.package.material","PackagedProductDefinition.package.material","","","",0,*,"","","Y","CodeableConcept {[]} {[]}
","Material type of the package item","Material type of the package item.","","","","","","","<valueCodeableConcept xmlns=""http://hl7.org/fhir"">
  <coding>
    <system value=""https://spor.ema.europa.eu/rmswi""/>
    <code value=""200000003204""/>
    <display value=""Glass type I""/>
  </coding>
</valueCodeableConcept>","","",,,,,"",,,,"PackagedProductDefinition.package.material",0,*,"","ele-1:All FHIR elements must have a @value or children {hasValue() or (children().count() > id.count())}
","Package Item (Container).Material"
"PackagedProductDefinition.package.alternateMaterial","PackagedProductDefinition.package.alternateMaterial","","","",0,*,"","","Y","CodeableConcept {[]} {[]}
","A possible alternate material for the packaging","A possible alternate material for the packaging.","","","","","","","","","",,,,,"",,,,"PackagedProductDefinition.package.alternateMaterial",0,*,"","ele-1:All FHIR elements must have a @value or children {hasValue() or (children().count() > id.count())}
","Package Item (Container).Alternate Material"
"PackagedProductDefinition.package.shelfLifeStorage","PackagedProductDefinition.package.shelfLifeStorage","","","",0,*,"","","Y","ProductShelfLife {[]} {[]}
","Shelf Life and storage information","Shelf Life and storage information.","","","","","","","","","",,,,,"",,,,"PackagedProductDefinition.package.shelfLifeStorage",0,*,"","ele-1:All FHIR elements must have a @value or children {hasValue() or (children().count() > id.count())}
","Package Item (Container).Shelf Life / Storage"
"PackagedProductDefinition.package.manufacturer","PackagedProductDefinition.package.manufacturer","","","",0,*,"","","Y","Reference {[]} {[CanonicalType[http://hl7.org/fhir/StructureDefinition/Organization]]}
","Manufacturer of this package Item. When there are multiple it means these are all possible manufacturers","Manufacturer of this package Item. When there are multiple it means these are all possible manufacturers.","","","","","","","","","",,,,,"",,,,"PackagedProductDefinition.package.manufacturer",0,*,"","ele-1:All FHIR elements must have a @value or children {hasValue() or (children().count() > id.count())}
","Package Item (Container).Manufacturer / Establishment (Organisation)"
"PackagedProductDefinition.package.property","PackagedProductDefinition.package.property","","","",0,*,"","","Y","BackboneElement {[]} {[]}
","General characteristics of this item","General characteristics of this item.","","","","","","","","","",,,,,"",,,,"PackagedProductDefinition.package.property",0,*,"","ele-1:All FHIR elements must have a @value or children {hasValue() or (children().count() > id.count())}
","Package Item (Container).Physical Characteristics"
"PackagedProductDefinition.package.property.id","PackagedProductDefinition.package.property.id","","","",0,1,"","","","id {[]} {[]}
","Unique id for inter-element referencing","Unique id for the element within a resource (for internal references). This may be any string value that does not contain spaces.","","","","","","","","","",,,,,"",,,,"Element.id",0,1,"","","n/a"
"PackagedProductDefinition.package.property.extension","PackagedProductDefinition.package.property.extension","","extensions
user content","",0,*,"","","","Extension {[]} {[]}
","Additional content defined by implementations","May be used to represent additional information that is not part of the basic definition of the element. To make the use of extensions safe and manageable, there is a strict set of governance  applied to the definition and use of extensions. Though any implementer can define an extension, there is a set of requirements that SHALL be met as part of the definition of the extension.","There can be no stigma associated with the use of extensions by any application, project, or standard - regardless of the institution or jurisdiction that uses or defines the extensions.  The use of extensions is what allows the FHIR specification to retain a core level of simplicity for everyone.","","","","","","","","",,,,,"",,,,"Element.extension",0,*,"","ele-1:All FHIR elements must have a @value or children {hasValue() or (children().count() > id.count())}
ext-1:Must have either extensions or value[x], not both {extension.exists() != value.exists()}","n/a"
"PackagedProductDefinition.package.property.modifierExtension","PackagedProductDefinition.package.property.modifierExtension","","extensions
user contentmodifiers","",0,*,"","Y","Y","Extension {[]} {[]}
","Extensions that cannot be ignored even if unrecognized","May be used to represent additional information that is not part of the basic definition of the element and that modifies the understanding of the element in which it is contained and/or the understanding of the containing element's descendants. Usually modifier elements provide negation or qualification. To make the use of extensions safe and manageable, there is a strict set of governance applied to the definition and use of extensions. Though any implementer can define an extension, there is a set of requirements that SHALL be met as part of the definition of the extension. Applications processing a resource are required to check for modifier extensions.

Modifier extensions SHALL NOT change the meaning of any elements on Resource or DomainResource (including cannot change the meaning of modifierExtension itself).","There can be no stigma associated with the use of extensions by any application, project, or standard - regardless of the institution or jurisdiction that uses or defines the extensions.  The use of extensions is what allows the FHIR specification to retain a core level of simplicity for everyone.","Modifier extensions allow for extensions that *cannot* be safely ignored to be clearly distinguished from the vast majority of extensions which can be safely ignored.  This promotes interoperability by eliminating the need for implementers to prohibit the presence of extensions. For further information, see the [definition of modifier extensions](http://build.fhir.org/extensibility.html#modifierExtension).","","","","","","","",,,,,"",,,,"BackboneElement.modifierExtension",0,*,"","ele-1:All FHIR elements must have a @value or children {hasValue() or (children().count() > id.count())}
ext-1:Must have either extensions or value[x], not both {extension.exists() != value.exists()}","N/A"
"PackagedProductDefinition.package.property.type","PackagedProductDefinition.package.property.type","","","",1,1,"","","Y","CodeableConcept {[]} {[]}
","A code expressing the type of characteristic","A code expressing the type of characteristic.","","","","","","","","","",,,,,"",,,,"PackagedProductDefinition.package.property.type",1,1,"","ele-1:All FHIR elements must have a @value or children {hasValue() or (children().count() > id.count())}
","Physical Characteristics, all attributes"
"PackagedProductDefinition.package.property.value[x]","PackagedProductDefinition.package.property.value[x]","","","",0,1,"","","Y","CodeableConcept {[]} {[]}
Quantity {[]} {[]}date {[]} {[]}boolean {[]} {[]}Attachment {[]} {[]}","A value for the characteristic","A value for the characteristic.","","","","","","","","","",,,,,"",,,,"PackagedProductDefinition.package.property.value[x]",0,1,"","ele-1:All FHIR elements must have a @value or children {hasValue() or (children().count() > id.count())}
","Physical Characteristics, attribute's value"
"PackagedProductDefinition.package.containedItem","PackagedProductDefinition.package.containedItem","","","",0,*,"","","Y","BackboneElement {[]} {[]}
","The item(s) within the packaging","The item(s) within the packaging.","","","","","","","","","",,,,,"",,,,"PackagedProductDefinition.package.containedItem",0,*,"","ele-1:All FHIR elements must have a @value or children {hasValue() or (children().count() > id.count())}
","Package Item (Container).Manufactured Item, Package Item (Container).Device"
"PackagedProductDefinition.package.containedItem.id","PackagedProductDefinition.package.containedItem.id","","","",0,1,"","","","id {[]} {[]}
","Unique id for inter-element referencing","Unique id for the element within a resource (for internal references). This may be any string value that does not contain spaces.","","","","","","","","","",,,,,"",,,,"Element.id",0,1,"","","n/a"
"PackagedProductDefinition.package.containedItem.extension","PackagedProductDefinition.package.containedItem.extension","","extensions
user content","",0,*,"","","","Extension {[]} {[]}
","Additional content defined by implementations","May be used to represent additional information that is not part of the basic definition of the element. To make the use of extensions safe and manageable, there is a strict set of governance  applied to the definition and use of extensions. Though any implementer can define an extension, there is a set of requirements that SHALL be met as part of the definition of the extension.","There can be no stigma associated with the use of extensions by any application, project, or standard - regardless of the institution or jurisdiction that uses or defines the extensions.  The use of extensions is what allows the FHIR specification to retain a core level of simplicity for everyone.","","","","","","","","",,,,,"",,,,"Element.extension",0,*,"","ele-1:All FHIR elements must have a @value or children {hasValue() or (children().count() > id.count())}
ext-1:Must have either extensions or value[x], not both {extension.exists() != value.exists()}","n/a"
"PackagedProductDefinition.package.containedItem.modifierExtension","PackagedProductDefinition.package.containedItem.modifierExtension","","extensions
user contentmodifiers","",0,*,"","Y","Y","Extension {[]} {[]}
","Extensions that cannot be ignored even if unrecognized","May be used to represent additional information that is not part of the basic definition of the element and that modifies the understanding of the element in which it is contained and/or the understanding of the containing element's descendants. Usually modifier elements provide negation or qualification. To make the use of extensions safe and manageable, there is a strict set of governance applied to the definition and use of extensions. Though any implementer can define an extension, there is a set of requirements that SHALL be met as part of the definition of the extension. Applications processing a resource are required to check for modifier extensions.

Modifier extensions SHALL NOT change the meaning of any elements on Resource or DomainResource (including cannot change the meaning of modifierExtension itself).","There can be no stigma associated with the use of extensions by any application, project, or standard - regardless of the institution or jurisdiction that uses or defines the extensions.  The use of extensions is what allows the FHIR specification to retain a core level of simplicity for everyone.","Modifier extensions allow for extensions that *cannot* be safely ignored to be clearly distinguished from the vast majority of extensions which can be safely ignored.  This promotes interoperability by eliminating the need for implementers to prohibit the presence of extensions. For further information, see the [definition of modifier extensions](http://build.fhir.org/extensibility.html#modifierExtension).","","","","","","","",,,,,"",,,,"BackboneElement.modifierExtension",0,*,"","ele-1:All FHIR elements must have a @value or children {hasValue() or (children().count() > id.count())}
ext-1:Must have either extensions or value[x], not both {extension.exists() != value.exists()}","N/A"
"PackagedProductDefinition.package.containedItem.item","PackagedProductDefinition.package.containedItem.item","","","",1,1,"","","Y","CodeableReference {[]} {[CanonicalType[http://hl7.org/fhir/uv/vulcan-epi/StructureDefinition/ManufacturedItemDefinition-uv-epi], CanonicalType[http://hl7.org/fhir/StructureDefinition/DeviceDefinition], CanonicalType[http://hl7.org/fhir/uv/vulcan-epi/StructureDefinition/PackagedProductDefinition-uv-epi], CanonicalType[http://hl7.org/fhir/StructureDefinition/BiologicallyDerivedProduct], CanonicalType[http://hl7.org/fhir/StructureDefinition/NutritionProduct]]}
","The actual item(s) of medication, as manufactured, or a device (typically, but not necessarily, a co-packaged one), or other medically related item (such as food, biologicals, raw materials, medical fluids, gases etc.), as contained in the package. This also allows another whole packaged product to be included, which is solely for the case where a package of other entire packages is wanted - such as a wholesale or distribution pack (for layers within one package, use PackagedProductDefinition.package.package)","The actual item(s) of medication, as manufactured, or a device (typically, but not necessarily, a co-packaged one), or other medically related item (such as food, biologicals, raw materials, medical fluids, gases etc.), as contained in the package. This also allows another whole packaged product to be included, which is solely for the case where a package of other entire packages is wanted - such as a wholesale or distribution pack (for layers within one package, use PackagedProductDefinition.package.package).","","","","","","","","","",,,,,"",,,,"PackagedProductDefinition.package.containedItem.item",1,1,"","ele-1:All FHIR elements must have a @value or children {hasValue() or (children().count() > id.count())}
","(the link to) Package Item (Container).Manufactured Item, Package Item (Container).Device"
"PackagedProductDefinition.package.containedItem.amount","PackagedProductDefinition.package.containedItem.amount","","","",0,1,"","","Y","Quantity {[]} {[]}
","The number of this type of item within this packaging","The number of this type of item within this packaging.","","","","","","","","","",,,,,"",,,,"PackagedProductDefinition.package.containedItem.amount",0,1,"","ele-1:All FHIR elements must have a @value or children {hasValue() or (children().count() > id.count())}
","Manufactured Item.Manufactured Item Quantity"
"PackagedProductDefinition.package.package","PackagedProductDefinition.package.package","","","",0,*,"","","Y","","Allows containers (and parts of containers) within containers, still a single packaged product.","Allows containers (and parts of containers) parwithin containers, still a single packaged product.  See also PackagedProductDefinition.package.containedItem.item(PackagedProductDefinition).","","","","","","","","","",,,,,"",,,,"PackagedProductDefinition.package.package",0,*,"","ele-1:All FHIR elements must have a @value or children {hasValue() or (children().count() > id.count())}
","(link from Package Item (Container) to itself)"
