{
  "resourceType" : "Bundle",
  "id" : "7f263c4c-8d7b-4763-946b-7f68b859ed30",
  "meta" : {
    "lastUpdated" : "2022-02-24T14:55:32.682+00:00"
  },
  "type" : "collection",
  "entry" : [{
    "fullUrl" : "http://hl7.eu/fhir/ig/gravitate-health/ValueSet/regulatedAuthIdSystems",
    "resource" : {
      "resourceType" : "ValueSet",
      "id" : "regulatedAuthIdSystems",
      "text" : {
        "status" : "generated",
        "div" : "<div xmlns=\"http://www.w3.org/1999/xhtml\"><p>This value set contains 1 concepts</p><p style=\"border: black 1px dotted; background-color: #EEEEEE; padding: 8px; margin-bottom: 8px\">Expansion based on urn:ietf:rfc:3986 version n/a</p><p>All codes in this table are from the system <code>urn:ietf:rfc:3986</code></p><table class=\"codes\"><tr><td style=\"white-space:nowrap\"><b>Code</b></td><td><b>Display</b></td></tr><tr><td style=\"white-space:nowrap\"><a name=\"urn-ietf-rfc-3986-https---spor.ema.europa.eu\"> </a>https://spor.ema.europa.eu</td><td>SPOR (EU)</td></tr></table></div>"
      },
      "url" : "http://hl7.eu/fhir/ig/gravitate-health/ValueSet/regulatedAuthIdSystems",
      "version" : "0.1.0",
      "name" : "VsRegulatedAuthIdSystems",
      "title" : "RegulatedAuthorization identifier systems",
      "status" : "active",
      "date" : "2022-02-24T14:55:32+00:00",
      "contact" : [{
        "name" : "Gravitate Health Project",
        "telecom" : [{
          "system" : "url",
          "value" : "https://www.gravitatehealth.eu/"
        }]
      }],
      "description" : "RegulatedAuthorization Identifier systems (uri)",
      "expansion" : {
        "identifier" : "urn:uuid:2ea50724-f7c9-418b-a033-104d34dd994e",
        "timestamp" : "2022-02-24T14:56:20+00:00",
        "total" : 1,
        "parameter" : [{
          "name" : "excludeNested",
          "valueBoolean" : false
        },
        {
          "name" : "limitedExpansion",
          "valueBoolean" : true
        },
        {
          "name" : "version",
          "valueUri" : "urn:ietf:rfc:3986|n/a"
        }],
        "contains" : [{
          "system" : "urn:ietf:rfc:3986",
          "code" : "https://spor.ema.europa.eu",
          "display" : "SPOR (EU)"
        }]
      }
    }
  }]
}