{
  "resourceType" : "Bundle",
  "id" : "dce84eef-0436-4e1e-9c87-49798075fc17",
  "meta" : {
    "lastUpdated" : "2022-07-04T19:18:20.290+00:00"
  },
  "type" : "collection",
  "entry" : [{
    "fullUrl" : "http://hl7.eu/fhir/ig/gravitate-health/ValueSet/admProductIdSystems",
    "resource" : {
      "resourceType" : "ValueSet",
      "id" : "admProductIdSystems",
      "text" : {
        "status" : "generated",
        "div" : "<div xmlns=\"http://www.w3.org/1999/xhtml\"><p>This value set contains 2 concepts</p><p style=\"border: black 1px dotted; background-color: #EEEEEE; padding: 8px; margin-bottom: 8px\">Expansion based on urn:ietf:rfc:3986 version n/a</p><p>All codes in this table are from the system <code>urn:ietf:rfc:3986</code></p><table class=\"codes\"><tr><td style=\"white-space:nowrap\"><b>Code</b></td><td><b>Display</b></td></tr><tr><td style=\"white-space:nowrap\"><a name=\"urn-ietf-rfc-3986-https---spor.ema.europa.eu-pmswi\"> </a>  https://spor.ema.europa.eu/pmswi</td><td>SPOR Product (EU)</td></tr><tr><td style=\"white-space:nowrap\"><a name=\"urn-ietf-rfc-3986-https---www.who-umc.org-phpid\"> </a>  https://www.who-umc.org/phpid</td><td>IDMP PhPID</td></tr></table></div>"
      },
      "url" : "http://hl7.eu/fhir/ig/gravitate-health/ValueSet/admProductIdSystems",
      "version" : "0.1.0",
      "name" : "VsAdmProductIdSystems",
      "title" : "AdministrableProductDefinition identifier systems",
      "status" : "active",
      "date" : "2022-07-04T19:18:20+00:00",
      "contact" : [{
        "name" : "Gravitate Health Project",
        "telecom" : [{
          "system" : "url",
          "value" : "https://www.gravitatehealth.eu/"
        }]
      }],
      "description" : "AdministrableProductDefinition Identifier systems (uri)",
      "expansion" : {
        "identifier" : "urn:uuid:1a4b8844-8536-4cfa-98bc-cd9e7794a565",
        "timestamp" : "2022-07-04T19:18:39+00:00",
        "total" : 2,
        "parameter" : [{
          "name" : "excludeNested",
          "valueBoolean" : false
        },
        {
          "name" : "limitedExpansion",
          "valueBoolean" : true
        },
        {
          "name" : "version",
          "valueUri" : "urn:ietf:rfc:3986|n/a"
        }],
        "contains" : [{
          "system" : "urn:ietf:rfc:3986",
          "code" : "https://spor.ema.europa.eu/pmswi",
          "display" : "SPOR Product (EU)"
        },
        {
          "system" : "urn:ietf:rfc:3986",
          "code" : "https://www.who-umc.org/phpid",
          "display" : "IDMP PhPID"
        }]
      }
    }
  },
  {
    "fullUrl" : "http://hl7.eu/fhir/ig/gravitate-health/ValueSet/regulatedAuthIdSystems",
    "resource" : {
      "resourceType" : "ValueSet",
      "id" : "regulatedAuthIdSystems",
      "text" : {
        "status" : "generated",
        "div" : "<div xmlns=\"http://www.w3.org/1999/xhtml\"><p>This value set contains 1 concepts</p><p style=\"border: black 1px dotted; background-color: #EEEEEE; padding: 8px; margin-bottom: 8px\">Expansion based on urn:ietf:rfc:3986 version n/a</p><p>All codes in this table are from the system <code>urn:ietf:rfc:3986</code></p><table class=\"codes\"><tr><td style=\"white-space:nowrap\"><b>Code</b></td><td><b>Display</b></td></tr><tr><td style=\"white-space:nowrap\"><a name=\"urn-ietf-rfc-3986-https---spor.ema.europa.eu-pmswi\"> </a>  https://spor.ema.europa.eu/pmswi</td><td>SPOR Product (EU)</td></tr></table></div>"
      },
      "url" : "http://hl7.eu/fhir/ig/gravitate-health/ValueSet/regulatedAuthIdSystems",
      "version" : "0.1.0",
      "name" : "VsRegulatedAuthIdSystems",
      "title" : "RegulatedAuthorization identifier systems",
      "status" : "active",
      "date" : "2022-07-04T19:18:20+00:00",
      "contact" : [{
        "name" : "Gravitate Health Project",
        "telecom" : [{
          "system" : "url",
          "value" : "https://www.gravitatehealth.eu/"
        }]
      }],
      "description" : "RegulatedAuthorization Identifier systems (uri)",
      "expansion" : {
        "identifier" : "urn:uuid:d4632599-1b4d-409a-81bd-1e8289306f3c",
        "timestamp" : "2022-07-04T19:18:45+00:00",
        "total" : 1,
        "parameter" : [{
          "name" : "excludeNested",
          "valueBoolean" : false
        },
        {
          "name" : "limitedExpansion",
          "valueBoolean" : true
        },
        {
          "name" : "version",
          "valueUri" : "urn:ietf:rfc:3986|n/a"
        }],
        "contains" : [{
          "system" : "urn:ietf:rfc:3986",
          "code" : "https://spor.ema.europa.eu/pmswi",
          "display" : "SPOR Product (EU)"
        }]
      }
    }
  },
  {
    "fullUrl" : "http://hl7.eu/fhir/ig/gravitate-health/ValueSet/manufacturedItemIdSystems",
    "resource" : {
      "resourceType" : "ValueSet",
      "id" : "manufacturedItemIdSystems",
      "text" : {
        "status" : "generated",
        "div" : "<div xmlns=\"http://www.w3.org/1999/xhtml\"><p>This value set contains 1 concepts</p><p style=\"border: black 1px dotted; background-color: #EEEEEE; padding: 8px; margin-bottom: 8px\">Expansion based on urn:ietf:rfc:3986 version n/a</p><p>All codes in this table are from the system <code>urn:ietf:rfc:3986</code></p><table class=\"codes\"><tr><td style=\"white-space:nowrap\"><b>Code</b></td><td><b>Display</b></td></tr><tr><td style=\"white-space:nowrap\"><a name=\"urn-ietf-rfc-3986-https---spor.ema.europa.eu-pmswi\"> </a>  https://spor.ema.europa.eu/pmswi</td><td>SPOR Product (EU)</td></tr></table></div>"
      },
      "url" : "http://hl7.eu/fhir/ig/gravitate-health/ValueSet/manufacturedItemIdSystems",
      "version" : "0.1.0",
      "name" : "VsManufacturedItemIdSystems",
      "title" : "ManufacturedItemDefinition identifier systems",
      "status" : "active",
      "date" : "2022-07-04T19:18:20+00:00",
      "contact" : [{
        "name" : "Gravitate Health Project",
        "telecom" : [{
          "system" : "url",
          "value" : "https://www.gravitatehealth.eu/"
        }]
      }],
      "description" : "ManufacturedItemDefinition Identifier systems (uri)",
      "expansion" : {
        "identifier" : "urn:uuid:a25fa879-d53c-477e-955f-13731c0346ae",
        "timestamp" : "2022-07-04T19:18:45+00:00",
        "total" : 1,
        "parameter" : [{
          "name" : "excludeNested",
          "valueBoolean" : false
        },
        {
          "name" : "limitedExpansion",
          "valueBoolean" : true
        },
        {
          "name" : "version",
          "valueUri" : "urn:ietf:rfc:3986|n/a"
        }],
        "contains" : [{
          "system" : "urn:ietf:rfc:3986",
          "code" : "https://spor.ema.europa.eu/pmswi",
          "display" : "SPOR Product (EU)"
        }]
      }
    }
  },
  {
    "fullUrl" : "http://hl7.eu/fhir/ig/gravitate-health/ValueSet/organizationIdSystems",
    "resource" : {
      "resourceType" : "ValueSet",
      "id" : "organizationIdSystems",
      "text" : {
        "status" : "generated",
        "div" : "<div xmlns=\"http://www.w3.org/1999/xhtml\"><p>This value set contains 1 concepts</p><p style=\"border: black 1px dotted; background-color: #EEEEEE; padding: 8px; margin-bottom: 8px\">Expansion based on urn:ietf:rfc:3986 version n/a</p><p>All codes in this table are from the system <code>urn:ietf:rfc:3986</code></p><table class=\"codes\"><tr><td style=\"white-space:nowrap\"><b>Code</b></td><td><b>Display</b></td></tr><tr><td style=\"white-space:nowrap\"><a name=\"urn-ietf-rfc-3986-https---spor.ema.europa.eu-omswi\"> </a>  https://spor.ema.europa.eu/omswi</td><td>SPOR Organization (EU)</td></tr></table></div>"
      },
      "url" : "http://hl7.eu/fhir/ig/gravitate-health/ValueSet/organizationIdSystems",
      "version" : "0.1.0",
      "name" : "VsOrganizationIdSystems",
      "title" : "Organization identifier systems",
      "status" : "active",
      "date" : "2022-07-04T19:18:20+00:00",
      "contact" : [{
        "name" : "Gravitate Health Project",
        "telecom" : [{
          "system" : "url",
          "value" : "https://www.gravitatehealth.eu/"
        }]
      }],
      "description" : "Organization Identifier systems (uri)",
      "expansion" : {
        "identifier" : "urn:uuid:a79345cc-20f4-40ae-b2f8-72d7a4f0fc75",
        "timestamp" : "2022-07-04T19:18:52+00:00",
        "total" : 1,
        "parameter" : [{
          "name" : "excludeNested",
          "valueBoolean" : false
        },
        {
          "name" : "limitedExpansion",
          "valueBoolean" : true
        },
        {
          "name" : "version",
          "valueUri" : "urn:ietf:rfc:3986|n/a"
        }],
        "contains" : [{
          "system" : "urn:ietf:rfc:3986",
          "code" : "https://spor.ema.europa.eu/omswi",
          "display" : "SPOR Organization (EU)"
        }]
      }
    }
  },
  {
    "fullUrl" : "http://hl7.eu/fhir/ig/gravitate-health/ValueSet/epiType",
    "resource" : {
      "resourceType" : "ValueSet",
      "id" : "epiType",
      "text" : {
        "status" : "generated",
        "div" : "<div xmlns=\"http://www.w3.org/1999/xhtml\"><p>This value set contains 3 concepts</p><div style=\"border: black 1px dotted; background-color: #EEEEEE; padding: 8px; margin-bottom: 8px\"><p>Expansion based on: </p><ul><li><a href=\"CodeSystem-CodeSystemUvEPIRrmswi.html\">Referentials Management Services CodeSystem v0.1.0 (CodeSystem)</a></li><li>Loinc v2.72</li></ul></div><table class=\"codes\"><tr><td style=\"white-space:nowrap\"><b>Code</b></td><td><b>System</b></td><td><b>Display</b></td></tr><tr><td style=\"white-space:nowrap\"><a name=\"https---spor.ema.europa.eu-rmswi-100000155538\"> </a>  <a href=\"CodeSystem-CodeSystemUvEPIRrmswi.html#CodeSystemUvEPIRrmswi-100000155538\">100000155538</a></td><td>https://spor.ema.europa.eu/rmswi</td><td>Package Leaflet</td></tr><tr><td style=\"white-space:nowrap\"><a name=\"http---loinc.org-34390-5\"> </a>  <a href=\"http://details.loinc.org/LOINC/34390-5.html\">34390-5</a></td><td>http://loinc.org</td><td>HUMAN OTC DRUG LABEL</td></tr><tr><td style=\"white-space:nowrap\"><a name=\"http---loinc.org-34391-3\"> </a>  <a href=\"http://details.loinc.org/LOINC/34391-3.html\">34391-3</a></td><td>http://loinc.org</td><td>HUMAN PRESCRIPTION DRUG LABEL</td></tr></table></div>"
      },
      "url" : "http://hl7.eu/fhir/ig/gravitate-health/ValueSet/epiType",
      "version" : "0.1.0",
      "name" : "VsEpiType",
      "title" : "ePI document types",
      "status" : "active",
      "date" : "2022-07-04T19:18:20+00:00",
      "contact" : [{
        "name" : "Gravitate Health Project",
        "telecom" : [{
          "system" : "url",
          "value" : "https://www.gravitatehealth.eu/"
        }]
      }],
      "description" : "ePI document types",
      "expansion" : {
        "identifier" : "urn:uuid:4cf8f239-257a-46c0-ac27-f389decfbd37",
        "timestamp" : "2022-07-04T19:18:52+00:00",
        "total" : 3,
        "parameter" : [{
          "name" : "excludeNested",
          "valueBoolean" : false
        },
        {
          "name" : "version",
          "valueUri" : "https://spor.ema.europa.eu/rmswi|0.1.0"
        },
        {
          "name" : "limitedExpansion",
          "valueBoolean" : true
        },
        {
          "name" : "excludeNested",
          "valueBoolean" : true
        },
        {
          "name" : "version",
          "valueUri" : "http://loinc.org|2.72"
        }],
        "contains" : [{
          "system" : "https://spor.ema.europa.eu/rmswi",
          "code" : "100000155538",
          "display" : "Package Leaflet"
        },
        {
          "system" : "http://loinc.org",
          "code" : "34390-5",
          "display" : "HUMAN OTC DRUG LABEL"
        },
        {
          "system" : "http://loinc.org",
          "code" : "34391-3",
          "display" : "HUMAN PRESCRIPTION DRUG LABEL"
        }]
      }
    }
  },
  {
    "fullUrl" : "http://hl7.eu/fhir/ig/gravitate-health/ValueSet/packagedProductIdSystems",
    "resource" : {
      "resourceType" : "ValueSet",
      "id" : "packagedProductIdSystems",
      "text" : {
        "status" : "generated",
        "div" : "<div xmlns=\"http://www.w3.org/1999/xhtml\"><p>This value set contains 1 concepts</p><p style=\"border: black 1px dotted; background-color: #EEEEEE; padding: 8px; margin-bottom: 8px\">Expansion based on urn:ietf:rfc:3986 version n/a</p><p>All codes in this table are from the system <code>urn:ietf:rfc:3986</code></p><table class=\"codes\"><tr><td style=\"white-space:nowrap\"><b>Code</b></td><td><b>Display</b></td></tr><tr><td style=\"white-space:nowrap\"><a name=\"urn-ietf-rfc-3986-https---spor.ema.europa.eu-pmswi\"> </a>  https://spor.ema.europa.eu/pmswi</td><td>SPOR Product (EU)</td></tr></table></div>"
      },
      "url" : "http://hl7.eu/fhir/ig/gravitate-health/ValueSet/packagedProductIdSystems",
      "version" : "0.1.0",
      "name" : "VsPackagedProductIdSystems",
      "title" : "PackagedProductDefinition identifier systems",
      "status" : "active",
      "date" : "2022-07-04T19:18:20+00:00",
      "contact" : [{
        "name" : "Gravitate Health Project",
        "telecom" : [{
          "system" : "url",
          "value" : "https://www.gravitatehealth.eu/"
        }]
      }],
      "description" : "PackagedProductDefinition Identifier systems (uri)",
      "expansion" : {
        "identifier" : "urn:uuid:595d3bf8-627d-4f29-8181-152d3d2b5bf9",
        "timestamp" : "2022-07-04T19:18:52+00:00",
        "total" : 1,
        "parameter" : [{
          "name" : "excludeNested",
          "valueBoolean" : false
        },
        {
          "name" : "limitedExpansion",
          "valueBoolean" : true
        },
        {
          "name" : "version",
          "valueUri" : "urn:ietf:rfc:3986|n/a"
        }],
        "contains" : [{
          "system" : "urn:ietf:rfc:3986",
          "code" : "https://spor.ema.europa.eu/pmswi",
          "display" : "SPOR Product (EU)"
        }]
      }
    }
  },
  {
    "fullUrl" : "http://hl7.eu/fhir/ig/gravitate-health/ValueSet/medProductIdSystems",
    "resource" : {
      "resourceType" : "ValueSet",
      "id" : "medProductIdSystems",
      "text" : {
        "status" : "generated",
        "div" : "<div xmlns=\"http://www.w3.org/1999/xhtml\"><p>This value set contains 1 concepts</p><p style=\"border: black 1px dotted; background-color: #EEEEEE; padding: 8px; margin-bottom: 8px\">Expansion based on urn:ietf:rfc:3986 version n/a</p><p>All codes in this table are from the system <code>urn:ietf:rfc:3986</code></p><table class=\"codes\"><tr><td style=\"white-space:nowrap\"><b>Code</b></td><td><b>Display</b></td></tr><tr><td style=\"white-space:nowrap\"><a name=\"urn-ietf-rfc-3986-https---spor.ema.europa.eu-pmswi\"> </a>  https://spor.ema.europa.eu/pmswi</td><td>SPOR Product (EU)</td></tr></table></div>"
      },
      "url" : "http://hl7.eu/fhir/ig/gravitate-health/ValueSet/medProductIdSystems",
      "version" : "0.1.0",
      "name" : "VsMedProductIdSystems",
      "title" : "MedicinalProductDefinition identifier systems",
      "status" : "active",
      "date" : "2022-07-04T19:18:20+00:00",
      "contact" : [{
        "name" : "Gravitate Health Project",
        "telecom" : [{
          "system" : "url",
          "value" : "https://www.gravitatehealth.eu/"
        }]
      }],
      "description" : "MedicinalProductDefinition Identifier systems (uri)",
      "expansion" : {
        "identifier" : "urn:uuid:e1b0fa46-28ec-4b93-ad03-5e05daa391f0",
        "timestamp" : "2022-07-04T19:18:55+00:00",
        "total" : 1,
        "parameter" : [{
          "name" : "excludeNested",
          "valueBoolean" : false
        },
        {
          "name" : "limitedExpansion",
          "valueBoolean" : true
        },
        {
          "name" : "version",
          "valueUri" : "urn:ietf:rfc:3986|n/a"
        }],
        "contains" : [{
          "system" : "urn:ietf:rfc:3986",
          "code" : "https://spor.ema.europa.eu/pmswi",
          "display" : "SPOR Product (EU)"
        }]
      }
    }
  }]
}