<?xml version="1.0" encoding="UTF-8"?>

<Bundle xmlns="http://hl7.org/fhir">
  <id value="ibranceusppibundleEnglish"/>
  <identifier>
    <system value="urn:ietf:rfc:3986"/>
    <value value="urn:uuid:d139b471-6c01-45d3-a566-01dcb505c149"/>
  </identifier>
  <type value="document"/>
  <timestamp value="2002-12-02T00:00:00Z"/>
  <entry>
    <resource>
      <Composition>
        <id value="IbrancePPICompositionEnglish"/>
        <meta>
          <profile value="http://hl7.eu/fhir/ig/gravitate-health/StructureDefinition/Composition-uv-epi"/>
        </meta>
        <language value="en"/>
        <text>
          <status value="generated"/><div xmlns="http://www.w3.org/1999/xhtml" xml:lang="en" lang="en"><p><b>Generated Narrative</b></p><div style="display: inline-block; background-color: #d9e0e7; padding: 6px; margin: 4px; border: 1px solid #8da1b4; border-radius: 5px; line-height: 60%"><p style="margin-bottom: 0px">Resource "IbrancePPICompositionEnglish"  (Language "en") </p><p style="margin-bottom: 0px">Profile: <a href="StructureDefinition-Composition-uv-epi.html">Composition (ePI)</a></p></div><p><b>status</b>: final</p><p><b>type</b>: SPL PATIENT PACKAGE INSERT SECTION <span style="background: LightGoldenRodYellow; margin: 4px; border: 1px solid khaki"> (<a href="https://loinc.org/">LOINC</a>#42230-3)</span></p><p><b>date</b>: 2002-08-01 01:28:17+0000</p><p><b>author</b>: <a href="#Organization_PfizerLaboratoriesDivPfizerInc">See above (Organization/PfizerLaboratoriesDivPfizerInc)</a></p><p><b>title</b>: TEST PURPOSES ONLY - Aromasin (exemestane) Tablets 25 mg tablets</p><p><b>confidentiality</b>: U</p><h3>Attesters</h3><table class="grid"><tr><td>-</td><td><b>Mode</b></td><td><b>Time</b></td></tr><tr><td>*</td><td>Official <span style="background: LightGoldenRodYellow; margin: 4px; border: 1px solid khaki"> (<a href="http://build.fhir.org/codesystem-composition-attestation-mode.html">CompositionAttestationMode</a>#official)</span></td><td>2020-12-02 12:00:00+0000</td></tr></table></div>
        </text>
        <status value="final"/>
        <type>
          <coding>
            <system value="http://loinc.org"/>
            <code value="42230-3"/>
          </coding>
          <text value="SPL PATIENT PACKAGE INSERT SECTION"/>
        </type>
        <subject>
          <reference value="RegulatedAuthorization/ibrancetabletsauth"/>
        </subject>
        <date value="2002-08-01T13:28:17Z"/>
        <author>
          <reference value="Organization/PfizerLaboratoriesDivPfizerInc"/>
        </author>
        <title value="TEST PURPOSES ONLY - Aromasin (exemestane) Tablets 25 mg tablets"/>
        <confidentiality value="U"/>
        <attester>
          <mode>
            <coding>
              <system value="http://hl7.org/fhir/composition-attestation-mode"/>
              <code value="official"/>
            </coding>
          </mode>
          <time value="2020-12-02T00:00:00.000Z"/>
        </attester>
        <section id="560f9fe6-7134-4542-90bd-dd2224024a77">
          <title value="PATIENT PACKAGE INSERT SECTION"/>
          <code>
            <coding>
              <system value="http://loinc.org"/>
              <code value="42230-3"/>
            </coding>
            <text value="SPL PATIENT PACKAGE INSERT SECTION"/>
          </code>
          <text>
            <status value="additional"/><div xmlns="http://www.w3.org/1999/xhtml"><p>PATIENT INFORMATION</p><p>IBRANCE<sup>®</sup>(EYE-brans)</p><p>(palbociclib)</p><p>Tablets</p></div>
          </text>
          <section id="b30ca09b-538c-438b-9362-b3bb06fe721e">
            <title value="What is the most important information I should know about IBRANCE?"/>
            <code>
              <coding>
                <system value="http://loinc.org"/>
                <code value="42229-5"/>
              </coding>
              <text value="SPL UNCLASSIFIED SECTION"/>
            </code>
            <text>
              <status value="additional"/><div xmlns="http://www.w3.org/1999/xhtml"><p>IBRANCE may cause serious side effects, including:</p><p>Low white blood cell counts (neutropenia). Low white blood cell counts are very common when taking IBRANCE and may cause serious infections that can lead to death. Your healthcare provider should check your white blood cell counts before and during treatment.</p><p>If you develop low white blood cell counts during treatment with IBRANCE, your healthcare provider may stop your treatment, decrease your dose, or may tell you to wait to begin your treatment cycle. Tell your healthcare provider right away if you have signs and symptoms of low white blood cell counts or infections such as fever and chills.</p><p>Lung problems (pneumonitis). IBRANCE may cause severe or life-threatening inflammation of the lungs during treatment that can lead to death. Tell your healthcare provider right away if you have any new or worsening symptoms, including:</p><ul><li>chest pain</li><li>cough with or without mucus</li><li>trouble breathing or shortness of breath</li></ul><p>Your healthcare provider may interrupt or stop treatment with IBRANCE completely if your symptoms are severe.</p><p>See <a href="#link1"><b>WHAT ARE THE POSSIBLE SIDE EFFECTS OF IBRANCE?</b></a> for more information about side effects.</p></div>
            </text>
          </section>
          <section id="3e315c68-9ff3-474f-859b-0eef8ea68f3e">
            <title value="What is IBRANCE?"/>
            <code>
              <coding>
                <system value="http://loinc.org"/>
                <code value="42229-5"/>
              </coding>
              <text value="SPL UNCLASSIFIED SECTION"/>
            </code>
            <text>
              <status value="additional"/><div xmlns="http://www.w3.org/1999/xhtml"><p>IBRANCE is a prescription medicine used in adults to treat hormone receptor (HR)-positive, human epidermal growth factor receptor 2 (HER2)-negative breast cancer that has spread to other parts of the body (metastatic) in combination with:</p><ul><li>an aromatase inhibitor as the first hormonal based therapy in postmenopausal women or in men, or</li><li>fulvestrant in people with disease progression following hormonal therapy.</li></ul><p>It is not known if IBRANCE is safe and effective in children.</p></div>
            </text>
          </section>
          <section id="d482615f-f669-4668-8402-e99d8a66b7a4">
            <title value="Before taking IBRANCE, tell your healthcare provider about all of your medical conditions, including if you:"/>
            <code>
              <coding>
                <system value="http://loinc.org"/>
                <code value="42229-5"/>
              </coding>
              <text value="SPL UNCLASSIFIED SECTION"/>
            </code>
            <text>
              <status value="additional"/><div xmlns="http://www.w3.org/1999/xhtml"><ul><li>have fever, chills, or any other signs or symptoms of infection.</li><li>have liver or kidney problems.</li><li>are pregnant, or plan to become pregnant. IBRANCE can harm your unborn baby.</li><ul><li>Females who are able to become pregnant should use effective birth control during treatment and for at least 3 weeks after the last dose of IBRANCE. Your healthcare provider may ask you to take a pregnancy test before you start treatment with IBRANCE.</li><li>Males with female partners who can become pregnant should use effective birth control during treatment with IBRANCE for at least 3 months after the last dose of IBRANCE.</li><li>Talk to your healthcare provider about birth control methods that may be right for you during this time.</li><li>If you become pregnant or think you are pregnant, tell your healthcare provider right away.</li></ul><li>are breastfeeding or plan to breastfeed. It is not known if IBRANCE passes into your breast milk. Do not breastfeed during treatment with IBRANCE and for 3 weeks after the last dose.</li></ul><p><b>Tell your healthcare provider about all of the medicines you take, including </b>prescription and over-the-counter medicines, vitamins, and herbal supplements. IBRANCE and other medicines may affect each other causing side effects.</p></div>
            </text>
          </section>
          <section id="bcef6dcc-92f6-4d4c-b81e-da747b966288">
            <title value="How should I take IBRANCE?"/>
            <code>
              <coding>
                <system value="http://loinc.org"/>
                <code value="42229-5"/>
              </coding>
              <text value="SPL UNCLASSIFIED SECTION"/>
            </code>
            <text>
              <status value="additional"/><div xmlns="http://www.w3.org/1999/xhtml"><ul><li>Take IBRANCE exactly as your healthcare provider tells you.</li><li>IBRANCE tablets may be taken with or without food.</li><li>IBRANCE should be taken at about the same time each day.</li><li>Swallow IBRANCE tablets whole. Do not chew, crush or split IBRANCE tablets before swallowing them.</li><li>Do not take any IBRANCE tablets that are broken, cracked, or that look damaged.</li><li>Avoid grapefruit and grapefruit products during treatment with IBRANCE. Grapefruit may increase the amount of IBRANCE in your blood.</li><li>Do not change your dose or stop taking IBRANCE unless your healthcare provider tells you.</li><li>If you miss a dose of IBRANCE or vomit after taking a dose of IBRANCE, do not take another dose on that day. Take your next dose at your regular time.</li><li>If you take too much IBRANCE, call your healthcare provider right away or go to the nearest hospital emergency room.</li></ul></div>
            </text>
          </section>
          <section id="5830ab77-7a1b-4aa2-b985-6be1a4829ffe">
            <title value="What are the possible side effects of IBRANCE?"/>
            <code>
              <coding>
                <system value="http://loinc.org"/>
                <code value="42229-5"/>
              </coding>
              <text value="SPL UNCLASSIFIED SECTION"/>
            </code>
            <text>
              <status value="additional"/><div xmlns="http://www.w3.org/1999/xhtml"><a name="link1"/><p>IBRANCE may cause serious side effects. See <a href="#b30ca09b-538c-438b-9362-b3bb06fe721e"><b>WHAT IS THE MOST IMPORTANT INFORMATION I SHOULD KNOW ABOUT IBRANCE?</b></a></p><p>The most common side effects of IBRANCE when used with either letrozole or fulvestrant include:</p><ul><li>Low red blood cell counts and low platelet counts are common with IBRANCE. Call your healthcare provider right away if you develop any of these symptoms during treatment:</li></ul><table><tr><td><ul><li>dizziness</li><li>shortness of breath</li><li>weakness</li></ul></td><td><ul><li>bleeding or bruising more easily</li><li>nosebleeds</li></ul></td></tr><tr><td><ul><li>infections (see "<a href="#b30ca09b-538c-438b-9362-b3bb06fe721e"><b>What is the most important information I should know about IBRANCE?</b></a>")</li><li>tiredness</li><li>nausea</li><li>sore mouth</li><li>abnormalities in liver blood tests</li></ul></td><td><ul><li>diarrhea</li><li>hair thinning or hair loss</li><li>vomiting</li><li>rash</li><li>loss of appetite</li></ul></td></tr></table><p>IBRANCE may cause fertility problems in males. This may affect your ability to father a child. Talk to your healthcare provider about family planning options before starting IBRANCE if this is a concern for you.</p><p>These are not all of the possible side effects of IBRANCE.</p><p>Call your doctor for medical advice about side effects. You may report side effects to FDA at 1-800-FDA-1088.</p></div>
            </text>
          </section>
          <section id="4246721d-42b3-4414-a8a8-7522e9596dbe">
            <title value="How should I store IBRANCE?"/>
            <code>
              <coding>
                <system value="http://loinc.org"/>
                <code value="42229-5"/>
              </coding>
              <text value="SPL UNCLASSIFIED SECTION"/>
            </code>
            <text>
              <status value="additional"/><div xmlns="http://www.w3.org/1999/xhtml"><p>Store IBRANCE at 68 °F to 77 °F (20 °C to 25 °C) in the original blister pack.</p><p><b>Keep IBRANCE and all medicines out of the reach of children.</b></p></div>
            </text>
          </section>
          <section id="7a518f83-ab14-4eac-9e10-bf88044e9d9f">
            <title value="General information about the safe and effective use of IBRANCE"/>
            <code>
              <coding>
                <system value="http://loinc.org"/>
                <code value="42229-5"/>
              </coding>
              <text value="SPL UNCLASSIFIED SECTION"/>
            </code>
            <text>
              <status value="additional"/><div xmlns="http://www.w3.org/1999/xhtml"><p>Medicines are sometimes prescribed for purposes other than those listed in a Patient Information leaflet. Do not use IBRANCE for a condition for which it was not prescribed. Do not give IBRANCE to other people, even if they have the same symptoms you have. It may harm them. You can ask your pharmacist or healthcare provider for more information about IBRANCE that is written for health professionals.</p></div>
            </text>
          </section>
          <section id="f716ada5-4dd2-4f73-b411-ece8ba363e4a">
            <title value="What are the ingredients in IBRANCE?"/>
            <code>
              <coding>
                <system value="http://loinc.org"/>
                <code value="42229-5"/>
              </coding>
              <text value="SPL UNCLASSIFIED SECTION"/>
            </code>
            <text>
              <status value="additional"/><div xmlns="http://www.w3.org/1999/xhtml"><p>Active ingredient: palbociclib</p><p>Inactive ingredients: microcrystalline cellulose, colloidal silicon dioxide, crospovidone, magnesium stearate, succinic acid, HPMC 2910/hypromellose, titanium dioxide, triacetin, and FD&amp;C Blue #2/Indigo Carmine Aluminum Lake. In addition, the 75 mg and 125 mg tablets contain red iron oxide and the 100 mg tablets contain yellow iron oxide.</p></div>
            </text>
          </section>
          <section id="b76074f4-699d-49b1-8e4f-79ecee43879c">
            <title value="Manufacturer"/>
            <code>
              <coding>
                <system value="http://loinc.org"/>
                <code value="42229-5"/>
              </coding>
              <text value="SPL UNCLASSIFIED SECTION"/>
            </code>
            <text>
              <status value="additional"/><div xmlns="http://www.w3.org/1999/xhtml"><p><img src="PfizerLabsLogo"/></p><p>LAB-1372-1.0</p><p>For more information, go to www.IBRANCE.com or call 1-800-438-1985.</p><p>This Patient Information has been approved by the U.S. Food and Drug Administration.</p><p>Revised: November 2019</p></div>
            </text>
          </section>
        </section>
      </Composition>
    </resource>
  </entry>
  <entry>
    <resource>
      <Organization>
        <id value="PfizerLaboratoriesDivPfizerInc"/>
        <text>
          <status value="generated"/><div xmlns="http://www.w3.org/1999/xhtml"><p><b>Generated Narrative</b></p><div style="display: inline-block; background-color: #d9e0e7; padding: 6px; margin: 4px; border: 1px solid #8da1b4; border-radius: 5px; line-height: 60%"><p style="margin-bottom: 0px">Resource "PfizerLaboratoriesDivPfizerInc" </p></div><p><b>identifier</b>: id: ?ngen-9? (OFFICIAL)</p><p><b>active</b>: true</p><p><b>type</b>: Manufacturer <span style="background: LightGoldenRodYellow; margin: 4px; border: 1px solid khaki"> (#tbd "Marketing authorisation holder")</span></p><p><b>name</b>: Pfizer, Inc.</p><p><b>telecom</b>: ph: -unknown-(WORK), fax: -unknown-(WORK)</p><p><b>address</b>:  (WORK)</p></div>
        </text>
        <identifier>
          <use value="official"/>
          <system value=""/>
          <value value=""/>
        </identifier>
        <active value="true"/>
        <type>
          <coding>
            <system value="https://PMDA-org-type.jp/"/>
            <code value="tbd"/>
            <display value="Marketing authorisation holder"/>
          </coding>
          <text value="Manufacturer"/>
        </type>
        <name value="Pfizer, Inc."/>
        <telecom>
          <system value="phone"/>
          <value value=""/>
          <use value="work"/>
        </telecom>
        <telecom>
          <system value="fax"/>
          <value value=""/>
          <use value="work"/>
        </telecom>
        <address>
          <use value="work"/>
          <type value="physical"/>
          <text value=""/>
          <line value=""/>
          <city value=""/>
          <country value=""/>
        </address>
      </Organization>
    </resource>
  </entry>
  <entry>
    <resource>
      <RegulatedAuthorization>
        <id value="ibrancetabletsauth"/>
        <meta>
          <profile value="http://hl7.eu/fhir/ig/gravitate-health/StructureDefinition/RegulatedAuthorization-uv-epi"/>
        </meta>
        <text>
          <status value="generated"/><div xmlns="http://www.w3.org/1999/xhtml"><p><b>Generated Narrative</b></p><div style="display: inline-block; background-color: #d9e0e7; padding: 6px; margin: 4px; border: 1px solid #8da1b4; border-radius: 5px; line-height: 60%"><p style="margin-bottom: 0px">Resource "ibrancetabletsauth" </p><p style="margin-bottom: 0px">Profile: <a href="StructureDefinition-RegulatedAuthorization-uv-epi.html">RegulatedAuthorization (ePI)</a></p></div><p><b>identifier</b>: id: NDA212436 (OFFICIAL)</p><p><b>type</b>: Marketing Authorisation <span style="background: LightGoldenRodYellow; margin: 4px; border: 1px solid khaki"> (Thesaurus.owl#C73594)</span></p><p><b>region</b>: United States <span style="background: LightGoldenRodYellow; margin: 4px; border: 1px solid khaki"> (unknown#us)</span></p><p><b>status</b>: Active <span style="background: LightGoldenRodYellow; margin: 4px; border: 1px solid khaki"> (<a href="http://build.fhir.org/codesystem-publication-status.html">PublicationStatus</a>#active)</span></p><p><b>statusDate</b>: 2002-03-30 01:28:17+0000</p><p><b>holder</b>: <a href="#Organization_PfizerLaboratoriesDivPfizerInc">See above (Organization/PfizerLaboratoriesDivPfizerInc)</a></p></div>
        </text>
        <identifier>
          <use value="official"/>
          <system value="urn:oid:2.16.840.1.113883.3.150"/>
          <value value="NDA212436"/>
        </identifier>
        <type>
          <coding>
            <system value="http://ncicb.nci.nih.gov/xml/owl/EVS/Thesaurus.owl"/>
            <code value="C73594"/>
          </coding>
          <text value="Marketing Authorisation"/>
        </type>
        <region>
          <coding>
            <system value="urn:iso:std:iso:3166"/>
            <code value="us"/>
          </coding>
          <text value="United States"/>
        </region>
        <status>
          <coding>
            <system value="http://hl7.org/fhir/publication-status"/>
            <code value="active"/>
          </coding>
          <text value="Active"/>
        </status>
        <statusDate value="2002-03-30T13:28:17Z"/>
        <holder>
          <reference value="Organization/PfizerLaboratoriesDivPfizerInc"/>
        </holder>
      </RegulatedAuthorization>
    </resource>
  </entry>
</Bundle>