<?xml version="1.0" encoding="UTF-8"?>

<ClinicalUseDefinition xmlns="http://hl7.org/fhir">
  <id value="cfsb9751995969937"/>
  <text>
    <status value="generated"/><div xmlns="http://www.w3.org/1999/xhtml"><p><b>Generated Narrative</b></p><div style="display: inline-block; background-color: #d9e0e7; padding: 6px; margin: 4px; border: 1px solid #8da1b4; border-radius: 5px; line-height: 60%"><p style="margin-bottom: 0px">Resource "cfsb9751995969937" </p></div><p><b>identifier</b>: id: Y9449Q51XH (OFFICIAL)</p><p><b>type</b>: interaction</p><p><b>subject</b>: </p><ul><li><a href="MedicinalProductDefinition-cfsb1151803027115.html">MedicinalProductDefinition/cfsb1151803027115</a></li><li><a href="MedicinalProductDefinition-cfsb7123030148537.html">MedicinalProductDefinition/cfsb7123030148537</a></li></ul><blockquote><p><b>interaction</b></p><h3>Interactants</h3><table class="grid"><tr><td>-</td><td><b>Item[x]</b></td></tr><tr><td>*</td><td>Y9449Q51XH <span style="background: LightGoldenRodYellow; margin: 4px; border: 1px solid khaki"> (#Y9449Q51XH)</span></td></tr></table></blockquote></div>
  </text>
  <identifier>
    <use value="official"/>
    <system value="https://gsrs.ncats.nih.gov/ginas/app/beta/"/>
    <value value="Y9449Q51XH"/>
  </identifier>
  <type value="interaction"/>
  <subject>
    <reference value="MedicinalProductDefinition/cfsb1151803027115"/>
  </subject>
  <subject>
    <reference value="MedicinalProductDefinition/cfsb7123030148537"/>
  </subject>
  <interaction>
    <interactant>
      <itemCodeableConcept>
        <coding>
          <system value="https://gsrs.ncats.nih.gov/ginas/app/beta/"/>
          <code value="Y9449Q51XH"/>
        </coding>
        <text value="Y9449Q51XH"/>
      </itemCodeableConcept>
    </interactant>
  </interaction>
</ClinicalUseDefinition>