<?xml version="1.0" encoding="UTF-8"?>

<ImplementationGuide xmlns="http://hl7.org/fhir">
  <id value="hl7.eu.fhir.gh"/>
  <text>
    <status value="extensions"/><div xmlns="http://www.w3.org/1999/xhtml"><h2>GhImplementationGuide</h2><p>The official URL for this implementation guide is: </p><pre>http://hl7.eu/fhir/ig/gravitate-health/ImplementationGuide/hl7.eu.fhir.gh</pre><div><p>Gravitate Health is an EU project aiming to empower and equip Europeans with health information for active personal health management and adherence to treatment.</p>
</div></div>
  </text>
  <url value="http://hl7.eu/fhir/ig/gravitate-health/ImplementationGuide/hl7.eu.fhir.gh"/>
  <version value="0.1.0"/>
  <name value="GhImplementationGuide"/>
  <title value="Gravitate Health FHIR Implementation Guide"/>
  <status value="active"/>
  <date value="2022-07-04T15:23:30+00:00"/>
  <contact>
    <name value="Gravitate Health Project"/>
    <telecom>
      <system value="url"/>
      <value value="https://www.gravitatehealth.eu/"/>
    </telecom>
  </contact>
  <description value="Gravitate Health is an EU project aiming to empower and equip Europeans with health information for active personal health management and adherence to treatment."/>
  <packageId value="hl7.eu.fhir.gh"/>
  <license value="CC0-1.0"/>
  <fhirVersion value="5.0.0-snapshot1"/>
  <dependsOn id="hl7tx">
    <uri value="http://terminology.hl7.org/ImplementationGuide/hl7.terminology"/>
    <packageId value="hl7.terminology.r5"/>
    <version value="3.0.0"/>
  </dependsOn>
  <definition>
    <resource>
      <extension url="http://hl7.org/fhir/tools/StructureDefinition/resource-information">
        <valueString value="StructureDefinition:resource"/>
      </extension>
      <reference>
        <reference value="StructureDefinition/AdministrableProductDefinition-uv-epi"/>
      </reference>
      <name value="AdministrableProductDefinition (ePI)"/>
      <description value="AdministrableProductDefinition (ePI)"/>
      <exampleBoolean value="false"/>
    </resource>
    <resource>
      <extension url="http://hl7.org/fhir/tools/StructureDefinition/resource-information">
        <valueString value="StructureDefinition:resource"/>
      </extension>
      <reference>
        <reference value="StructureDefinition/Bundle-uv-epi"/>
      </reference>
      <name value="Bundle - ePI"/>
      <description value="This profile represents the constraints applied to the Bundle resource by the Electronic Product Information (ePI) FHIR Implementation Guide."/>
      <exampleBoolean value="false"/>
    </resource>
    <resource>
      <extension url="http://hl7.org/fhir/tools/StructureDefinition/resource-information">
        <valueString value="StructureDefinition:resource"/>
      </extension>
      <reference>
        <reference value="StructureDefinition/ClinicalUseDefinition-contraindication-uv-epi"/>
      </reference>
      <name value="ClinicalUseDefinition Contraindication (ePI)"/>
      <description value="ClinicalUseDefinition Contraindication (ePI)"/>
      <exampleBoolean value="false"/>
    </resource>
    <resource>
      <extension url="http://hl7.org/fhir/tools/StructureDefinition/resource-information">
        <valueString value="StructureDefinition:resource"/>
      </extension>
      <reference>
        <reference value="StructureDefinition/ClinicalUseDefinition-indication-uv-epi"/>
      </reference>
      <name value="ClinicalUseDefinition Indication (ePI)"/>
      <description value="ClinicalUseDefinition Indication (ePI)"/>
      <exampleBoolean value="false"/>
    </resource>
    <resource>
      <extension url="http://hl7.org/fhir/tools/StructureDefinition/resource-information">
        <valueString value="StructureDefinition:resource"/>
      </extension>
      <reference>
        <reference value="StructureDefinition/ClinicalUseDefinition-interaction-uv-epi"/>
      </reference>
      <name value="ClinicalUseDefinition Interaction (ePI)"/>
      <description value="ClinicalUseDefinition Interaction (ePI)"/>
      <exampleBoolean value="false"/>
    </resource>
    <resource>
      <extension url="http://hl7.org/fhir/tools/StructureDefinition/resource-information">
        <valueString value="StructureDefinition:resource"/>
      </extension>
      <reference>
        <reference value="StructureDefinition/ClinicalUseDefinition-undesirableEffect-uv-epi"/>
      </reference>
      <name value="ClinicalUseDefinition Undesirable Effect (ePI)"/>
      <description value="ClinicalUseDefinition Undesirable Effect (ePI)"/>
      <exampleBoolean value="false"/>
    </resource>
    <resource>
      <extension url="http://hl7.org/fhir/tools/StructureDefinition/resource-information">
        <valueString value="StructureDefinition:resource"/>
      </extension>
      <reference>
        <reference value="StructureDefinition/ClinicalUseDefinition-warning-uv-epi"/>
      </reference>
      <name value="ClinicalUseDefinition Warning (ePI)"/>
      <description value="ClinicalUseDefinition Warning (ePI)"/>
      <exampleBoolean value="false"/>
    </resource>
    <resource>
      <extension url="http://hl7.org/fhir/tools/StructureDefinition/resource-information">
        <valueString value="StructureDefinition:resource"/>
      </extension>
      <reference>
        <reference value="StructureDefinition/Composition-eu-leaflet"/>
      </reference>
      <name value="Composition (EU Leaflet)"/>
      <description value="This profile provides an example of how the Composition (ePI) profile can be specialized to represent a Product information Leaflet withi a specific jurisdiction"/>
      <exampleBoolean value="false"/>
    </resource>
    <resource>
      <extension url="http://hl7.org/fhir/tools/StructureDefinition/resource-information">
        <valueString value="StructureDefinition:resource"/>
      </extension>
      <reference>
        <reference value="StructureDefinition/Composition-uv-epi"/>
      </reference>
      <name value="Composition (ePI)"/>
      <description value="Clinical document used to represent the Electronic Product Information (ePI) data set. &#xA;An Electronic Product Information (ePI) document is an authorised, statutory product information for medicines (i.e. summary of product characteristics, package leaflet and labelling) in a semi-structured format created using the common EU electronic standard."/>
      <exampleBoolean value="false"/>
    </resource>
    <resource>
      <extension url="http://hl7.org/fhir/tools/StructureDefinition/resource-information">
        <valueString value="StructureDefinition:resource"/>
      </extension>
      <reference>
        <reference value="StructureDefinition/Ingredient-uv-epi"/>
      </reference>
      <name value="Ingredient (ePI)"/>
      <description value="Ingredient (ePI)"/>
      <exampleBoolean value="false"/>
    </resource>
    <resource>
      <extension url="http://hl7.org/fhir/tools/StructureDefinition/resource-information">
        <valueString value="StructureDefinition:resource"/>
      </extension>
      <reference>
        <reference value="StructureDefinition/List-uv-epi"/>
      </reference>
      <name value="List - ePI"/>
      <description value="This profile represents the constraints applied to the List resource by the Electronic Product Information (ePI) FHIR Implementation Guide."/>
      <exampleBoolean value="false"/>
    </resource>
    <resource>
      <extension url="http://hl7.org/fhir/tools/StructureDefinition/resource-information">
        <valueString value="StructureDefinition:resource"/>
      </extension>
      <reference>
        <reference value="StructureDefinition/ManufacturedItemDefinition-uv-epi"/>
      </reference>
      <name value="ManufacturedItemDefinition (ePI)"/>
      <description value="ManufacturedItemDefinition (ePI)"/>
      <exampleBoolean value="false"/>
    </resource>
    <resource>
      <extension url="http://hl7.org/fhir/tools/StructureDefinition/resource-information">
        <valueString value="StructureDefinition:resource"/>
      </extension>
      <reference>
        <reference value="StructureDefinition/MedicinalProductDefinition-uv-epi"/>
      </reference>
      <name value="MedicinalProductDefinition (ePI)"/>
      <description value="MedicinalProductDefinition (ePI)"/>
      <exampleBoolean value="false"/>
    </resource>
    <resource>
      <extension url="http://hl7.org/fhir/tools/StructureDefinition/resource-information">
        <valueString value="StructureDefinition:resource"/>
      </extension>
      <reference>
        <reference value="StructureDefinition/Organization-uv-epi"/>
      </reference>
      <name value="Organization (ePI)"/>
      <description value="Organization (ePI)"/>
      <exampleBoolean value="false"/>
    </resource>
    <resource>
      <extension url="http://hl7.org/fhir/tools/StructureDefinition/resource-information">
        <valueString value="StructureDefinition:resource"/>
      </extension>
      <reference>
        <reference value="StructureDefinition/PackagedProductDefinition-uv-epi"/>
      </reference>
      <name value="PackagedProductDefinition (ePI)"/>
      <description value="PackagedProductDefinition (ePI)"/>
      <exampleBoolean value="false"/>
    </resource>
    <resource>
      <extension url="http://hl7.org/fhir/tools/StructureDefinition/resource-information">
        <valueString value="StructureDefinition:resource"/>
      </extension>
      <reference>
        <reference value="StructureDefinition/RegulatedAuthorization-uv-epi"/>
      </reference>
      <name value="RegulatedAuthorization (ePI)"/>
      <description value="RegulatedAuthorization (ePI)"/>
      <exampleBoolean value="false"/>
    </resource>
    <resource>
      <extension url="http://hl7.org/fhir/tools/StructureDefinition/resource-information">
        <valueString value="StructureDefinition:resource"/>
      </extension>
      <reference>
        <reference value="StructureDefinition/SubstanceDefinition-uv-epi"/>
      </reference>
      <name value="SubstanceDefinition (ePI)"/>
      <description value="SubstanceDefinition (ePI)"/>
      <exampleBoolean value="false"/>
    </resource>
    <resource>
      <extension url="http://hl7.org/fhir/tools/StructureDefinition/resource-information">
        <valueString value="ValueSet"/>
      </extension>
      <reference>
        <reference value="ValueSet/admProductIdSystems"/>
      </reference>
      <name value="AdministrableProductDefinition identifier systems"/>
      <description value="AdministrableProductDefinition Identifier systems (uri)"/>
      <exampleBoolean value="false"/>
    </resource>
    <resource>
      <extension url="http://hl7.org/fhir/tools/StructureDefinition/resource-information">
        <valueString value="ValueSet"/>
      </extension>
      <reference>
        <reference value="ValueSet/epiType"/>
      </reference>
      <name value="ePI document types"/>
      <description value="ePI document types"/>
      <exampleBoolean value="false"/>
    </resource>
    <resource>
      <extension url="http://hl7.org/fhir/tools/StructureDefinition/resource-information">
        <valueString value="ValueSet"/>
      </extension>
      <reference>
        <reference value="ValueSet/manufacturedItemIdSystems"/>
      </reference>
      <name value="ManufacturedItemDefinition identifier systems"/>
      <description value="ManufacturedItemDefinition Identifier systems (uri)"/>
      <exampleBoolean value="false"/>
    </resource>
    <resource>
      <extension url="http://hl7.org/fhir/tools/StructureDefinition/resource-information">
        <valueString value="ValueSet"/>
      </extension>
      <reference>
        <reference value="ValueSet/medProductIdSystems"/>
      </reference>
      <name value="MedicinalProductDefinition identifier systems"/>
      <description value="MedicinalProductDefinition Identifier systems (uri)"/>
      <exampleBoolean value="false"/>
    </resource>
    <resource>
      <extension url="http://hl7.org/fhir/tools/StructureDefinition/resource-information">
        <valueString value="ValueSet"/>
      </extension>
      <reference>
        <reference value="ValueSet/organizationIdSystems"/>
      </reference>
      <name value="Organization identifier systems"/>
      <description value="Organization Identifier systems (uri)"/>
      <exampleBoolean value="false"/>
    </resource>
    <resource>
      <extension url="http://hl7.org/fhir/tools/StructureDefinition/resource-information">
        <valueString value="ValueSet"/>
      </extension>
      <reference>
        <reference value="ValueSet/packagedProductIdSystems"/>
      </reference>
      <name value="PackagedProductDefinition identifier systems"/>
      <description value="PackagedProductDefinition Identifier systems (uri)"/>
      <exampleBoolean value="false"/>
    </resource>
    <resource>
      <extension url="http://hl7.org/fhir/tools/StructureDefinition/resource-information">
        <valueString value="ValueSet"/>
      </extension>
      <reference>
        <reference value="ValueSet/regulatedAuthIdSystems"/>
      </reference>
      <name value="RegulatedAuthorization identifier systems"/>
      <description value="RegulatedAuthorization Identifier systems (uri)"/>
      <exampleBoolean value="false"/>
    </resource>
    <resource>
      <extension url="http://hl7.org/fhir/tools/StructureDefinition/resource-information">
        <valueString value="CodeSystem"/>
      </extension>
      <reference>
        <reference value="CodeSystem/gravitate"/>
      </reference>
      <name value="Gravitate Health Project Code System"/>
      <description value="Gravitate Health Project Code System. Coded concepts defined for internal project use."/>
      <exampleBoolean value="false"/>
    </resource>
    <resource>
      <extension url="http://hl7.org/fhir/tools/StructureDefinition/resource-information">
        <valueString value="CodeSystem"/>
      </extension>
      <reference>
        <reference value="CodeSystem/CodeSystemUvEPIRomswi"/>
      </reference>
      <name value="Organization Management Services CodeSystem"/>
      <description value="Items from https://spor.ema.europa.eu/omswi"/>
      <exampleBoolean value="false"/>
    </resource>
    <resource>
      <extension url="http://hl7.org/fhir/tools/StructureDefinition/resource-information">
        <valueString value="CodeSystem"/>
      </extension>
      <reference>
        <reference value="CodeSystem/CodeSystemUvEPIRpmswi"/>
      </reference>
      <name value="Products Management Services CodeSystem"/>
      <description value="Items from https://spor.ema.europa.eu/pmswi"/>
      <exampleBoolean value="false"/>
    </resource>
    <resource>
      <extension url="http://hl7.org/fhir/tools/StructureDefinition/resource-information">
        <valueString value="CodeSystem"/>
      </extension>
      <reference>
        <reference value="CodeSystem/CodeSystemUvEPIRrmswi"/>
      </reference>
      <name value="Referentials Management Services CodeSystem"/>
      <description value="Items from https://spor.ema.europa.eu/rmswi"/>
      <exampleBoolean value="false"/>
    </resource>
    <resource>
      <extension url="http://hl7.org/fhir/tools/StructureDefinition/resource-information">
        <valueString value="CodeSystem"/>
      </extension>
      <reference>
        <reference value="CodeSystem/CodeSystemUvEPIRsmswi"/>
      </reference>
      <name value="Substances Management Services CodeSystem"/>
      <description value="Items from https://spor.ema.europa.eu/smswi"/>
      <exampleBoolean value="false"/>
    </resource>
    <resource>
      <extension url="http://hl7.org/fhir/tools/StructureDefinition/resource-information">
        <valueString value="CodeSystem"/>
      </extension>
      <reference>
        <reference value="CodeSystem/Example"/>
      </reference>
      <name value="EMA example-sections-pl"/>
      <description value="Placeholder for EMA example-sections PL"/>
      <exampleBoolean value="false"/>
    </resource>
    <resource>
      <extension url="http://hl7.org/fhir/tools/StructureDefinition/resource-information">
        <valueString value="CodeSystem"/>
      </extension>
      <reference>
        <reference value="CodeSystem/Examplesmpc"/>
      </reference>
      <name value="EMA example-sections-smpc"/>
      <description value="Placeholder for EMA example-sections smpc"/>
      <exampleBoolean value="false"/>
    </resource>
    <resource>
      <extension url="http://hl7.org/fhir/tools/StructureDefinition/resource-information">
        <valueString value="MedicinalProductDefinition"/>
      </extension>
      <reference>
        <reference value="MedicinalProductDefinition/117616c7-3bcc-4665-8e12-0e93447e679e"/>
      </reference>
      <name value="117616c7-3bcc-4665-8e12-0e93447e679e"/>
      <description value="Aromasin (exemestane) Tablets 25 mg"/>
      <exampleCanonical value="http://hl7.eu/fhir/ig/gravitate-health/StructureDefinition/MedicinalProductDefinition-uv-epi"/>
    </resource>
    <resource>
      <extension url="http://hl7.org/fhir/tools/StructureDefinition/resource-information">
        <valueString value="Ingredient"/>
      </extension>
      <reference>
        <reference value="Ingredient/13beb88f-1df3-499d-9c74-4f5925a6f206"/>
      </reference>
      <name value="13beb88f-1df3-499d-9c74-4f5925a6f206"/>
      <description value="synthetic wax"/>
      <exampleCanonical value="http://hl7.eu/fhir/ig/gravitate-health/StructureDefinition/Ingredient-uv-epi"/>
    </resource>
    <resource>
      <extension url="http://hl7.org/fhir/tools/StructureDefinition/resource-information">
        <valueString value="RegulatedAuthorization"/>
      </extension>
      <reference>
        <reference value="RegulatedAuthorization/15c6f86f-8665-4bd6-86da-a3a61fe16084"/>
      </reference>
      <name value="15c6f86f-8665-4bd6-86da-a3a61fe16084"/>
      <description value="Regulated Authorization"/>
      <exampleCanonical value="http://hl7.eu/fhir/ig/gravitate-health/StructureDefinition/RegulatedAuthorization-uv-epi"/>
    </resource>
    <resource>
      <extension url="http://hl7.org/fhir/tools/StructureDefinition/resource-information">
        <valueString value="Bundle"/>
      </extension>
      <reference>
        <reference value="Bundle/33d34b6a-afaf-47d9-8848-366768bd429a"/>
      </reference>
      <name value="Vulcan FHIR Japanese Package Insert Test - Aromasin (exemestane) Tablets 25 mg"/>
      <description value="Instance of exemestane tablets JPI for Connectathon testing"/>
      <exampleBoolean value="true"/>
    </resource>
    <resource>
      <extension url="http://hl7.org/fhir/tools/StructureDefinition/resource-information">
        <valueString value="PackagedProductDefinition"/>
      </extension>
      <reference>
        <reference value="PackagedProductDefinition/39307d03-7ff4-4c0d-9326-36de7beb7cad"/>
      </reference>
      <name value="39307d03-7ff4-4c0d-9326-36de7beb7cad"/>
      <description value="140 tablets [14 tablets (PTP) x 10]"/>
      <exampleCanonical value="http://hl7.eu/fhir/ig/gravitate-health/StructureDefinition/PackagedProductDefinition-uv-epi"/>
    </resource>
    <resource>
      <extension url="http://hl7.org/fhir/tools/StructureDefinition/resource-information">
        <valueString value="Ingredient"/>
      </extension>
      <reference>
        <reference value="Ingredient/41089f24-89ce-4fda-a038-70f3cd28ab06"/>
      </reference>
      <name value="41089f24-89ce-4fda-a038-70f3cd28ab06"/>
      <description value="EXEMESTANE"/>
      <exampleCanonical value="http://hl7.eu/fhir/ig/gravitate-health/StructureDefinition/Ingredient-uv-epi"/>
    </resource>
    <resource>
      <extension url="http://hl7.org/fhir/tools/StructureDefinition/resource-information">
        <valueString value="Ingredient"/>
      </extension>
      <reference>
        <reference value="Ingredient/42a65fd0-6ba9-4b81-9cc2-4c9754d56a95"/>
      </reference>
      <name value="42a65fd0-6ba9-4b81-9cc2-4c9754d56a95"/>
      <description value="talc"/>
      <exampleCanonical value="http://hl7.eu/fhir/ig/gravitate-health/StructureDefinition/Ingredient-uv-epi"/>
    </resource>
    <resource>
      <extension url="http://hl7.org/fhir/tools/StructureDefinition/resource-information">
        <valueString value="Ingredient"/>
      </extension>
      <reference>
        <reference value="Ingredient/570a14b4-3e58-4afc-9cc1-4d4b38bcd485"/>
      </reference>
      <name value="570a14b4-3e58-4afc-9cc1-4d4b38bcd485"/>
      <description value="METHYLPARABEN"/>
      <exampleCanonical value="http://hl7.eu/fhir/ig/gravitate-health/StructureDefinition/Ingredient-uv-epi"/>
    </resource>
    <resource>
      <extension url="http://hl7.org/fhir/tools/StructureDefinition/resource-information">
        <valueString value="Ingredient"/>
      </extension>
      <reference>
        <reference value="Ingredient/65bb58dd-b083-4cd3-892f-60fed75967d5"/>
      </reference>
      <name value="65bb58dd-b083-4cd3-892f-60fed75967d5"/>
      <description value="POLYSORBATE 80"/>
      <exampleCanonical value="http://hl7.eu/fhir/ig/gravitate-health/StructureDefinition/Ingredient-uv-epi"/>
    </resource>
    <resource>
      <extension url="http://hl7.org/fhir/tools/StructureDefinition/resource-information">
        <valueString value="ManufacturedItemDefinition"/>
      </extension>
      <reference>
        <reference value="ManufacturedItemDefinition/7460b712-82ad-4cce-a756-90b0fa04896c"/>
      </reference>
      <name value="7460b712-82ad-4cce-a756-90b0fa04896c"/>
      <description value="Manufactured Item - Aromasin (exemestane) Tablets 25 mg"/>
      <exampleCanonical value="http://hl7.eu/fhir/ig/gravitate-health/StructureDefinition/ManufacturedItemDefinition-uv-epi"/>
    </resource>
    <resource>
      <extension url="http://hl7.org/fhir/tools/StructureDefinition/resource-information">
        <valueString value="Ingredient"/>
      </extension>
      <reference>
        <reference value="Ingredient/77f5c3de-eeb4-441f-b37b-f66a4a9bfdc7"/>
      </reference>
      <name value="77f5c3de-eeb4-441f-b37b-f66a4a9bfdc7"/>
      <description value="MAGNESIUM CARBONATE"/>
      <exampleCanonical value="http://hl7.eu/fhir/ig/gravitate-health/StructureDefinition/Ingredient-uv-epi"/>
    </resource>
    <resource>
      <extension url="http://hl7.org/fhir/tools/StructureDefinition/resource-information">
        <valueString value="Organization"/>
      </extension>
      <reference>
        <reference value="Organization/7f257409-3b65-401d-a246-7ae51e298fbb"/>
      </reference>
      <name value="7f257409-3b65-401d-a246-7ae51e298fbb"/>
      <description value="Marketing Authorization Holder"/>
      <exampleCanonical value="http://hl7.eu/fhir/ig/gravitate-health/StructureDefinition/Organization-uv-epi"/>
    </resource>
    <resource>
      <extension url="http://hl7.org/fhir/tools/StructureDefinition/resource-information">
        <valueString value="Ingredient"/>
      </extension>
      <reference>
        <reference value="Ingredient/86746372-3005-4ba0-a2d0-bcd0d55e56a0"/>
      </reference>
      <name value="86746372-3005-4ba0-a2d0-bcd0d55e56a0"/>
      <description value="SILICON DIOXIDE"/>
      <exampleCanonical value="http://hl7.eu/fhir/ig/gravitate-health/StructureDefinition/Ingredient-uv-epi"/>
    </resource>
    <resource>
      <extension url="http://hl7.org/fhir/tools/StructureDefinition/resource-information">
        <valueString value="Ingredient"/>
      </extension>
      <reference>
        <reference value="Ingredient/868c0677-e53b-4f0d-a6aa-a7473756b8e9"/>
      </reference>
      <name value="868c0677-e53b-4f0d-a6aa-a7473756b8e9"/>
      <description value="MANNITOL"/>
      <exampleCanonical value="http://hl7.eu/fhir/ig/gravitate-health/StructureDefinition/Ingredient-uv-epi"/>
    </resource>
    <resource>
      <extension url="http://hl7.org/fhir/tools/StructureDefinition/resource-information">
        <valueString value="Ingredient"/>
      </extension>
      <reference>
        <reference value="Ingredient/8d6832f1-7d1d-483b-a0fd-879d531681fb"/>
      </reference>
      <name value="8d6832f1-7d1d-483b-a0fd-879d531681fb"/>
      <description value="SODIUM STARCH GLYCOLATE TYPE A POTATO"/>
      <exampleCanonical value="http://hl7.eu/fhir/ig/gravitate-health/StructureDefinition/Ingredient-uv-epi"/>
    </resource>
    <resource>
      <extension url="http://hl7.org/fhir/tools/StructureDefinition/resource-information">
        <valueString value="Ingredient"/>
      </extension>
      <reference>
        <reference value="Ingredient/9df66779-105d-4df6-b920-a3d134cec967"/>
      </reference>
      <name value="9df66779-105d-4df6-b920-a3d134cec967"/>
      <description value="POLYVINYL ALCOHOL, UNSPECIFIED"/>
      <exampleCanonical value="http://hl7.eu/fhir/ig/gravitate-health/StructureDefinition/Ingredient-uv-epi"/>
    </resource>
    <resource>
      <extension url="http://hl7.org/fhir/tools/StructureDefinition/resource-information">
        <valueString value="Ingredient"/>
      </extension>
      <reference>
        <reference value="Ingredient/aba217d4-5bc4-4690-b100-401cae4390ed"/>
      </reference>
      <name value="aba217d4-5bc4-4690-b100-401cae4390ed"/>
      <description value="light anhydrous silicic acid"/>
      <exampleCanonical value="http://hl7.eu/fhir/ig/gravitate-health/StructureDefinition/Ingredient-uv-epi"/>
    </resource>
    <resource>
      <extension url="http://hl7.org/fhir/tools/StructureDefinition/resource-information">
        <valueString value="Ingredient"/>
      </extension>
      <reference>
        <reference value="Ingredient/aceb61f1-4030-458c-996c-3707c919a0e2"/>
      </reference>
      <name value="aceb61f1-4030-458c-996c-3707c919a0e2"/>
      <description value="crystalline cellulose"/>
      <exampleCanonical value="http://hl7.eu/fhir/ig/gravitate-health/StructureDefinition/Ingredient-uv-epi"/>
    </resource>
    <resource>
      <extension url="http://hl7.org/fhir/tools/StructureDefinition/resource-information">
        <valueString value="Ingredient"/>
      </extension>
      <reference>
        <reference value="Ingredient/ad9f21be-db44-4f3d-80fb-8d61722ef070"/>
      </reference>
      <name value="ad9f21be-db44-4f3d-80fb-8d61722ef070"/>
      <description value="MAGNESIUM STEARATE"/>
      <exampleCanonical value="http://hl7.eu/fhir/ig/gravitate-health/StructureDefinition/Ingredient-uv-epi"/>
    </resource>
    <resource>
      <extension url="http://hl7.org/fhir/tools/StructureDefinition/resource-information">
        <valueString value="Ingredient"/>
      </extension>
      <reference>
        <reference value="Ingredient/b3773440-614c-4007-bc1c-2fec305b6b81"/>
      </reference>
      <name value="b3773440-614c-4007-bc1c-2fec305b6b81"/>
      <description value="Carnauba wax"/>
      <exampleCanonical value="http://hl7.eu/fhir/ig/gravitate-health/StructureDefinition/Ingredient-uv-epi"/>
    </resource>
    <resource>
      <extension url="http://hl7.org/fhir/tools/StructureDefinition/resource-information">
        <valueString value="PackagedProductDefinition"/>
      </extension>
      <reference>
        <reference value="PackagedProductDefinition/bb536b04-39f1-4e0a-a723-e9079fd5e994"/>
      </reference>
      <name value="bb536b04-39f1-4e0a-a723-e9079fd5e994"/>
      <description value="28 tablets [14 tablets (PTP) x 2]"/>
      <exampleCanonical value="http://hl7.eu/fhir/ig/gravitate-health/StructureDefinition/PackagedProductDefinition-uv-epi"/>
    </resource>
    <resource>
      <extension url="http://hl7.org/fhir/tools/StructureDefinition/resource-information">
        <valueString value="Ingredient"/>
      </extension>
      <reference>
        <reference value="Ingredient/c33a68c8-aecc-4556-8632-e2f3f7ba5b5a"/>
      </reference>
      <name value="c33a68c8-aecc-4556-8632-e2f3f7ba5b5a"/>
      <description value="POLYETHYLENE GLYCOL 6000"/>
      <exampleCanonical value="http://hl7.eu/fhir/ig/gravitate-health/StructureDefinition/Ingredient-uv-epi"/>
    </resource>
    <resource>
      <extension url="http://hl7.org/fhir/tools/StructureDefinition/resource-information">
        <valueString value="OperationDefinition"/>
      </extension>
      <reference>
        <reference value="OperationDefinition/calculate"/>
      </reference>
      <name value="calculate"/>
      <description value="This operation calculates an enhanced version of an ePI as well as"/>
      <exampleBoolean value="false"/>
    </resource>
    <resource>
      <extension url="http://hl7.org/fhir/tools/StructureDefinition/resource-information">
        <valueString value="Ingredient"/>
      </extension>
      <reference>
        <reference value="Ingredient/cbb53556-9c1f-4fa7-b2af-2eea988dee2d"/>
      </reference>
      <name value="cbb53556-9c1f-4fa7-b2af-2eea988dee2d"/>
      <description value="TITANIUM DIOXIDE "/>
      <exampleCanonical value="http://hl7.eu/fhir/ig/gravitate-health/StructureDefinition/Ingredient-uv-epi"/>
    </resource>
    <resource>
      <extension url="http://hl7.org/fhir/tools/StructureDefinition/resource-information">
        <valueString value="Ingredient"/>
      </extension>
      <reference>
        <reference value="Ingredient/cfsb0943822318036"/>
      </reference>
      <name value="cfsb0943822318036"/>
      <description value="Zinc Oxide"/>
      <exampleBoolean value="true"/>
    </resource>
    <resource>
      <extension url="http://hl7.org/fhir/tools/StructureDefinition/resource-information">
        <valueString value="Ingredient"/>
      </extension>
      <reference>
        <reference value="Ingredient/cfsb0965848064378"/>
      </reference>
      <name value="cfsb0965848064378"/>
      <description value="Sodium Hydroxide"/>
      <exampleBoolean value="true"/>
    </resource>
    <resource>
      <extension url="http://hl7.org/fhir/tools/StructureDefinition/resource-information">
        <valueString value="ManufacturedItemDefinition"/>
      </extension>
      <reference>
        <reference value="ManufacturedItemDefinition/cfsb1210909903210"/>
      </reference>
      <name value="cfsb1210909903210"/>
      <description value="Manufactured Item"/>
      <exampleBoolean value="true"/>
    </resource>
    <resource>
      <extension url="http://hl7.org/fhir/tools/StructureDefinition/resource-information">
        <valueString value="RegulatedAuthorization"/>
      </extension>
      <reference>
        <reference value="RegulatedAuthorization/cfsb1529720709344"/>
      </reference>
      <name value="cfsb1529720709344"/>
      <description value="Regulated Authorization"/>
      <exampleBoolean value="true"/>
    </resource>
    <resource>
      <extension url="http://hl7.org/fhir/tools/StructureDefinition/resource-information">
        <valueString value="MedicinalProductDefinition"/>
      </extension>
      <reference>
        <reference value="MedicinalProductDefinition/cfsb1650904258324"/>
      </reference>
      <name value="cfsb1650904258324"/>
      <description value="EU/1/19/1370/001 Dovato 50 mg/300 mg film-coated tablets"/>
      <exampleBoolean value="true"/>
    </resource>
    <resource>
      <extension url="http://hl7.org/fhir/tools/StructureDefinition/resource-information">
        <valueString value="PackagedProductDefinition"/>
      </extension>
      <reference>
        <reference value="PackagedProductDefinition/cfsb1650995718524"/>
      </reference>
      <name value="cfsb1650995718524"/>
      <description value="50 mg/300 mg film-coated tablets"/>
      <exampleBoolean value="true"/>
    </resource>
    <resource>
      <extension url="http://hl7.org/fhir/tools/StructureDefinition/resource-information">
        <valueString value="Organization"/>
      </extension>
      <reference>
        <reference value="Organization/cfsb1650997423990"/>
      </reference>
      <name value="cfsb1650997423990"/>
      <description value="Manufacturer"/>
      <exampleBoolean value="true"/>
    </resource>
    <resource>
      <extension url="http://hl7.org/fhir/tools/StructureDefinition/resource-information">
        <valueString value="ManufacturedItemDefinition"/>
      </extension>
      <reference>
        <reference value="ManufacturedItemDefinition/cfsb1650998521654"/>
      </reference>
      <name value="cfsb1650998521654"/>
      <description value="Manufactured Item: Dovato 50 mg/300 mg film-coated tablets"/>
      <exampleBoolean value="true"/>
    </resource>
    <resource>
      <extension url="http://hl7.org/fhir/tools/StructureDefinition/resource-information">
        <valueString value="AdministrableProductDefinition"/>
      </extension>
      <reference>
        <reference value="AdministrableProductDefinition/cfsb1650999516847"/>
      </reference>
      <name value="cfsb1650999516847"/>
      <description value="Dovato 50 mg/300 mg film-coated tablets"/>
      <exampleBoolean value="true"/>
    </resource>
    <resource>
      <extension url="http://hl7.org/fhir/tools/StructureDefinition/resource-information">
        <valueString value="RegulatedAuthorization"/>
      </extension>
      <reference>
        <reference value="RegulatedAuthorization/cfsb1651148079894"/>
      </reference>
      <name value="cfsb1651148079894"/>
      <description value="Regulated authorization"/>
      <exampleBoolean value="true"/>
    </resource>
    <resource>
      <extension url="http://hl7.org/fhir/tools/StructureDefinition/resource-information">
        <valueString value="Organization"/>
      </extension>
      <reference>
        <reference value="Organization/cfsb1651149636159"/>
      </reference>
      <name value="cfsb1651149636159"/>
      <description value="Marketing Authorization Holder"/>
      <exampleBoolean value="true"/>
    </resource>
    <resource>
      <extension url="http://hl7.org/fhir/tools/StructureDefinition/resource-information">
        <valueString value="Organization"/>
      </extension>
      <reference>
        <reference value="Organization/cfsb1651152112409"/>
      </reference>
      <name value="cfsb1651152112409"/>
      <description value="Regulator"/>
      <exampleBoolean value="true"/>
    </resource>
    <resource>
      <extension url="http://hl7.org/fhir/tools/StructureDefinition/resource-information">
        <valueString value="Ingredient"/>
      </extension>
      <reference>
        <reference value="Ingredient/cfsb1651162710491"/>
      </reference>
      <name value="cfsb1651162710491"/>
      <description value="dolutegravir"/>
      <exampleBoolean value="true"/>
    </resource>
    <resource>
      <extension url="http://hl7.org/fhir/tools/StructureDefinition/resource-information">
        <valueString value="Ingredient"/>
      </extension>
      <reference>
        <reference value="Ingredient/cfsb1651164758053"/>
      </reference>
      <name value="cfsb1651164758053"/>
      <description value="lamivudine"/>
      <exampleBoolean value="true"/>
    </resource>
    <resource>
      <extension url="http://hl7.org/fhir/tools/StructureDefinition/resource-information">
        <valueString value="Ingredient"/>
      </extension>
      <reference>
        <reference value="Ingredient/cfsb1651170791283"/>
      </reference>
      <name value="cfsb1651170791283"/>
      <description value="microcrystalline cellulose"/>
      <exampleBoolean value="true"/>
    </resource>
    <resource>
      <extension url="http://hl7.org/fhir/tools/StructureDefinition/resource-information">
        <valueString value="Ingredient"/>
      </extension>
      <reference>
        <reference value="Ingredient/cfsb1651229974487"/>
      </reference>
      <name value="cfsb1651229974487"/>
      <description value="sodium starch glycolate"/>
      <exampleBoolean value="true"/>
    </resource>
    <resource>
      <extension url="http://hl7.org/fhir/tools/StructureDefinition/resource-information">
        <valueString value="Ingredient"/>
      </extension>
      <reference>
        <reference value="Ingredient/cfsb1651230170831"/>
      </reference>
      <name value="cfsb1651230170831"/>
      <description value="magnesium stearate"/>
      <exampleBoolean value="true"/>
    </resource>
    <resource>
      <extension url="http://hl7.org/fhir/tools/StructureDefinition/resource-information">
        <valueString value="Ingredient"/>
      </extension>
      <reference>
        <reference value="Ingredient/cfsb1651230330246"/>
      </reference>
      <name value="cfsb1651230330246"/>
      <description value="mannitol"/>
      <exampleBoolean value="true"/>
    </resource>
    <resource>
      <extension url="http://hl7.org/fhir/tools/StructureDefinition/resource-information">
        <valueString value="Composition"/>
      </extension>
      <reference>
        <reference value="Composition/cfsb1651231019151"/>
      </reference>
      <name value="cfsb1651231019151"/>
      <description value="Package Leaflet"/>
      <exampleBoolean value="true"/>
    </resource>
    <resource>
      <extension url="http://hl7.org/fhir/tools/StructureDefinition/resource-information">
        <valueString value="Composition"/>
      </extension>
      <reference>
        <reference value="Composition/cfsb1651234995610"/>
      </reference>
      <name value="cfsb1651234995610"/>
      <description value="Prospecto Dovato 50 mg/300 mg comprimidos recubiertos con película"/>
      <exampleBoolean value="true"/>
    </resource>
    <resource>
      <extension url="http://hl7.org/fhir/tools/StructureDefinition/resource-information">
        <valueString value="Bundle"/>
      </extension>
      <reference>
        <reference value="Bundle/cfsb1651596479132"/>
      </reference>
      <name value="Vulcan Dovato FHIR Package Insert EMA"/>
      <description value="English Instance of Dovato package insert for Connectathon testing"/>
      <exampleBoolean value="true"/>
    </resource>
    <resource>
      <extension url="http://hl7.org/fhir/tools/StructureDefinition/resource-information">
        <valueString value="Bundle"/>
      </extension>
      <reference>
        <reference value="Bundle/cfsb1651597532341"/>
      </reference>
      <name value="Vulcan Dovato FHIR Package Insert EMA ESP"/>
      <description value="Spanish Instance of Dovato package insert for Connectathon testing"/>
      <exampleBoolean value="true"/>
    </resource>
    <resource>
      <extension url="http://hl7.org/fhir/tools/StructureDefinition/resource-information">
        <valueString value="Organization"/>
      </extension>
      <reference>
        <reference value="Organization/cfsb1950833461423"/>
      </reference>
      <name value="cfsb1950833461423"/>
      <description value="Manufaturer API"/>
      <exampleCanonical value="http://hl7.eu/fhir/ig/gravitate-health/StructureDefinition/Organization-uv-epi"/>
    </resource>
    <resource>
      <extension url="http://hl7.org/fhir/tools/StructureDefinition/resource-information">
        <valueString value="PackagedProductDefinition"/>
      </extension>
      <reference>
        <reference value="PackagedProductDefinition/cfsb2466848736985"/>
      </reference>
      <name value="cfsb2466848736985"/>
      <description value="5 pre-filled pens, 3 ml (3.5 mg/ml)"/>
      <exampleBoolean value="true"/>
    </resource>
    <resource>
      <extension url="http://hl7.org/fhir/tools/StructureDefinition/resource-information">
        <valueString value="Ingredient"/>
      </extension>
      <reference>
        <reference value="Ingredient/cfsb2603878086630"/>
      </reference>
      <name value="cfsb2603878086630"/>
      <description value="metacresol"/>
      <exampleBoolean value="true"/>
    </resource>
    <resource>
      <extension url="http://hl7.org/fhir/tools/StructureDefinition/resource-information">
        <valueString value="Bundle"/>
      </extension>
      <reference>
        <reference value="Bundle/cfsb2705555581978"/>
      </reference>
      <name value="Vulcan Humalog FHIR Package Insert EMA v1"/>
      <description value="Instance of Humalog package insert for Connectathon testing"/>
      <exampleBoolean value="true"/>
    </resource>
    <resource>
      <extension url="http://hl7.org/fhir/tools/StructureDefinition/resource-information">
        <valueString value="AdministrableProductDefinition"/>
      </extension>
      <reference>
        <reference value="AdministrableProductDefinition/cfsb3624842689213"/>
      </reference>
      <name value="cfsb3624842689213"/>
      <description value="Humalog 100 U/ml 5 pre-filled pen"/>
      <exampleBoolean value="true"/>
    </resource>
    <resource>
      <extension url="http://hl7.org/fhir/tools/StructureDefinition/resource-information">
        <valueString value="List"/>
      </extension>
      <reference>
        <reference value="List/cfsb3868575536701"/>
      </reference>
      <name value="Vulcan Humalog FHIR Package Insert List"/>
      <description value="List of Humalog package inserts for Connectathon testing"/>
      <exampleBoolean value="true"/>
    </resource>
    <resource>
      <extension url="http://hl7.org/fhir/tools/StructureDefinition/resource-information">
        <valueString value="Composition"/>
      </extension>
      <reference>
        <reference value="Composition/cfsb3957159408517"/>
      </reference>
      <name value="cfsb3957159408517"/>
      <description value="Package Leaflet"/>
      <exampleBoolean value="true"/>
    </resource>
    <resource>
      <extension url="http://hl7.org/fhir/tools/StructureDefinition/resource-information">
        <valueString value="Bundle"/>
      </extension>
      <reference>
        <reference value="Bundle/cfsb5408804803222"/>
      </reference>
      <name value="Vulcan Humalog FHIR Package Insert EMA v2"/>
      <description value="Instance of Humalog package insert for Connectathon testing"/>
      <exampleBoolean value="true"/>
    </resource>
    <resource>
      <extension url="http://hl7.org/fhir/tools/StructureDefinition/resource-information">
        <valueString value="Ingredient"/>
      </extension>
      <reference>
        <reference value="Ingredient/cfsb5825971594998"/>
      </reference>
      <name value="cfsb5825971594998"/>
      <description value="Water for injections"/>
      <exampleBoolean value="true"/>
    </resource>
    <resource>
      <extension url="http://hl7.org/fhir/tools/StructureDefinition/resource-information">
        <valueString value="Ingredient"/>
      </extension>
      <reference>
        <reference value="Ingredient/cfsb6320144064544"/>
      </reference>
      <name value="cfsb6320144064544"/>
      <description value="Insulin Lispro"/>
      <exampleBoolean value="true"/>
    </resource>
    <resource>
      <extension url="http://hl7.org/fhir/tools/StructureDefinition/resource-information">
        <valueString value="Ingredient"/>
      </extension>
      <reference>
        <reference value="Ingredient/cfsb6349319941521"/>
      </reference>
      <name value="cfsb6349319941521"/>
      <description value="Trometamol"/>
      <exampleBoolean value="true"/>
    </resource>
    <resource>
      <extension url="http://hl7.org/fhir/tools/StructureDefinition/resource-information">
        <valueString value="Composition"/>
      </extension>
      <reference>
        <reference value="Composition/cfsb7223870858596"/>
      </reference>
      <name value="cfsb7223870858596"/>
      <description value="Package Leaflet"/>
      <exampleBoolean value="true"/>
    </resource>
    <resource>
      <extension url="http://hl7.org/fhir/tools/StructureDefinition/resource-information">
        <valueString value="MedicinalProductDefinition"/>
      </extension>
      <reference>
        <reference value="MedicinalProductDefinition/cfsb7543491765740"/>
      </reference>
      <name value="cfsb7543491765740"/>
      <description value="EU/1/96/007/035 Humalog Mix50 Insulin KwikPen, 3ml pre-fill"/>
      <exampleBoolean value="true"/>
    </resource>
    <resource>
      <extension url="http://hl7.org/fhir/tools/StructureDefinition/resource-information">
        <valueString value="Ingredient"/>
      </extension>
      <reference>
        <reference value="Ingredient/cfsb8374942483045"/>
      </reference>
      <name value="cfsb8374942483045"/>
      <description value="Hydrochloric acid"/>
      <exampleBoolean value="true"/>
    </resource>
    <resource>
      <extension url="http://hl7.org/fhir/tools/StructureDefinition/resource-information">
        <valueString value="Ingredient"/>
      </extension>
      <reference>
        <reference value="Ingredient/cfsb8743912652556"/>
      </reference>
      <name value="cfsb8743912652556"/>
      <description value="Glycerol"/>
      <exampleBoolean value="true"/>
    </resource>
    <resource>
      <extension url="http://hl7.org/fhir/tools/StructureDefinition/resource-information">
        <valueString value="Organization"/>
      </extension>
      <reference>
        <reference value="Organization/cfsb8820228934589"/>
      </reference>
      <name value="cfsb8820228934589"/>
      <description value="Manufacturer"/>
      <exampleCanonical value="http://hl7.eu/fhir/ig/gravitate-health/StructureDefinition/Organization-uv-epi"/>
    </resource>
    <resource>
      <extension url="http://hl7.org/fhir/tools/StructureDefinition/resource-information">
        <valueString value="Organization"/>
      </extension>
      <reference>
        <reference value="Organization/cfsb9935015469452"/>
      </reference>
      <name value="cfsb9935015469452"/>
      <description value="Marketing Authorization Holder"/>
      <exampleCanonical value="http://hl7.eu/fhir/ig/gravitate-health/StructureDefinition/Organization-uv-epi"/>
    </resource>
    <resource>
      <extension url="http://hl7.org/fhir/tools/StructureDefinition/resource-information">
        <valueString value="Composition"/>
      </extension>
      <reference>
        <reference value="Composition/d19473ec-d66c-443d-bd8f-31398daaffee"/>
      </reference>
      <name value="d19473ec-d66c-443d-bd8f-31398daaffee"/>
      <description value="Package Leaflet"/>
      <exampleCanonical value="http://hl7.eu/fhir/ig/gravitate-health/StructureDefinition/Composition-uv-epi"/>
    </resource>
    <resource>
      <extension url="http://hl7.org/fhir/tools/StructureDefinition/resource-information">
        <valueString value="AdministrableProductDefinition"/>
      </extension>
      <reference>
        <reference value="AdministrableProductDefinition/d43df7b9-7815-4eb5-8350-945e4b77d46b"/>
      </reference>
      <name value="d43df7b9-7815-4eb5-8350-945e4b77d46b"/>
      <description value="Aromasin (exemestane) Tablets 25 mg"/>
      <exampleCanonical value="http://hl7.eu/fhir/ig/gravitate-health/StructureDefinition/AdministrableProductDefinition-uv-epi"/>
    </resource>
    <resource>
      <extension url="http://hl7.org/fhir/tools/StructureDefinition/resource-information">
        <valueString value="Bundle"/>
      </extension>
      <reference>
        <reference value="Bundle/d6758a9f-8d7d-436b-a925-42aa9682a47c"/>
      </reference>
      <name value="EMA-Profile Monuril FHIR Package Insert"/>
      <description value="instance of Monuril package insert for connectathon testing"/>
      <exampleBoolean value="true"/>
    </resource>
    <resource>
      <extension url="http://hl7.org/fhir/tools/StructureDefinition/resource-information">
        <valueString value="List"/>
      </extension>
      <reference>
        <reference value="List/ema3868575536701"/>
      </reference>
      <name value="Vulcan Humalog FHIR Package Insert List"/>
      <description value="List of Humalog package inserts for Connectathon testing"/>
      <exampleBoolean value="true"/>
    </resource>
    <resource>
      <extension url="http://hl7.org/fhir/tools/StructureDefinition/resource-information">
        <valueString value="Organization"/>
      </extension>
      <reference>
        <reference value="Organization/emacfsb1639753766266"/>
      </reference>
      <name value="emacfsb1639753766266"/>
      <description value="Manufacturer"/>
      <exampleCanonical value="http://hl7.eu/fhir/ig/gravitate-health/StructureDefinition/Organization-uv-epi"/>
    </resource>
    <resource>
      <extension url="http://hl7.org/fhir/tools/StructureDefinition/resource-information">
        <valueString value="Organization"/>
      </extension>
      <reference>
        <reference value="Organization/emacfsb1639754108144"/>
      </reference>
      <name value="emacfsb1639754108144"/>
      <description value="Market Authorization Holder"/>
      <exampleCanonical value="http://hl7.eu/fhir/ig/gravitate-health/StructureDefinition/Organization-uv-epi"/>
    </resource>
    <resource>
      <extension url="http://hl7.org/fhir/tools/StructureDefinition/resource-information">
        <valueString value="Ingredient"/>
      </extension>
      <reference>
        <reference value="Ingredient/emacfsb1639754408039"/>
      </reference>
      <name value="emacfsb1639754408039"/>
      <description value="fosfomycin trometamol 3g"/>
      <exampleBoolean value="true"/>
    </resource>
    <resource>
      <extension url="http://hl7.org/fhir/tools/StructureDefinition/resource-information">
        <valueString value="ManufacturedItemDefinition"/>
      </extension>
      <reference>
        <reference value="ManufacturedItemDefinition/emacfsb1639756818482"/>
      </reference>
      <name value="emacfsb1639756818482"/>
      <description value="Monuril Granules for oral solution"/>
      <exampleBoolean value="true"/>
    </resource>
    <resource>
      <extension url="http://hl7.org/fhir/tools/StructureDefinition/resource-information">
        <valueString value="PackagedProductDefinition"/>
      </extension>
      <reference>
        <reference value="PackagedProductDefinition/emacfsb1639758328687"/>
      </reference>
      <name value="emacfsb1639758328687"/>
      <description value="Monuril 5 sachets of 8 g of granules (3 g fosfomycin)"/>
      <exampleBoolean value="true"/>
    </resource>
    <resource>
      <extension url="http://hl7.org/fhir/tools/StructureDefinition/resource-information">
        <valueString value="MedicinalProductDefinition"/>
      </extension>
      <reference>
        <reference value="MedicinalProductDefinition/emacfsb1639760186202"/>
      </reference>
      <name value="emacfsb1639760186202"/>
      <description value="Medicinal Product"/>
      <exampleBoolean value="true"/>
    </resource>
    <resource>
      <extension url="http://hl7.org/fhir/tools/StructureDefinition/resource-information">
        <valueString value="AdministrableProductDefinition"/>
      </extension>
      <reference>
        <reference value="AdministrableProductDefinition/emacfsb1639760977050"/>
      </reference>
      <name value="emacfsb1639760977050"/>
      <description value="Administrable Product"/>
      <exampleBoolean value="true"/>
    </resource>
    <resource>
      <extension url="http://hl7.org/fhir/tools/StructureDefinition/resource-information">
        <valueString value="RegulatedAuthorization"/>
      </extension>
      <reference>
        <reference value="RegulatedAuthorization/emacfsb1639761980721"/>
      </reference>
      <name value="emacfsb1639761980721"/>
      <description value="Regulated Authorization"/>
      <exampleBoolean value="true"/>
    </resource>
    <resource>
      <extension url="http://hl7.org/fhir/tools/StructureDefinition/resource-information">
        <valueString value="Ingredient"/>
      </extension>
      <reference>
        <reference value="Ingredient/emacfsb1639762372321"/>
      </reference>
      <name value="emacfsb1639762372321"/>
      <description value="Saccharin"/>
      <exampleBoolean value="true"/>
    </resource>
    <resource>
      <extension url="http://hl7.org/fhir/tools/StructureDefinition/resource-information">
        <valueString value="Ingredient"/>
      </extension>
      <reference>
        <reference value="Ingredient/emacfsb1639762372322"/>
      </reference>
      <name value="emacfsb1639762372322"/>
      <description value="Orange flavour"/>
      <exampleBoolean value="true"/>
    </resource>
    <resource>
      <extension url="http://hl7.org/fhir/tools/StructureDefinition/resource-information">
        <valueString value="Ingredient"/>
      </extension>
      <reference>
        <reference value="Ingredient/emacfsb1639762372323"/>
      </reference>
      <name value="emacfsb1639762372323"/>
      <description value="Mandarin flavour"/>
      <exampleBoolean value="true"/>
    </resource>
    <resource>
      <extension url="http://hl7.org/fhir/tools/StructureDefinition/resource-information">
        <valueString value="Ingredient"/>
      </extension>
      <reference>
        <reference value="Ingredient/emacfsb1639762593730"/>
      </reference>
      <name value="emacfsb1639762593730"/>
      <description value="Sucrose"/>
      <exampleBoolean value="true"/>
    </resource>
    <resource>
      <extension url="http://hl7.org/fhir/tools/StructureDefinition/resource-information">
        <valueString value="PackagedProductDefinition"/>
      </extension>
      <reference>
        <reference value="PackagedProductDefinition/emacfsb1639764389611"/>
      </reference>
      <name value="emacfsb1639764389611"/>
      <description value="Packaged Product - 2 sachets of 8 g of granules"/>
      <exampleBoolean value="true"/>
    </resource>
    <resource>
      <extension url="http://hl7.org/fhir/tools/StructureDefinition/resource-information">
        <valueString value="PackagedProductDefinition"/>
      </extension>
      <reference>
        <reference value="PackagedProductDefinition/emacfsb1639764389612"/>
      </reference>
      <name value="emacfsb1639764389612"/>
      <description value="Packaged Product - 1 sachet of 8 g of granules"/>
      <exampleBoolean value="true"/>
    </resource>
    <resource>
      <extension url="http://hl7.org/fhir/tools/StructureDefinition/resource-information">
        <valueString value="Composition"/>
      </extension>
      <reference>
        <reference value="Composition/emacfsb1639991356428"/>
      </reference>
      <name value="emacfsb1639991356428"/>
      <description value="Package Leaflet"/>
      <exampleBoolean value="true"/>
    </resource>
    <resource>
      <extension url="http://hl7.org/fhir/tools/StructureDefinition/resource-information">
        <valueString value="List"/>
      </extension>
      <reference>
        <reference value="List/emacfsb3868575536701"/>
      </reference>
      <name value="EMA Profile - Monuril FHIR Package Insert List"/>
      <description value="List of monuril package inserts for Connectathon testing"/>
      <exampleBoolean value="true"/>
    </resource>
    <resource>
      <extension url="http://hl7.org/fhir/tools/StructureDefinition/resource-information">
        <valueString value="Ingredient"/>
      </extension>
      <reference>
        <reference value="Ingredient/f4d45370-a6f1-4c35-a82a-f64982ab89b3"/>
      </reference>
      <name value="f4d45370-a6f1-4c35-a82a-f64982ab89b3"/>
      <description value="SUCROSE"/>
      <exampleCanonical value="http://hl7.eu/fhir/ig/gravitate-health/StructureDefinition/Ingredient-uv-epi"/>
    </resource>
    <resource>
      <extension url="http://hl7.org/fhir/tools/StructureDefinition/resource-information">
        <valueString value="SubstanceDefinition"/>
      </extension>
      <reference>
        <reference value="SubstanceDefinition/f733a07f-c7fb-43eb-9776-ec0a3e4748da"/>
      </reference>
      <name value="f733a07f-c7fb-43eb-9776-ec0a3e4748da"/>
      <description value="exemestane-sub"/>
      <exampleCanonical value="http://hl7.eu/fhir/ig/gravitate-health/StructureDefinition/SubstanceDefinition-uv-epi"/>
    </resource>
    <resource>
      <extension url="http://hl7.org/fhir/tools/StructureDefinition/resource-information">
        <valueString value="Ingredient"/>
      </extension>
      <reference>
        <reference value="Ingredient/fc31fc43-2825-41c6-8757-e1c0cab29712"/>
      </reference>
      <name value="fc31fc43-2825-41c6-8757-e1c0cab29712"/>
      <description value="HYPROMELLOSE, UNSPECIFIED "/>
      <exampleCanonical value="http://hl7.eu/fhir/ig/gravitate-health/StructureDefinition/Ingredient-uv-epi"/>
    </resource>
    <page>
      <nameUrl value="toc.html"/>
      <title value="Table of Contents"/>
      <generation value="html"/>
      <page>
        <nameUrl value="01-introduction.html"/>
        <title value="01 Introduction"/>
        <generation value="markdown"/>
      </page>
      <page>
        <nameUrl value="02-core-epi-profile.html"/>
        <title value="02 Core Epi Profile"/>
        <generation value="markdown"/>
      </page>
      <page>
        <nameUrl value="03-terminology.html"/>
        <title value="03 Terminology"/>
        <generation value="markdown"/>
      </page>
      <page>
        <nameUrl value="04-Steps-to-create-Core-FHIR-ePI.html"/>
        <title value="04 Steps to Create Core FHIR E PI"/>
        <generation value="markdown"/>
      </page>
      <page>
        <nameUrl value="05-capability.html"/>
        <title value="05 Capability"/>
        <generation value="markdown"/>
      </page>
      <page>
        <nameUrl value="06-general-technical-conformance-requirements.html"/>
        <title value="06 General Technical Conformance Requirements"/>
        <generation value="markdown"/>
      </page>
      <page>
        <nameUrl value="07-Appendix.html"/>
        <title value="07 Appendix"/>
        <generation value="markdown"/>
      </page>
      <page>
        <nameUrl value="08-Annex-I-ema-fhir-epi-profile.html"/>
        <title value="08 Annex I Ema Fhir Epi Profile"/>
        <generation value="markdown"/>
      </page>
      <page>
        <nameUrl value="08-Annex-II-fda-fhir-epi-profile.html"/>
        <title value="08 Annex II Fda Fhir Epi Profile"/>
        <generation value="markdown"/>
      </page>
      <page>
        <nameUrl value="08-Annex-III-pmda-fhir-epi-profile.html"/>
        <title value="08 Annex III Pmda Fhir Epi Profile"/>
        <generation value="markdown"/>
      </page>
    </page>
    <parameter>
      <code value="copyrightyear"/>
      <value value="2021+"/>
    </parameter>
    <parameter>
      <code value="releaselabel"/>
      <value value="CI Build"/>
    </parameter>
    <parameter>
      <code value="show-inherited-invariants"/>
      <value value="false"/>
    </parameter>
    <parameter>
      <code value="path-resource"/>
      <value value="input/resources/irbesartan"/>
    </parameter>
    <parameter>
      <code value="path-resource"/>
      <value value="input/resources/oxymetazoline-hydrochloride"/>
    </parameter>
    <parameter>
      <code value="path-resource"/>
      <value value="input/resources/dimethyl-fumarate"/>
    </parameter>
    <parameter>
      <code value="autoload-resources"/>
      <value value="true"/>
    </parameter>
    <parameter>
      <code value="path-resource"/>
      <value value="input/capabilities"/>
    </parameter>
    <parameter>
      <code value="path-resource"/>
      <value value="input/examples"/>
    </parameter>
    <parameter>
      <code value="path-resource"/>
      <value value="input/extensions"/>
    </parameter>
    <parameter>
      <code value="path-resource"/>
      <value value="input/models"/>
    </parameter>
    <parameter>
      <code value="path-resource"/>
      <value value="input/operations"/>
    </parameter>
    <parameter>
      <code value="path-resource"/>
      <value value="input/profiles"/>
    </parameter>
    <parameter>
      <code value="path-resource"/>
      <value value="input/resources"/>
    </parameter>
    <parameter>
      <code value="path-resource"/>
      <value value="input/vocabulary"/>
    </parameter>
    <parameter>
      <code value="path-resource"/>
      <value value="input/testing"/>
    </parameter>
    <parameter>
      <code value="path-resource"/>
      <value value="input/history"/>
    </parameter>
    <parameter>
      <code value="path-resource"/>
      <value value="fsh-generated/resources"/>
    </parameter>
    <parameter>
      <code value="path-pages"/>
      <value value="template/config"/>
    </parameter>
    <parameter>
      <code value="path-pages"/>
      <value value="input/images"/>
    </parameter>
    <parameter>
      <code value="path-liquid"/>
      <value value="template/liquid"/>
    </parameter>
    <parameter>
      <code value="path-liquid"/>
      <value value="input/liquid"/>
    </parameter>
    <parameter>
      <code value="path-qa"/>
      <value value="temp/qa"/>
    </parameter>
    <parameter>
      <code value="path-temp"/>
      <value value="temp/pages"/>
    </parameter>
    <parameter>
      <code value="path-output"/>
      <value value="output"/>
    </parameter>
    <parameter>
      <code value="path-tx-cache"/>
      <value value="input-cache/txcache"/>
    </parameter>
    <parameter>
      <code value="path-suppressed-warnings"/>
      <value value="input/ignoreWarnings.txt"/>
    </parameter>
    <parameter>
      <code value="path-history"/>
      <value value="http://hl7.eu/fhir/ig/gravitate-health/history.html"/>
    </parameter>
    <parameter>
      <code value="template-html"/>
      <value value="template-page.html"/>
    </parameter>
    <parameter>
      <code value="template-md"/>
      <value value="template-page-md.html"/>
    </parameter>
    <parameter>
      <code value="apply-contact"/>
      <value value="true"/>
    </parameter>
    <parameter>
      <code value="apply-context"/>
      <value value="true"/>
    </parameter>
    <parameter>
      <code value="apply-copyright"/>
      <value value="true"/>
    </parameter>
    <parameter>
      <code value="apply-jurisdiction"/>
      <value value="true"/>
    </parameter>
    <parameter>
      <code value="apply-license"/>
      <value value="true"/>
    </parameter>
    <parameter>
      <code value="apply-publisher"/>
      <value value="true"/>
    </parameter>
    <parameter>
      <code value="apply-version"/>
      <value value="true"/>
    </parameter>
    <parameter>
      <code value="active-tables"/>
      <value value="true"/>
    </parameter>
    <parameter>
      <code value="fmm-definition"/>
      <value value="http://hl7.org/fhir/versions.html#maturity"/>
    </parameter>
    <parameter>
      <code value="propagate-status"/>
      <value value="true"/>
    </parameter>
    <parameter>
      <code value="excludelogbinaryformat"/>
      <value value="true"/>
    </parameter>
  </definition>
</ImplementationGuide>