<?xml version="1.0" encoding="UTF-8"?>

<Ingredient xmlns="http://hl7.org/fhir">
  <id value="cfsb1639762372322"/>
  <text>
    <status value="generated"/><div xmlns="http://www.w3.org/1999/xhtml"><p><b>Generated Narrative</b></p><div style="display: inline-block; background-color: #d9e0e7; padding: 6px; margin: 4px; border: 1px solid #8da1b4; border-radius: 5px; line-height: 60%"><p style="margin-bottom: 0px">Resource "cfsb1639762372322" </p></div><p><b>status</b>: active</p><p><b>role</b>: Excipient <span style="background: LightGoldenRodYellow; margin: 4px; border: 1px solid khaki"> (#100000072082)</span></p><h3>Manufacturers</h3><table class="grid"><tr><td>-</td><td><b>Manufacturer</b></td></tr><tr><td>*</td><td><a href="Organization-cfsb1639753766266.html">Organization/cfsb1639753766266</a> "Zambon S.p.A."</td></tr></table><blockquote><p><b>substance</b></p></blockquote></div>
  </text>
  <status value="active"/>
  <role>
    <coding>
      <system value="https://spor.ema.europa.eu/rmswi/"/>
      <code value="100000072082"/>
    </coding>
    <text value="Excipient"/>
  </role>
  <manufacturer>
    <manufacturer>
      <reference value="Organization/cfsb1639753766266"/>
    </manufacturer>
  </manufacturer>
  <substance>
    <code>
      <concept>
        <coding>
          <system value="https://gsrs.ncats.nih.gov/ginas/app/beta/home"/>
          <code value="5EVU04N5QU"/>
          <display value="Orange"/>
        </coding>
      </concept>
    </code>
  </substance>
</Ingredient>