<?xml version="1.0" encoding="UTF-8"?>

<ManufacturedItemDefinition xmlns="http://hl7.org/fhir">
  <id value="cfsb1640777487408"/>
  <text>
    <status value="generated"/><div xmlns="http://www.w3.org/1999/xhtml"><p><b>Generated Narrative</b></p><div style="display: inline-block; background-color: #d9e0e7; padding: 6px; margin: 4px; border: 1px solid #8da1b4; border-radius: 5px; line-height: 60%"><p style="margin-bottom: 0px">Resource "cfsb1640777487408" </p></div><p><b>identifier</b>: id: EU/1/96/007/035 (OFFICIAL)</p><p><b>status</b>: active</p><p><b>manufacturedDoseForm</b>: Suspension for injection <span style="background: LightGoldenRodYellow; margin: 4px; border: 1px solid khaki"> (#100000073864)</span></p><p><b>unitOfPresentation</b>: Pen <span style="background: LightGoldenRodYellow; margin: 4px; border: 1px solid khaki"> (<a href="CodeSystem-CodeSystemUvEPIRrmswi.html">Referentials Management Services CodeSystem</a>#200000002135)</span></p><p><b>manufacturer</b>: <a href="Organization-cfsb1640870328895.html">Organization/cfsb1640870328895</a> "Lilly S.A."</p></div>
  </text>
  <identifier>
    <use value="official"/>
    <system value="https://spor.ema.europa.eu/pmswi/#/"/>
    <value value="EU/1/96/007/035"/>
  </identifier>
  <status value="active"/>
  <manufacturedDoseForm>
    <coding>
      <system value="https://spor.ema.europa.eu/rmswi/"/>
      <code value="100000073864"/>
    </coding>
    <text value="Suspension for injection"/>
  </manufacturedDoseForm>
  <unitOfPresentation>
    <coding>
      <system value="https://spor.ema.europa.eu/rmswi"/>
      <code value="200000002135"/>
    </coding>
    <text value="Pen"/>
  </unitOfPresentation>
  <manufacturer>
    <reference value="Organization/cfsb1640870328895"/>
  </manufacturer>
</ManufacturedItemDefinition>