<?xml version="1.0" encoding="UTF-8"?>

<Organization xmlns="http://hl7.org/fhir">
  <id value="85c5d81e-9d5a-4a15-8b9d-42bbbe0409c8"/>
  <meta>
    <profile value="http://hl7.org/fhir/uv/vulcan-epi/StructureDefinition/Organization-uv-epi"/>
  </meta>
  <text>
    <status value="generated"/><div xmlns="http://www.w3.org/1999/xhtml"><p><b>Generated Narrative: Organization</b></p><div style="display: inline-block; background-color: #d9e0e7; padding: 6px; margin: 4px; border: 1px solid #8da1b4; border-radius: 5px; line-height: 60%"><p style="margin-bottom: 0px">Resource Organization "85c5d81e-9d5a-4a15-8b9d-42bbbe0409c8" </p><p style="margin-bottom: 0px">Profile: <a href="StructureDefinition-Organization-uv-epi.html">Organization (ePI)</a></p></div><p><b>identifier</b>: id: 618054084 (OFFICIAL)</p><p><b>active</b>: true</p><p><b>type</b>: Manufacturer <span style="background: LightGoldenRodYellow; margin: 4px; border: 1px solid khaki"> (#tbd "Marketing authorisation holder")</span></p><p><b>name</b>: PHARMACIA &amp; UPJOHN COMPANY LLC</p><p><b>telecom</b>: ph: 1-908-901-8000(WORK)</p><p><b>address</b>: 100 Route 206 North Peapack, NJ 07977 United States(WORK)</p></div>
  </text>
  <identifier>
    <use value="official"/>
    <system value="https://fda-org-id"/>
    <value value="618054084"/>
  </identifier>
  <active value="true"/>
  <type>
    <coding>
      <system value="https://fda-org-type.gov/"/>
      <code value="tbd"/>
      <display value="Marketing authorisation holder"/>
    </coding>
    <text value="Manufacturer"/>
  </type>
  <name value="PHARMACIA &amp; UPJOHN COMPANY LLC"/>
  <telecom>
    <system value="phone"/>
    <value value="1-908-901-8000"/>
    <use value="work"/>
  </telecom>
  <address>
    <use value="work"/>
    <type value="physical"/>
    <text value="100 Route 206 North Peapack, NJ 07977 United States"/>
    <line value="100 Route 206 North Peapack"/>
    <city value="New Jersey"/>
    <postalCode value="07977"/>
    <country value="United States"/>
  </address>
</Organization>