<?xml version="1.0" encoding="UTF-8"?>

<Organization xmlns="http://hl7.org/fhir">
  <id value="cfsb1651149636159"/>
  <text>
    <status value="generated"/><div xmlns="http://www.w3.org/1999/xhtml"><p><b>Generated Narrative: Organization</b></p><div style="display: inline-block; background-color: #d9e0e7; padding: 6px; margin: 4px; border: 1px solid #8da1b4; border-radius: 5px; line-height: 60%"><p style="margin-bottom: 0px">Resource Organization "cfsb1651149636159" </p></div><p><b>identifier</b>: id: ORG-100012958 (OFFICIAL)</p><p><b>active</b>: true</p><p><b>type</b>: Marketing authorisation holder <span style="background: LightGoldenRodYellow; margin: 4px; border: 1px solid khaki"> (<a href="CodeSystem-CodeSystemUvEPIRrmswi.html">Referentials Management Services CodeSystem</a>#220000000034)</span></p><p><b>name</b>: ViiV Healthcare BV</p><p><b>address</b>: Van Asch van Wijckstraat 55H 3811 LP Amersfoort Netherlands(WORK)</p></div>
  </text>
  <identifier>
    <use value="official"/>
    <system value="https://spor.ema.europa.eu/omswi"/>
    <value value="ORG-100012958"/>
  </identifier>
  <active value="true"/>
  <type>
    <coding>
      <system value="https://spor.ema.europa.eu/rmswi"/>
      <code value="220000000034"/>
      <display value="Marketing authorisation holder"/>
    </coding>
    <text value="Marketing authorisation holder"/>
  </type>
  <name value="ViiV Healthcare BV"/>
  <address>
    <use value="work"/>
    <type value="physical"/>
    <text value="Van Asch van Wijckstraat 55H 3811 LP Amersfoort Netherlands"/>
    <line value="Van Asch van Wijckstraat 55H"/>
    <city value="Amersfoort"/>
    <country value="NL"/>
  </address>
</Organization>