<?xml version="1.0" encoding="UTF-8"?>

<SubstanceDefinition xmlns="http://hl7.org/fhir">
  <id value="f733a07f-c7fb-43eb-9776-ec0a3e4748da"/>
  <text>
    <status value="generated"/><div xmlns="http://www.w3.org/1999/xhtml"><p><b>Generated Narrative</b></p><div style="display: inline-block; background-color: #d9e0e7; padding: 6px; margin: 4px; border: 1px solid #8da1b4; border-radius: 5px; line-height: 60%"><p style="margin-bottom: 0px">Resource "f733a07f-c7fb-43eb-9776-ec0a3e4748da" </p></div><p><b>identifier</b>: id: NY22HMQ4BX (OFFICIAL)</p><p><b>version</b>: 39</p><p><b>status</b>: Validated (UNII) <span style="background: LightGoldenRodYellow; margin: 4px; border: 1px solid khaki"> (#1)</span></p><p><b>description</b>: White to yellowish white It is a powder of. N ,N -Slightly soluble in dimethylformamide and tetrahydroflan, slightly soluble in methanol and ethanol (95), sparingly soluble in acetonitrile, and practically insoluble in water.</p><p><b>manufacturer</b>: <a href="Organization-7f257409-3b65-401d-a246-7ae51e298fbb.html">Organization/7f257409-3b65-401d-a246-7ae51e298fbb</a> "Pfizer, Inc."</p><h3>MolecularWeights</h3><table class="grid"><tr><td>-</td><td><b>Type</b></td><td><b>Amount</b></td></tr><tr><td>*</td><td>exact <span style="background: LightGoldenRodYellow; margin: 4px; border: 1px solid khaki"> ()</span></td><td>296.4</td></tr></table><h3>Structures</h3><table class="grid"><tr><td>-</td><td><b>MolecularFormula</b></td></tr><tr><td>*</td><td>C20H24O2</td></tr></table><h3>Names</h3><table class="grid"><tr><td>-</td><td><b>Name</b></td><td><b>Type</b></td></tr><tr><td>*</td><td>(+)-6-methyleneandrosta-1,4-diene-3,17-dione</td><td>Chemical Name <span style="background: LightGoldenRodYellow; margin: 4px; border: 1px solid khaki"> (#1)</span></td></tr></table></div>
  </text>
  <identifier>
    <use value="official"/>
    <system value="https://gsrs.ncats.nih.gov/ginas/app/beta/"/>
    <value value="NY22HMQ4BX"/>
  </identifier>
  <version value="39"/>
  <status>
    <coding>
      <system value="https://gsrs.ncats.nih.gov/ginas/app/beta/"/>
      <code value="1"/>
    </coding>
    <text value="Validated (UNII)"/>
  </status>
  <description value="White to yellowish white It is a powder of. N ,N -Slightly soluble in dimethylformamide and tetrahydroflan, slightly soluble in methanol and ethanol (95), sparingly soluble in acetonitrile, and practically insoluble in water."/>
  <manufacturer>
    <reference value="Organization/7f257409-3b65-401d-a246-7ae51e298fbb"/>
  </manufacturer>
  <molecularWeight>
    <type>
      <text value="exact"/>
    </type>
    <amount>
      <value value="296.4"/>
    </amount>
  </molecularWeight>
  <structure>
    <molecularFormula value="C20H24O2"/>
  </structure>
  <name>
    <name value="(+)-6-methyleneandrosta-1,4-diene-3,17-dione"/>
    <type>
      <coding>
        <system value="https://gsrs.ncats.nih.gov/ginas/app/beta/"/>
        <code value="1"/>
      </coding>
      <text value="Chemical Name"/>
    </type>
  </name>
</SubstanceDefinition>