<?xml version="1.0" encoding="UTF-8"?><CapabilityStatement xmlns="http://hl7.org/fhir"><id value="capability-statement-ema"/><text><status value="extensions"/><div xmlns="http://www.w3.org/1999/xhtml"><h2>Summary of Product Characteristics (SmPC) / Package Leaflet (PL) server</h2><table><tr><td>Mode</td><td>SERVER</td></tr><tr><td>Description</td><td/></tr><tr><td>Transaction</td><td></td></tr><tr><td>System History</td><td></td></tr><tr><td>System Search</td><td></td></tr></table><table><tr><th><b>Resource Type</b></th><th><b>Profile</b></th><th><b title="GET a resource (read interaction)">Read</b></th><th><b title="GET past versions of resources (vread interaction)">V-Read</b></th><th><b title="GET all set of resources of the type (search interaction)">Search</b></th><th><b title="PUT a new resource version (update interaction)">Update</b></th><th><b title="POST a new resource (create interaction)">Create</b></th><th><b title="GET changes to a resource (history interaction on instance)">Updates</b></th><th><b title="GET changes for all resources of the type (history interaction on type)">History</b></th></tr><tr><td>Bundle</td><td><a href="http://hl7.org/fhir/StructureDefinition/Bundle">http://hl7.org/fhir/StructureDefinition/Bundle</a></td><td>y</td><td>y</td><td>y</td><td></td><td></td><td>y</td><td>y</td></tr><tr><td>List</td><td><a href="http://hl7.org/fhir/StructureDefinition/List">http://hl7.org/fhir/StructureDefinition/List</a></td><td>y</td><td>y</td><td>y</td><td></td><td></td><td>y</td><td>y</td></tr></table></div></text><url value="/metadata"/><version value="0.1.0"/><name value="Summary of Product Characteristics (SmPC) / Package Leaflet (PL) server"/><status value="draft"/><experimental value="true"/><date value="2021-06-02T10:11:40.5962333Z"/><publisher value="https://www.gravitatehealth.eu/"/><contact><name value="Gravitate Health Project"/><telecom><system value="url"/><value value="https://www.gravitatehealth.eu/"/></telecom></contact><kind value="capability"/><implementation><description value="Gravitate Health R4 Endpoint"/><url value="https://www.gravitatehealth.eu/"/></implementation><fhirVersion value="4.1.0"/><format value="application/fhir+json"/><format value="json"/><format value="application/fhir+xml"/><format value="xml"/><rest><mode value="server"/><resource><type value="Bundle"/><profile value="http://hl7.org/fhir/StructureDefinition/Bundle"/><interaction><code value="read"/></interaction><interaction><code value="vread"/></interaction><interaction><code value="history-type"/></interaction><interaction><code value="history-instance"/></interaction><interaction><code value="search-type"/></interaction><versioning value="versioned"/><readHistory value="true"/><updateCreate value="false"/><conditionalCreate value="false"/><conditionalUpdate value="false"/><searchRevInclude value="Composition:entry"/><searchRevInclude value="List:item"/><searchParam><name value="_id"/><definition value="http://hl7.org/fhir/SearchParameter/Resource-id"/><type value="token"/><documentation value="Logical id of this artifact"/></searchParam><searchParam><name value="_security"/><definition value="http://hl7.org/fhir/SearchParameter/Resource-security"/><type value="token"/><documentation value="Security Labels applied to this resource"/></searchParam><searchParam><name value="_profile"/><definition value="http://hl7.org/fhir/SearchParameter/Resource-profile"/><type value="uri"/><documentation value="Profiles this resource claims to conform to"/></searchParam><searchParam><name value="type"/><definition value="http://hl7.org/fhir/SearchParameter/Bundle-type"/><type value="token"/><documentation value="document | message | transaction | transaction-response | batch | batch-response | history | searchset | collection | subscription-notification"/></searchParam><searchParam><name value="identifier"/><definition value="http://hl7.org/fhir/SearchParameter/Bundle-identifier"/><type value="token"/><documentation value="Persistent identifier for the bundle"/></searchParam><searchParam><name value="_lastUpdated"/><definition value="http://hl7.org/fhir/SearchParameter/Resource-lastUpdated"/><type value="date"/><documentation value="When the resource version last changed"/></searchParam><searchParam><name value="_source"/><definition value="http://hl7.org/fhir/SearchParameter/Resource-source"/><type value="uri"/><documentation value="Identifies where the resource comes from"/></searchParam><searchParam><name value="timestamp"/><definition value="http://hl7.org/fhir/SearchParameter/Bundle-timestamp"/><type value="date"/><documentation value="When the bundle was assembled"/></searchParam><searchParam><name value="_tag"/><definition value="http://hl7.org/fhir/SearchParameter/Resource-tag"/><type value="token"/><documentation value="Tags applied to this resource"/></searchParam></resource><resource><type value="List"/><profile value="http://hl7.org/fhir/StructureDefinition/List"/><interaction><code value="read"/></interaction><interaction><code value="vread"/></interaction><interaction><code value="history-type"/></interaction><interaction><code value="history-instance"/></interaction><interaction><code value="search-type"/></interaction><versioning value="versioned"/><readHistory value="true"/><updateCreate value="false"/><conditionalCreate value="false"/><conditionalUpdate value="false"/><searchInclude value="List:subject"/><searchInclude value="List:item"/><searchInclude value="List:source"/><searchInclude value="List:patient"/><searchInclude value="List:encounter"/><searchInclude value="*"/><searchRevInclude value="Composition:entry"/><searchRevInclude value="List:item"/><searchParam><name value="_id"/><definition value="http://hl7.org/fhir/SearchParameter/Resource-id"/><type value="token"/><documentation value="Logical id of this artifact"/></searchParam><searchParam><name value="_security"/><definition value="http://hl7.org/fhir/SearchParameter/Resource-security"/><type value="token"/><documentation value="Security Labels applied to this resource"/></searchParam><searchParam><name value="_profile"/><definition value="http://hl7.org/fhir/SearchParameter/Resource-profile"/><type value="uri"/><documentation value="Profiles this resource claims to conform to"/></searchParam><searchParam><name value="notes"/><definition value="http://hl7.org/fhir/SearchParameter/List-notes"/><type value="string"/><documentation value="The annotation  - text content (as markdown)"/></searchParam><searchParam><name value="title"/><definition value="http://hl7.org/fhir/SearchParameter/List-title"/><type value="string"/><documentation value="Descriptive name for the list"/></searchParam><searchParam><name value="identifier"/><definition value="http://hl7.org/fhir/SearchParameter/clinical-identifier"/><type value="token"/><documentation value="Multiple Resources: &#xD;&#xA;&#xD;&#xA;* [AllergyIntolerance](allergyintolerance.html): External ids for this item&#xD;&#xA;* [CarePlan](careplan.html): External Ids for this plan&#xD;&#xA;* [CareTeam](careteam.html): External Ids for this team&#xD;&#xA;* [Composition](composition.html): Version-independent identifier for the Composition&#xD;&#xA;* [Condition](condition.html): A unique identifier of the condition record&#xD;&#xA;* [Consent](consent.html): Identifier for this record (external references)&#xD;&#xA;* [DetectedIssue](detectedissue.html): Unique id for the detected issue&#xD;&#xA;* [DeviceRequest](devicerequest.html): Business identifier for request/order&#xD;&#xA;* [DiagnosticReport](diagnosticreport.html): An identifier for the report&#xD;&#xA;* [DocumentManifest](documentmanifest.html): Unique Identifier for the set of documents&#xD;&#xA;* [DocumentReference](documentreference.html): Identifier of the attachment binary&#xD;&#xA;* [Encounter](encounter.html): Identifier(s) by which this encounter is known&#xD;&#xA;* [EpisodeOfCare](episodeofcare.html): Business Identifier(s) relevant for this EpisodeOfCare&#xD;&#xA;* [FamilyMemberHistory](familymemberhistory.html): A search by a record identifier&#xD;&#xA;* [Goal](goal.html): External Ids for this goal&#xD;&#xA;* [ImagingStudy](imagingstudy.html): Identifiers for the Study, such as DICOM Study Instance UID and Accession number&#xD;&#xA;* [Immunization](immunization.html): Business identifier&#xD;&#xA;* [List](list.html): Business identifier&#xD;&#xA;* [MedicationAdministration](medicationadministration.html): Return administrations with this external identifier&#xD;&#xA;* [MedicationDispense](medicationdispense.html): Returns dispenses with this external identifier&#xD;&#xA;* [MedicationRequest](medicationrequest.html): Return prescriptions with this external identifier&#xD;&#xA;* [MedicationUsage](medicationusage.html): Return statements with this external identifier&#xD;&#xA;* [NutritionOrder](nutritionorder.html): Return nutrition orders with this external identifier&#xD;&#xA;* [Observation](observation.html): The unique id for a particular observation&#xD;&#xA;* [Procedure](procedure.html): A unique identifier for a procedure&#xD;&#xA;* [RiskAssessment](riskassessment.html): Unique identifier for the assessment&#xD;&#xA;* [ServiceRequest](servicerequest.html): Identifiers assigned to this order&#xD;&#xA;* [SupplyDelivery](supplydelivery.html): External identifier&#xD;&#xA;* [SupplyRequest](supplyrequest.html): Business Identifier for SupplyRequest&#xD;&#xA;* [VisionPrescription](visionprescription.html): Return prescriptions with this external identifier"/></searchParam><searchParam><name value="_lastUpdated"/><definition value="http://hl7.org/fhir/SearchParameter/Resource-lastUpdated"/><type value="date"/><documentation value="When the resource version last changed"/></searchParam><searchParam><name value="subject"/><definition value="http://hl7.org/fhir/SearchParameter/List-subject"/><type value="reference"/><documentation value="If all resources have the same subject"/></searchParam><searchParam><name value="item"/><definition value="http://hl7.org/fhir/SearchParameter/List-item"/><type value="reference"/><documentation value="Actual entry"/></searchParam><searchParam><name value="source"/><definition value="http://hl7.org/fhir/SearchParameter/List-source"/><type value="reference"/><documentation value="Who and/or what defined the list contents (aka Author)"/></searchParam><searchParam><name value="_source"/><definition value="http://hl7.org/fhir/SearchParameter/Resource-source"/><type value="uri"/><documentation value="Identifies where the resource comes from"/></searchParam><searchParam><name value="patient"/><definition value="http://hl7.org/fhir/SearchParameter/clinical-patient"/><type value="reference"/><documentation value="Multiple Resources: &#xD;&#xA;&#xD;&#xA;* [AllergyIntolerance](allergyintolerance.html): Who the sensitivity is for&#xD;&#xA;* [CarePlan](careplan.html): Who the care plan is for&#xD;&#xA;* [CareTeam](careteam.html): Who care team is for&#xD;&#xA;* [ClinicalImpression](clinicalimpression.html): Patient or group assessed&#xD;&#xA;* [Composition](composition.html): Who and/or what the composition is about&#xD;&#xA;* [Condition](condition.html): Who has the condition?&#xD;&#xA;* [Consent](consent.html): Who the consent applies to&#xD;&#xA;* [DetectedIssue](detectedissue.html): Associated patient&#xD;&#xA;* [DeviceRequest](devicerequest.html): Individual the service is ordered for&#xD;&#xA;* [DeviceUseStatement](deviceusestatement.html): Search by subject - a patient&#xD;&#xA;* [DiagnosticReport](diagnosticreport.html): The subject of the report if a patient&#xD;&#xA;* [DocumentManifest](documentmanifest.html): The subject of the set of documents&#xD;&#xA;* [DocumentReference](documentreference.html): Who/what is the subject of the document&#xD;&#xA;* [Encounter](encounter.html): The patient or group present at the encounter&#xD;&#xA;* [EpisodeOfCare](episodeofcare.html): The patient who is the focus of this episode of care&#xD;&#xA;* [FamilyMemberHistory](familymemberhistory.html): The identity of a subject to list family member history items for&#xD;&#xA;* [Flag](flag.html): The identity of a subject to list flags for&#xD;&#xA;* [Goal](goal.html): Who this goal is intended for&#xD;&#xA;* [ImagingStudy](imagingstudy.html): Who the study is about&#xD;&#xA;* [Immunization](immunization.html): The patient for the vaccination record&#xD;&#xA;* [List](list.html): If all resources have the same subject&#xD;&#xA;* [MedicationAdministration](medicationadministration.html): The identity of a patient to list administrations  for&#xD;&#xA;* [MedicationDispense](medicationdispense.html): The identity of a patient to list dispenses  for&#xD;&#xA;* [MedicationRequest](medicationrequest.html): Returns prescriptions for a specific patient&#xD;&#xA;* [MedicationUsage](medicationusage.html): Returns statements for a specific patient.&#xD;&#xA;* [NutritionOrder](nutritionorder.html): The identity of the person who requires the diet, formula or nutritional supplement&#xD;&#xA;* [Observation](observation.html): The subject that the observation is about (if patient)&#xD;&#xA;* [Procedure](procedure.html): Search by subject - a patient&#xD;&#xA;* [RiskAssessment](riskassessment.html): Who/what does assessment apply to?&#xD;&#xA;* [ServiceRequest](servicerequest.html): Search by subject - a patient&#xD;&#xA;* [SupplyDelivery](supplydelivery.html): Patient for whom the item is supplied&#xD;&#xA;* [VisionPrescription](visionprescription.html): The identity of a patient to list dispenses for"/></searchParam><searchParam><name value="code"/><definition value="http://hl7.org/fhir/SearchParameter/clinical-code"/><type value="token"/><documentation value="Multiple Resources: &#xD;&#xA;&#xD;&#xA;* [AllergyIntolerance](allergyintolerance.html): Code that identifies the allergy or intolerance&#xD;&#xA;* [Condition](condition.html): Code for the condition&#xD;&#xA;* [DeviceRequest](devicerequest.html): Code for what is being requested/ordered&#xD;&#xA;* [DiagnosticReport](diagnosticreport.html): The code for the report, as opposed to codes for the atomic results, which are the names on the observation resource referred to from the result&#xD;&#xA;* [FamilyMemberHistory](familymemberhistory.html): A search by a condition code&#xD;&#xA;* [List](list.html): What the purpose of this list is&#xD;&#xA;* [Medication](medication.html): Returns medications for a specific code&#xD;&#xA;* [MedicationAdministration](medicationadministration.html): Return administrations of this medication code&#xD;&#xA;* [MedicationDispense](medicationdispense.html): Returns dispenses of this medicine code&#xD;&#xA;* [MedicationRequest](medicationrequest.html): Return prescriptions of this medication code&#xD;&#xA;* [MedicationUsage](medicationusage.html): Return statements of this medication code&#xD;&#xA;* [Observation](observation.html): The code of the observation type&#xD;&#xA;* [Procedure](procedure.html): A code to identify a  procedure&#xD;&#xA;* [ServiceRequest](servicerequest.html): What is being requested/ordered"/></searchParam><searchParam><name value="_tag"/><definition value="http://hl7.org/fhir/SearchParameter/Resource-tag"/><type value="token"/><documentation value="Tags applied to this resource"/></searchParam><searchParam><name value="status"/><definition value="http://hl7.org/fhir/SearchParameter/List-status"/><type value="token"/><documentation value="current | retired | entered-in-error"/></searchParam><searchParam><name value="encounter"/><definition value="http://hl7.org/fhir/SearchParameter/clinical-encounter"/><type value="reference"/><documentation value="Multiple Resources: &#xD;&#xA;&#xD;&#xA;* [Composition](composition.html): Context of the Composition&#xD;&#xA;* [DeviceRequest](devicerequest.html): Encounter during which request was created&#xD;&#xA;* [DiagnosticReport](diagnosticreport.html): The Encounter when the order was made&#xD;&#xA;* [DocumentReference](documentreference.html): Context of the document  content&#xD;&#xA;* [Flag](flag.html): Alert relevant during encounter&#xD;&#xA;* [List](list.html): Context in which list created&#xD;&#xA;* [NutritionOrder](nutritionorder.html): Return nutrition orders with this encounter identifier&#xD;&#xA;* [Observation](observation.html): Encounter related to the observation&#xD;&#xA;* [Procedure](procedure.html): The Encounter during which this Procedure was created&#xD;&#xA;* [RiskAssessment](riskassessment.html): Where was assessment performed?&#xD;&#xA;* [ServiceRequest](servicerequest.html): An encounter in which this request is made&#xD;&#xA;* [VisionPrescription](visionprescription.html): Return prescriptions with this encounter identifier"/></searchParam><searchParam><name value="date"/><definition value="http://hl7.org/fhir/SearchParameter/clinical-date"/><type value="date"/><documentation value="Multiple Resources: &#xD;&#xA;&#xD;&#xA;* [AllergyIntolerance](allergyintolerance.html): Date first version of the resource instance was recorded&#xD;&#xA;* [CarePlan](careplan.html): Time period plan covers&#xD;&#xA;* [CareTeam](careteam.html): A date within the coverage time period.&#xD;&#xA;* [ClinicalImpression](clinicalimpression.html): When the assessment was documented&#xD;&#xA;* [Composition](composition.html): Composition editing time&#xD;&#xA;* [Consent](consent.html): When consent was agreed to&#xD;&#xA;* [DiagnosticReport](diagnosticreport.html): The clinically relevant time of the report&#xD;&#xA;* [Encounter](encounter.html): A date within the period the Encounter lasted&#xD;&#xA;* [EpisodeOfCare](episodeofcare.html): The provided date search value falls within the episode of care&#39;s period&#xD;&#xA;* [FamilyMemberHistory](familymemberhistory.html): When history was recorded or last updated&#xD;&#xA;* [Flag](flag.html): Time period when flag is active&#xD;&#xA;* [Immunization](immunization.html): Vaccination  (non)-Administration Date&#xD;&#xA;* [List](list.html): When the list was prepared&#xD;&#xA;* [Observation](observation.html): Obtained date/time. If the obtained element is a period, a date that falls in the period&#xD;&#xA;* [Procedure](procedure.html): When the procedure occurred or is occurring&#xD;&#xA;* [RiskAssessment](riskassessment.html): When was assessment made?&#xD;&#xA;* [SupplyRequest](supplyrequest.html): When the request was made"/></searchParam><searchParam><name value="empty-reason"/><definition value="http://hl7.org/fhir/SearchParameter/List-empty-reason"/><type value="token"/><documentation value="Why list is empty"/></searchParam></resource></rest></CapabilityStatement>