<?xml version="1.0" encoding="UTF-8"?><CodeSystem xmlns="http://hl7.org/fhir"><id value="CodeSystemUvEPIRpmswi"/><text><status value="generated"/><div xmlns="http://www.w3.org/1999/xhtml"><p>This code system https://spor.ema.europa.eu/pmswi defines the following codes:</p><table class="codes"><tr><td style="white-space:nowrap"><b>Code</b></td></tr><tr><td style="white-space:nowrap">1<a name="CodeSystemUvEPIRpmswi-1"> </a></td></tr><tr><td style="white-space:nowrap">2<a name="CodeSystemUvEPIRpmswi-2"> </a></td></tr></table></div></text><url value="https://spor.ema.europa.eu/pmswi"/><version value="0.1.0"/><name value="CodeSystemUvEPIRpmswi"/><title value="Products Management Services CodeSystem"/><status value="active"/><date value="2022-07-05T18:55:08+00:00"/><contact><name value="Gravitate Health Project"/><telecom><system value="url"/><value value="https://www.gravitatehealth.eu/"/></telecom></contact><description value="Items from https://spor.ema.europa.eu/pmswi"/><content value="complete"/><count value="2"/><concept><code value="1"/></concept><concept><code value="2"/></concept></CodeSystem>