[
  {
    "id": "capability-statement-ema",
    "type": "CapabilityStatement",
    "url": "/metadata",
    "version": "0.1.0",
    "name": "Summary of Product Characteristics (SmPC) / Package Leaflet (PL) server"
  },
  {
    "id": "hl7.eu.fhir.gh",
    "type": "ImplementationGuide",
    "url": "http://hl7.eu/fhir/ig/gravitate-health/ImplementationGuide/hl7.eu.fhir.gh",
    "version": "0.1.0",
    "name": "GhImplementationGuide"
  },
  {
    "id": "Example",
    "type": "CodeSystem",
    "url": "http://spor.ema.europa.eu/v1/example-sections",
    "version": "0.1.0",
    "name": "Example"
  },
  {
    "id": "Examplesmpc",
    "type": "CodeSystem",
    "url": "http://spor.ema.europa.eu/v1/example-sections-smpc",
    "version": "0.1.0",
    "name": "Examplesmpc"
  }
]