<?xml version="1.0" encoding="UTF-8"?>

<ClinicalUseDefinition xmlns="http://hl7.org/fhir">
  <id value="cfsb1639240847910"/>
  <text>
    <status value="generated"/><div xmlns="http://www.w3.org/1999/xhtml"><p><b>Generated Narrative</b></p><div style="display: inline-block; background-color: #d9e0e7; padding: 6px; margin: 4px; border: 1px solid #8da1b4; border-radius: 5px; line-height: 60%"><p style="margin-bottom: 0px">Resource "cfsb1639240847910" </p></div><p><b>identifier</b>: id: Gastrointestinal disorders (OFFICIAL)</p><p><b>type</b>: contraindication</p><p><b>subject</b>: </p><ul><li><a href="MedicinalProductDefinition-cfsb1639230499322.html">MedicinalProductDefinition/cfsb1639230499322</a></li><li><a href="cfsb1639238291499">cfsb1639238291499</a></li><li><a href="MedicinalProductDefinition-cfsb1639230646463.html">MedicinalProductDefinition/cfsb1639230646463</a></li><li><a href="MedicinalProductDefinition-cfsb1639230697840.html">MedicinalProductDefinition/cfsb1639230697840</a></li><li><a href="MedicinalProductDefinition-cfsb1639230722203.html">MedicinalProductDefinition/cfsb1639230722203</a></li><li><a href="MedicinalProductDefinition-cfsb1639230742250.html">MedicinalProductDefinition/cfsb1639230742250</a></li><li><a href="MedicinalProductDefinition-cfsb1639230766661.html">MedicinalProductDefinition/cfsb1639230766661</a></li><li><a href="MedicinalProductDefinition-cfsb1639230793613.html">MedicinalProductDefinition/cfsb1639230793613</a></li><li><a href="MedicinalProductDefinition-cfsb1639230826758.html">MedicinalProductDefinition/cfsb1639230826758</a></li><li><a href="MedicinalProductDefinition-cfsb1639230887164.html">MedicinalProductDefinition/cfsb1639230887164</a></li><li><a href="MedicinalProductDefinition-cfsb1639230903448.html">MedicinalProductDefinition/cfsb1639230903448</a></li><li><a href="MedicinalProductDefinition-cfsb1639230862286.html">MedicinalProductDefinition/cfsb1639230862286</a></li><li><a href="MedicinalProductDefinition-cfsb1639230548265.html">MedicinalProductDefinition/cfsb1639230548265</a></li><li><a href="MedicinalProductDefinition-cfsb1639230598497.html">MedicinalProductDefinition/cfsb1639230598497</a></li></ul></div>
  </text>
  <identifier>
    <use value="official"/>
    <system value="https://spor.ema.europa.eu/rmswi/#/"/>
    <value value="Gastrointestinal disorders"/>
  </identifier>
  <type value="contraindication"/>
  <subject>
    <reference value="MedicinalProductDefinition/cfsb1639230499322"/>
  </subject>
  <subject>
    <reference value="cfsb1639238291499"/>
  </subject>
  <subject>
    <reference value="MedicinalProductDefinition/cfsb1639230646463"/>
  </subject>
  <subject>
    <reference value="MedicinalProductDefinition/cfsb1639230697840"/>
  </subject>
  <subject>
    <reference value="MedicinalProductDefinition/cfsb1639230722203"/>
  </subject>
  <subject>
    <reference value="MedicinalProductDefinition/cfsb1639230742250"/>
  </subject>
  <subject>
    <reference value="MedicinalProductDefinition/cfsb1639230766661"/>
  </subject>
  <subject>
    <reference value="MedicinalProductDefinition/cfsb1639230793613"/>
  </subject>
  <subject>
    <reference value="MedicinalProductDefinition/cfsb1639230826758"/>
  </subject>
  <subject>
    <reference value="MedicinalProductDefinition/cfsb1639230887164"/>
  </subject>
  <subject>
    <reference value="MedicinalProductDefinition/cfsb1639230903448"/>
  </subject>
  <subject>
    <reference value="MedicinalProductDefinition/cfsb1639230862286"/>
  </subject>
  <subject>
    <reference value="MedicinalProductDefinition/cfsb1639230548265"/>
  </subject>
  <subject>
    <reference value="MedicinalProductDefinition/cfsb1639230598497"/>
  </subject>
</ClinicalUseDefinition>