{
  "resourceType": "ClinicalUseDefinition",
  "id": "cfsb1639241023005",
  "text": {
    "status": "generated",
    "div": "<div xmlns=\"http://www.w3.org/1999/xhtml\"><p><b>Generated Narrative</b></p><div style=\"display: inline-block; background-color: #d9e0e7; padding: 6px; margin: 4px; border: 1px solid #8da1b4; border-radius: 5px; line-height: 60%\"><p style=\"margin-bottom: 0px\">Resource \"cfsb1639241023005\" </p></div><p><b>identifier</b>: id: YL5FZ2Y5U1 (OFFICIAL)</p><p><b>type</b>: interaction</p><p><b>subject</b>: </p><ul><li><a href=\"MedicinalProductDefinition-cfsb1639230499322.html\">MedicinalProductDefinition/cfsb1639230499322</a></li><li><a href=\"cfsb1639238291499\">cfsb1639238291499</a></li><li><a href=\"MedicinalProductDefinition-cfsb1639230646463.html\">MedicinalProductDefinition/cfsb1639230646463</a></li><li><a href=\"MedicinalProductDefinition-cfsb1639230697840.html\">MedicinalProductDefinition/cfsb1639230697840</a></li><li><a href=\"MedicinalProductDefinition-cfsb1639230722203.html\">MedicinalProductDefinition/cfsb1639230722203</a></li><li><a href=\"MedicinalProductDefinition-cfsb1639230742250.html\">MedicinalProductDefinition/cfsb1639230742250</a></li><li><a href=\"MedicinalProductDefinition-cfsb1639230766661.html\">MedicinalProductDefinition/cfsb1639230766661</a></li><li><a href=\"MedicinalProductDefinition-cfsb1639230793613.html\">MedicinalProductDefinition/cfsb1639230793613</a></li><li><a href=\"MedicinalProductDefinition-cfsb1639230826758.html\">MedicinalProductDefinition/cfsb1639230826758</a></li><li><a href=\"MedicinalProductDefinition-cfsb1639230887164.html\">MedicinalProductDefinition/cfsb1639230887164</a></li><li><a href=\"MedicinalProductDefinition-cfsb1639230903448.html\">MedicinalProductDefinition/cfsb1639230903448</a></li><li><a href=\"MedicinalProductDefinition-cfsb1639230862286.html\">MedicinalProductDefinition/cfsb1639230862286</a></li><li><a href=\"MedicinalProductDefinition-cfsb1639230548265.html\">MedicinalProductDefinition/cfsb1639230548265</a></li><li><a href=\"MedicinalProductDefinition-cfsb1639230598497.html\">MedicinalProductDefinition/cfsb1639230598497</a></li></ul><blockquote><p><b>interaction</b></p><h3>Interactants</h3><table class=\"grid\"><tr><td>-</td><td><b>Item[x]</b></td></tr><tr><td>*</td><td>METHOTREXATE <span style=\"background: LightGoldenRodYellow; margin: 4px; border: 1px solid khaki\"> (#YL5FZ2Y5U1)</span></td></tr></table></blockquote></div>"
  },
  "identifier": [
    {
      "use": "official",
      "system": "https://gsrs.ncats.nih.gov/ginas/app/beta/",
      "value": "YL5FZ2Y5U1"
    }
  ],
  "type": "interaction",
  "subject": [
    {
      "reference": "MedicinalProductDefinition/cfsb1639230499322"
    },
    {
      "reference": "cfsb1639238291499"
    },
    {
      "reference": "MedicinalProductDefinition/cfsb1639230646463"
    },
    {
      "reference": "MedicinalProductDefinition/cfsb1639230697840"
    },
    {
      "reference": "MedicinalProductDefinition/cfsb1639230722203"
    },
    {
      "reference": "MedicinalProductDefinition/cfsb1639230742250"
    },
    {
      "reference": "MedicinalProductDefinition/cfsb1639230766661"
    },
    {
      "reference": "MedicinalProductDefinition/cfsb1639230793613"
    },
    {
      "reference": "MedicinalProductDefinition/cfsb1639230826758"
    },
    {
      "reference": "MedicinalProductDefinition/cfsb1639230887164"
    },
    {
      "reference": "MedicinalProductDefinition/cfsb1639230903448"
    },
    {
      "reference": "MedicinalProductDefinition/cfsb1639230862286"
    },
    {
      "reference": "MedicinalProductDefinition/cfsb1639230548265"
    },
    {
      "reference": "MedicinalProductDefinition/cfsb1639230598497"
    }
  ],
  "interaction": {
    "interactant": [
      {
        "itemCodeableConcept": {
          "coding": [
            {
              "system": "https://gsrs.ncats.nih.gov/ginas/app/beta/",
              "code": "YL5FZ2Y5U1"
            }
          ],
          "text": "METHOTREXATE"
        }
      }
    ]
  }
}