<?xml version="1.0" encoding="UTF-8"?>

<CodeSystem xmlns="http://hl7.org/fhir">
  <id value="CodeSystemUvEPIRrmswi"/>
  <text>
    <status value="generated"/><div xmlns="http://www.w3.org/1999/xhtml"><p>This code system https://spor.ema.europa.eu/rmswi defines the following codes:</p><table class="codes"><tr><td style="white-space:nowrap"><b>Code</b></td><td><b>Display</b></td></tr><tr><td style="white-space:nowrap">00000072072<a name="CodeSystemUvEPIRrmswi-00000072072"> </a></td><td>active</td></tr><tr><td style="white-space:nowrap">100000000012<a name="CodeSystemUvEPIRrmswi-100000000012"> </a></td><td/></tr><tr><td style="white-space:nowrap">100000072062<a name="CodeSystemUvEPIRrmswi-100000072062"> </a></td><td/></tr><tr><td style="white-space:nowrap">100000072082<a name="CodeSystemUvEPIRrmswi-100000072082"> </a></td><td/></tr><tr><td style="white-space:nowrap">100000072084<a name="CodeSystemUvEPIRrmswi-100000072084"> </a></td><td>Medicinal product subject to medical prescription</td></tr><tr><td style="white-space:nowrap">100000073543<a name="CodeSystemUvEPIRrmswi-100000073543"> </a></td><td>Pre-filled pen</td></tr><tr><td style="white-space:nowrap">100000073578<a name="CodeSystemUvEPIRrmswi-100000073578"> </a></td><td>Gingival use</td></tr><tr><td style="white-space:nowrap">100000073633<a name="CodeSystemUvEPIRrmswi-100000073633"> </a></td><td/></tr><tr><td style="white-space:nowrap">100000073646<a name="CodeSystemUvEPIRrmswi-100000073646"> </a></td><td>Oral solution</td></tr><tr><td style="white-space:nowrap">100000073864<a name="CodeSystemUvEPIRrmswi-100000073864"> </a></td><td/></tr><tr><td style="white-space:nowrap">100000109093<a name="CodeSystemUvEPIRrmswi-100000109093"> </a></td><td/></tr><tr><td style="white-space:nowrap">100000155527<a name="CodeSystemUvEPIRrmswi-100000155527"> </a></td><td>Chemical Medicinal Product</td></tr><tr><td style="white-space:nowrap">100000155538<a name="CodeSystemUvEPIRrmswi-100000155538"> </a></td><td/></tr><tr><td style="white-space:nowrap">200000002135<a name="CodeSystemUvEPIRrmswi-200000002135"> </a></td><td/></tr><tr><td style="white-space:nowrap">200000002145<a name="CodeSystemUvEPIRrmswi-200000002145"> </a></td><td>Spoonful</td></tr><tr><td style="white-space:nowrap">200000003204<a name="CodeSystemUvEPIRrmswi-200000003204"> </a></td><td>Glass type I</td></tr><tr><td style="white-space:nowrap">220000000001<a name="CodeSystemUvEPIRrmswi-220000000001"> </a></td><td>Full name</td></tr><tr><td style="white-space:nowrap">220000000002<a name="CodeSystemUvEPIRrmswi-220000000002"> </a></td><td>Invented name part</td></tr><tr><td style="white-space:nowrap">220000000003<a name="CodeSystemUvEPIRrmswi-220000000003"> </a></td><td/></tr><tr><td style="white-space:nowrap">220000000004<a name="CodeSystemUvEPIRrmswi-220000000004"> </a></td><td/></tr><tr><td style="white-space:nowrap">220000000005<a name="CodeSystemUvEPIRrmswi-220000000005"> </a></td><td/></tr><tr><td style="white-space:nowrap">220000000033<a name="CodeSystemUvEPIRrmswi-220000000033"> </a></td><td/></tr><tr><td style="white-space:nowrap">220000000034<a name="CodeSystemUvEPIRrmswi-220000000034"> </a></td><td/></tr></table></div>
  </text>
  <url value="https://spor.ema.europa.eu/rmswi"/>
  <version value="0.1.0"/>
  <name value="CodeSystemUvEPIRrmswi"/>
  <title value="Referentials Management Services CodeSystem"/>
  <status value="active"/>
  <date value="2022-04-22T16:02:12+00:00"/>
  <contact>
    <name value="Gravitate Health Project"/>
    <telecom>
      <system value="url"/>
      <value value="https://www.gravitatehealth.eu/"/>
    </telecom>
  </contact>
  <description value="Items from https://spor.ema.europa.eu/rmswi"/>
  <content value="complete"/>
  <count value="23"/>
  <concept>
    <code value="00000072072"/>
    <display value="active"/>
  </concept>
  <concept>
    <code value="100000000012"/>
  </concept>
  <concept>
    <code value="100000072062"/>
  </concept>
  <concept>
    <code value="100000072082"/>
  </concept>
  <concept>
    <code value="100000072084"/>
    <display value="Medicinal product subject to medical prescription"/>
  </concept>
  <concept>
    <code value="100000073543"/>
    <display value="Pre-filled pen"/>
  </concept>
  <concept>
    <code value="100000073578"/>
    <display value="Gingival use"/>
  </concept>
  <concept>
    <code value="100000073633"/>
  </concept>
  <concept>
    <code value="100000073646"/>
    <display value="Oral solution"/>
  </concept>
  <concept>
    <code value="100000073864"/>
  </concept>
  <concept>
    <code value="100000109093"/>
  </concept>
  <concept>
    <code value="100000155527"/>
    <display value="Chemical Medicinal Product"/>
  </concept>
  <concept>
    <code value="100000155538"/>
  </concept>
  <concept>
    <code value="200000002135"/>
  </concept>
  <concept>
    <code value="200000002145"/>
    <display value="Spoonful"/>
  </concept>
  <concept>
    <code value="200000003204"/>
    <display value="Glass type I"/>
  </concept>
  <concept>
    <code value="220000000001"/>
    <display value="Full name"/>
  </concept>
  <concept>
    <code value="220000000002"/>
    <display value="Invented name part"/>
  </concept>
  <concept>
    <code value="220000000003"/>
  </concept>
  <concept>
    <code value="220000000004"/>
  </concept>
  <concept>
    <code value="220000000005"/>
  </concept>
  <concept>
    <code value="220000000033"/>
  </concept>
  <concept>
    <code value="220000000034"/>
  </concept>
</CodeSystem>