{
  "resourceType": "DocumentReference",
  "id": "cfsb8701599964466",
  "text": {
    "status": "additional",
    "div": "<div>Se <a href=\"https://www.felleskatalogen.no/medisin/dokument/suliqua-veileder-pasienter.pdf\">Suliqua veileder, pasienter</a></div>"
  },
  "status": "current",
  "description": "Suliqua veileder, pasienter",
  "content": [
    {
      "attachment": {
        "contentType": "application/pdf",
        "language": "no",
        "url": "https://www.felleskatalogen.no/medisin/dokument/suliqua-veileder-pasienter.pdf",
        "title": "Suliqua veileder, pasienter",
        "creation": "2020-09"
      }
    }
  ]
}