<?xml version="1.0" encoding="UTF-8"?>

<Bundle xmlns="http://hl7.org/fhir">
  <id value="a6fb6273-d271-4fd7-b698-dbf3b2debeb6"/>
  <meta>
    <lastUpdated value="2022-07-09T15:00:13.108+00:00"/>
  </meta>
  <type value="collection"/>
  <entry>
    <fullUrl value="http://hl7.eu/fhir/ig/gravitate-health/ValueSet/admProductIdSystems"/>
    <resource>
      <ValueSet>
        <id value="admProductIdSystems"/>
        <text>
          <status value="generated"/>
          <div xmlns="http://www.w3.org/1999/xhtml">
            <p>This value set contains 2 concepts</p>
            <p style="border: black 1px dotted; background-color: #EEEEEE; padding: 8px; margin-bottom: 8px">Expansion based on urn:ietf:rfc:3986 version n/a</p>
            <p>All codes in this table are from the system 
              <code>urn:ietf:rfc:3986</code>
            </p>
            <table class="codes">
              <tr>
                <td style="white-space:nowrap">
                  <b>Code</b>
                </td>
                <td>
                  <b>Display</b>
                </td>
              </tr>
              <tr>
                <td style="white-space:nowrap">
                  <a name="urn-ietf-rfc-3986-https---spor.ema.europa.eu-pmswi"> </a>  https://spor.ema.europa.eu/pmswi
                </td>
                <td>SPOR Product (EU)</td>
              </tr>
              <tr>
                <td style="white-space:nowrap">
                  <a name="urn-ietf-rfc-3986-https---www.who-umc.org-phpid"> </a>  https://www.who-umc.org/phpid
                </td>
                <td>IDMP PhPID</td>
              </tr>
            </table>
          </div>
        </text>
        <url value="http://hl7.eu/fhir/ig/gravitate-health/ValueSet/admProductIdSystems"/>
        <version value="0.1.0"/>
        <name value="VsAdmProductIdSystems"/>
        <title value="AdministrableProductDefinition identifier systems"/>
        <status value="active"/>
        <date value="2022-07-09T15:00:13+00:00"/>
        <contact>
          <name value="Gravitate Health Project"/>
          <telecom>
            <system value="url"/>
            <value value="https://www.gravitatehealth.eu/"/>
          </telecom>
        </contact>
        <description value="AdministrableProductDefinition Identifier systems (uri)"/>
        <expansion>
          <identifier value="urn:uuid:4191259d-0dd7-4de7-8924-9b4922d71912"/>
          <timestamp value="2022-07-09T15:00:33+00:00"/>
          <total value="2"/>
          <parameter>
            <name value="excludeNested"/>
            <valueBoolean value="false"/>
          </parameter>
          <parameter>
            <name value="limitedExpansion"/>
            <valueBoolean value="true"/>
          </parameter>
          <parameter>
            <name value="version"/>
            <valueUri value="urn:ietf:rfc:3986|n/a"/>
          </parameter>
          <contains>
            <system value="urn:ietf:rfc:3986"/>
            <code value="https://spor.ema.europa.eu/pmswi"/>
            <display value="SPOR Product (EU)"/>
          </contains>
          <contains>
            <system value="urn:ietf:rfc:3986"/>
            <code value="https://www.who-umc.org/phpid"/>
            <display value="IDMP PhPID"/>
          </contains>
        </expansion>
      </ValueSet>
    </resource>
  </entry>
  <entry>
    <fullUrl value="http://hl7.eu/fhir/ig/gravitate-health/ValueSet/regulatedAuthIdSystems"/>
    <resource>
      <ValueSet>
        <id value="regulatedAuthIdSystems"/>
        <text>
          <status value="generated"/>
          <div xmlns="http://www.w3.org/1999/xhtml">
            <p>This value set contains 1 concepts</p>
            <p style="border: black 1px dotted; background-color: #EEEEEE; padding: 8px; margin-bottom: 8px">Expansion based on urn:ietf:rfc:3986 version n/a</p>
            <p>All codes in this table are from the system 
              <code>urn:ietf:rfc:3986</code>
            </p>
            <table class="codes">
              <tr>
                <td style="white-space:nowrap">
                  <b>Code</b>
                </td>
                <td>
                  <b>Display</b>
                </td>
              </tr>
              <tr>
                <td style="white-space:nowrap">
                  <a name="urn-ietf-rfc-3986-https---spor.ema.europa.eu-pmswi"> </a>  https://spor.ema.europa.eu/pmswi
                </td>
                <td>SPOR Product (EU)</td>
              </tr>
            </table>
          </div>
        </text>
        <url value="http://hl7.eu/fhir/ig/gravitate-health/ValueSet/regulatedAuthIdSystems"/>
        <version value="0.1.0"/>
        <name value="VsRegulatedAuthIdSystems"/>
        <title value="RegulatedAuthorization identifier systems"/>
        <status value="active"/>
        <date value="2022-07-09T15:00:13+00:00"/>
        <contact>
          <name value="Gravitate Health Project"/>
          <telecom>
            <system value="url"/>
            <value value="https://www.gravitatehealth.eu/"/>
          </telecom>
        </contact>
        <description value="RegulatedAuthorization Identifier systems (uri)"/>
        <expansion>
          <identifier value="urn:uuid:dedebcbb-011e-4ad6-82ab-02f3d7dd6c88"/>
          <timestamp value="2022-07-09T15:00:39+00:00"/>
          <total value="1"/>
          <parameter>
            <name value="excludeNested"/>
            <valueBoolean value="false"/>
          </parameter>
          <parameter>
            <name value="limitedExpansion"/>
            <valueBoolean value="true"/>
          </parameter>
          <parameter>
            <name value="version"/>
            <valueUri value="urn:ietf:rfc:3986|n/a"/>
          </parameter>
          <contains>
            <system value="urn:ietf:rfc:3986"/>
            <code value="https://spor.ema.europa.eu/pmswi"/>
            <display value="SPOR Product (EU)"/>
          </contains>
        </expansion>
      </ValueSet>
    </resource>
  </entry>
  <entry>
    <fullUrl value="http://hl7.eu/fhir/ig/gravitate-health/ValueSet/manufacturedItemIdSystems"/>
    <resource>
      <ValueSet>
        <id value="manufacturedItemIdSystems"/>
        <text>
          <status value="generated"/>
          <div xmlns="http://www.w3.org/1999/xhtml">
            <p>This value set contains 1 concepts</p>
            <p style="border: black 1px dotted; background-color: #EEEEEE; padding: 8px; margin-bottom: 8px">Expansion based on urn:ietf:rfc:3986 version n/a</p>
            <p>All codes in this table are from the system 
              <code>urn:ietf:rfc:3986</code>
            </p>
            <table class="codes">
              <tr>
                <td style="white-space:nowrap">
                  <b>Code</b>
                </td>
                <td>
                  <b>Display</b>
                </td>
              </tr>
              <tr>
                <td style="white-space:nowrap">
                  <a name="urn-ietf-rfc-3986-https---spor.ema.europa.eu-pmswi"> </a>  https://spor.ema.europa.eu/pmswi
                </td>
                <td>SPOR Product (EU)</td>
              </tr>
            </table>
          </div>
        </text>
        <url value="http://hl7.eu/fhir/ig/gravitate-health/ValueSet/manufacturedItemIdSystems"/>
        <version value="0.1.0"/>
        <name value="VsManufacturedItemIdSystems"/>
        <title value="ManufacturedItemDefinition identifier systems"/>
        <status value="active"/>
        <date value="2022-07-09T15:00:13+00:00"/>
        <contact>
          <name value="Gravitate Health Project"/>
          <telecom>
            <system value="url"/>
            <value value="https://www.gravitatehealth.eu/"/>
          </telecom>
        </contact>
        <description value="ManufacturedItemDefinition Identifier systems (uri)"/>
        <expansion>
          <identifier value="urn:uuid:3ca5c3d0-2c44-4aa3-a0d9-35829c426a36"/>
          <timestamp value="2022-07-09T15:00:40+00:00"/>
          <total value="1"/>
          <parameter>
            <name value="excludeNested"/>
            <valueBoolean value="false"/>
          </parameter>
          <parameter>
            <name value="limitedExpansion"/>
            <valueBoolean value="true"/>
          </parameter>
          <parameter>
            <name value="version"/>
            <valueUri value="urn:ietf:rfc:3986|n/a"/>
          </parameter>
          <contains>
            <system value="urn:ietf:rfc:3986"/>
            <code value="https://spor.ema.europa.eu/pmswi"/>
            <display value="SPOR Product (EU)"/>
          </contains>
        </expansion>
      </ValueSet>
    </resource>
  </entry>
  <entry>
    <fullUrl value="http://hl7.eu/fhir/ig/gravitate-health/ValueSet/organizationIdSystems"/>
    <resource>
      <ValueSet>
        <id value="organizationIdSystems"/>
        <text>
          <status value="generated"/>
          <div xmlns="http://www.w3.org/1999/xhtml">
            <p>This value set contains 1 concepts</p>
            <p style="border: black 1px dotted; background-color: #EEEEEE; padding: 8px; margin-bottom: 8px">Expansion based on urn:ietf:rfc:3986 version n/a</p>
            <p>All codes in this table are from the system 
              <code>urn:ietf:rfc:3986</code>
            </p>
            <table class="codes">
              <tr>
                <td style="white-space:nowrap">
                  <b>Code</b>
                </td>
                <td>
                  <b>Display</b>
                </td>
              </tr>
              <tr>
                <td style="white-space:nowrap">
                  <a name="urn-ietf-rfc-3986-https---spor.ema.europa.eu-omswi"> </a>  https://spor.ema.europa.eu/omswi
                </td>
                <td>SPOR Organization (EU)</td>
              </tr>
            </table>
          </div>
        </text>
        <url value="http://hl7.eu/fhir/ig/gravitate-health/ValueSet/organizationIdSystems"/>
        <version value="0.1.0"/>
        <name value="VsOrganizationIdSystems"/>
        <title value="Organization identifier systems"/>
        <status value="active"/>
        <date value="2022-07-09T15:00:13+00:00"/>
        <contact>
          <name value="Gravitate Health Project"/>
          <telecom>
            <system value="url"/>
            <value value="https://www.gravitatehealth.eu/"/>
          </telecom>
        </contact>
        <description value="Organization Identifier systems (uri)"/>
        <expansion>
          <identifier value="urn:uuid:19712a0c-dc07-44a2-b64c-82e288fa4a9f"/>
          <timestamp value="2022-07-09T15:00:47+00:00"/>
          <total value="1"/>
          <parameter>
            <name value="excludeNested"/>
            <valueBoolean value="false"/>
          </parameter>
          <parameter>
            <name value="limitedExpansion"/>
            <valueBoolean value="true"/>
          </parameter>
          <parameter>
            <name value="version"/>
            <valueUri value="urn:ietf:rfc:3986|n/a"/>
          </parameter>
          <contains>
            <system value="urn:ietf:rfc:3986"/>
            <code value="https://spor.ema.europa.eu/omswi"/>
            <display value="SPOR Organization (EU)"/>
          </contains>
        </expansion>
      </ValueSet>
    </resource>
  </entry>
  <entry>
    <fullUrl value="http://hl7.eu/fhir/ig/gravitate-health/ValueSet/epiType"/>
    <resource>
      <ValueSet>
        <id value="epiType"/>
        <text>
          <status value="generated"/>
          <div xmlns="http://www.w3.org/1999/xhtml">
            <p>This value set contains 3 concepts</p>
            <div style="border: black 1px dotted; background-color: #EEEEEE; padding: 8px; margin-bottom: 8px">
              <p>Expansion based on: </p>
              <ul>
                <li>
                  <a href="CodeSystem-CodeSystemUvEPIRrmswi.html">Referentials Management Services CodeSystem v0.1.0 (CodeSystem)</a>
                </li>
                <li>Loinc v2.72</li>
              </ul>
            </div>
            <table class="codes">
              <tr>
                <td style="white-space:nowrap">
                  <b>Code</b>
                </td>
                <td>
                  <b>System</b>
                </td>
                <td>
                  <b>Display</b>
                </td>
              </tr>
              <tr>
                <td style="white-space:nowrap">
                  <a name="https---spor.ema.europa.eu-rmswi-100000155538"> </a>  
                  <a href="CodeSystem-CodeSystemUvEPIRrmswi.html#CodeSystemUvEPIRrmswi-100000155538">100000155538</a>
                </td>
                <td>https://spor.ema.europa.eu/rmswi</td>
                <td>Package Leaflet</td>
              </tr>
              <tr>
                <td style="white-space:nowrap">
                  <a name="http---loinc.org-34390-5"> </a>  
                  <a href="http://details.loinc.org/LOINC/34390-5.html">34390-5</a>
                </td>
                <td>http://loinc.org</td>
                <td>HUMAN OTC DRUG LABEL</td>
              </tr>
              <tr>
                <td style="white-space:nowrap">
                  <a name="http---loinc.org-34391-3"> </a>  
                  <a href="http://details.loinc.org/LOINC/34391-3.html">34391-3</a>
                </td>
                <td>http://loinc.org</td>
                <td>HUMAN PRESCRIPTION DRUG LABEL</td>
              </tr>
            </table>
          </div>
        </text>
        <url value="http://hl7.eu/fhir/ig/gravitate-health/ValueSet/epiType"/>
        <version value="0.1.0"/>
        <name value="VsEpiType"/>
        <title value="ePI document types"/>
        <status value="active"/>
        <date value="2022-07-09T15:00:13+00:00"/>
        <contact>
          <name value="Gravitate Health Project"/>
          <telecom>
            <system value="url"/>
            <value value="https://www.gravitatehealth.eu/"/>
          </telecom>
        </contact>
        <description value="ePI document types"/>
        <expansion>
          <identifier value="urn:uuid:2dff298e-d1e6-418e-a5fa-b3a8aad9c84b"/>
          <timestamp value="2022-07-09T15:00:47+00:00"/>
          <total value="3"/>
          <parameter>
            <name value="excludeNested"/>
            <valueBoolean value="false"/>
          </parameter>
          <parameter>
            <name value="version"/>
            <valueUri value="https://spor.ema.europa.eu/rmswi|0.1.0"/>
          </parameter>
          <parameter>
            <name value="limitedExpansion"/>
            <valueBoolean value="true"/>
          </parameter>
          <parameter>
            <name value="excludeNested"/>
            <valueBoolean value="true"/>
          </parameter>
          <parameter>
            <name value="version"/>
            <valueUri value="http://loinc.org|2.72"/>
          </parameter>
          <contains>
            <system value="https://spor.ema.europa.eu/rmswi"/>
            <code value="100000155538"/>
            <display value="Package Leaflet"/>
          </contains>
          <contains>
            <system value="http://loinc.org"/>
            <code value="34390-5"/>
            <display value="HUMAN OTC DRUG LABEL"/>
          </contains>
          <contains>
            <system value="http://loinc.org"/>
            <code value="34391-3"/>
            <display value="HUMAN PRESCRIPTION DRUG LABEL"/>
          </contains>
        </expansion>
      </ValueSet>
    </resource>
  </entry>
  <entry>
    <fullUrl value="http://hl7.eu/fhir/ig/gravitate-health/ValueSet/packagedProductIdSystems"/>
    <resource>
      <ValueSet>
        <id value="packagedProductIdSystems"/>
        <text>
          <status value="generated"/>
          <div xmlns="http://www.w3.org/1999/xhtml">
            <p>This value set contains 1 concepts</p>
            <p style="border: black 1px dotted; background-color: #EEEEEE; padding: 8px; margin-bottom: 8px">Expansion based on urn:ietf:rfc:3986 version n/a</p>
            <p>All codes in this table are from the system 
              <code>urn:ietf:rfc:3986</code>
            </p>
            <table class="codes">
              <tr>
                <td style="white-space:nowrap">
                  <b>Code</b>
                </td>
                <td>
                  <b>Display</b>
                </td>
              </tr>
              <tr>
                <td style="white-space:nowrap">
                  <a name="urn-ietf-rfc-3986-https---spor.ema.europa.eu-pmswi"> </a>  https://spor.ema.europa.eu/pmswi
                </td>
                <td>SPOR Product (EU)</td>
              </tr>
            </table>
          </div>
        </text>
        <url value="http://hl7.eu/fhir/ig/gravitate-health/ValueSet/packagedProductIdSystems"/>
        <version value="0.1.0"/>
        <name value="VsPackagedProductIdSystems"/>
        <title value="PackagedProductDefinition identifier systems"/>
        <status value="active"/>
        <date value="2022-07-09T15:00:13+00:00"/>
        <contact>
          <name value="Gravitate Health Project"/>
          <telecom>
            <system value="url"/>
            <value value="https://www.gravitatehealth.eu/"/>
          </telecom>
        </contact>
        <description value="PackagedProductDefinition Identifier systems (uri)"/>
        <expansion>
          <identifier value="urn:uuid:613bffe7-ea31-4cad-a4a7-9df786ab635e"/>
          <timestamp value="2022-07-09T15:00:47+00:00"/>
          <total value="1"/>
          <parameter>
            <name value="excludeNested"/>
            <valueBoolean value="false"/>
          </parameter>
          <parameter>
            <name value="limitedExpansion"/>
            <valueBoolean value="true"/>
          </parameter>
          <parameter>
            <name value="version"/>
            <valueUri value="urn:ietf:rfc:3986|n/a"/>
          </parameter>
          <contains>
            <system value="urn:ietf:rfc:3986"/>
            <code value="https://spor.ema.europa.eu/pmswi"/>
            <display value="SPOR Product (EU)"/>
          </contains>
        </expansion>
      </ValueSet>
    </resource>
  </entry>
  <entry>
    <fullUrl value="http://hl7.eu/fhir/ig/gravitate-health/ValueSet/medProductIdSystems"/>
    <resource>
      <ValueSet>
        <id value="medProductIdSystems"/>
        <text>
          <status value="generated"/>
          <div xmlns="http://www.w3.org/1999/xhtml">
            <p>This value set contains 1 concepts</p>
            <p style="border: black 1px dotted; background-color: #EEEEEE; padding: 8px; margin-bottom: 8px">Expansion based on urn:ietf:rfc:3986 version n/a</p>
            <p>All codes in this table are from the system 
              <code>urn:ietf:rfc:3986</code>
            </p>
            <table class="codes">
              <tr>
                <td style="white-space:nowrap">
                  <b>Code</b>
                </td>
                <td>
                  <b>Display</b>
                </td>
              </tr>
              <tr>
                <td style="white-space:nowrap">
                  <a name="urn-ietf-rfc-3986-https---spor.ema.europa.eu-pmswi"> </a>  https://spor.ema.europa.eu/pmswi
                </td>
                <td>SPOR Product (EU)</td>
              </tr>
            </table>
          </div>
        </text>
        <url value="http://hl7.eu/fhir/ig/gravitate-health/ValueSet/medProductIdSystems"/>
        <version value="0.1.0"/>
        <name value="VsMedProductIdSystems"/>
        <title value="MedicinalProductDefinition identifier systems"/>
        <status value="active"/>
        <date value="2022-07-09T15:00:13+00:00"/>
        <contact>
          <name value="Gravitate Health Project"/>
          <telecom>
            <system value="url"/>
            <value value="https://www.gravitatehealth.eu/"/>
          </telecom>
        </contact>
        <description value="MedicinalProductDefinition Identifier systems (uri)"/>
        <expansion>
          <identifier value="urn:uuid:64e4f7d5-6aef-4e23-a43e-682738a4bd11"/>
          <timestamp value="2022-07-09T15:00:51+00:00"/>
          <total value="1"/>
          <parameter>
            <name value="excludeNested"/>
            <valueBoolean value="false"/>
          </parameter>
          <parameter>
            <name value="limitedExpansion"/>
            <valueBoolean value="true"/>
          </parameter>
          <parameter>
            <name value="version"/>
            <valueUri value="urn:ietf:rfc:3986|n/a"/>
          </parameter>
          <contains>
            <system value="urn:ietf:rfc:3986"/>
            <code value="https://spor.ema.europa.eu/pmswi"/>
            <display value="SPOR Product (EU)"/>
          </contains>
        </expansion>
      </ValueSet>
    </resource>
  </entry>
</Bundle>