<?xml version="1.0" encoding="UTF-8"?>

<ImplementationGuide xmlns="http://hl7.org/fhir">
  <id value="hl7.eu.fhir.gh"/>
  <text>
    <status value="extensions"/><div xmlns="http://www.w3.org/1999/xhtml"><h2>GhImplementationGuide</h2><p>The official URL for this implementation guide is: </p><pre>http://hl7.eu/fhir/ig/gravitate-health/ImplementationGuide/hl7.eu.fhir.gh</pre><div><p>Gravitate Health is an EU project aiming to empower and equip Europeans with health information for active personal health management and adherence to treatment.</p>
</div></div>
  </text>
  <url value="http://hl7.eu/fhir/ig/gravitate-health/ImplementationGuide/hl7.eu.fhir.gh"/>
  <version value="0.1.0"/>
  <name value="GhImplementationGuide"/>
  <title value="Gravitate Health FHIR Implementation Guide"/>
  <status value="active"/>
  <date value="2022-08-20T20:40:03+00:00"/>
  <contact>
    <name value="Gravitate Health Project"/>
    <telecom>
      <system value="url"/>
      <value value="https://www.gravitatehealth.eu/"/>
    </telecom>
  </contact>
  <description value="Gravitate Health is an EU project aiming to empower and equip Europeans with health information for active personal health management and adherence to treatment."/>
  <packageId value="hl7.eu.fhir.gh"/>
  <license value="CC0-1.0"/>
  <fhirVersion value="5.0.0-snapshot1"/>
  <dependsOn id="hl7tx">
    <uri value="http://terminology.hl7.org/ImplementationGuide/hl7.terminology"/>
    <packageId value="hl7.terminology.r5"/>
    <version value="3.0.0"/>
  </dependsOn>
  <definition>
    <resource>
      <extension url="http://hl7.org/fhir/tools/StructureDefinition/resource-information">
        <valueString value="StructureDefinition:resource"/>
      </extension>
      <reference>
        <reference value="StructureDefinition/AdministrableProductDefinition-uv-epi"/>
      </reference>
      <name value="AdministrableProductDefinition (ePI)"/>
      <description value="AdministrableProductDefinition (ePI)"/>
      <exampleBoolean value="false"/>
    </resource>
    <resource>
      <extension url="http://hl7.org/fhir/tools/StructureDefinition/resource-information">
        <valueString value="StructureDefinition:resource"/>
      </extension>
      <reference>
        <reference value="StructureDefinition/Bundle-uv-epi"/>
      </reference>
      <name value="Bundle - ePI"/>
      <description value="This profile represents the constraints applied to the Bundle resource by the Electronic Product Information (ePI) FHIR Implementation Guide."/>
      <exampleBoolean value="false"/>
    </resource>
    <resource>
      <extension url="http://hl7.org/fhir/tools/StructureDefinition/resource-information">
        <valueString value="StructureDefinition:resource"/>
      </extension>
      <reference>
        <reference value="StructureDefinition/ClinicalUseDefinition-contraindication-uv-epi"/>
      </reference>
      <name value="ClinicalUseDefinition Contraindication (ePI)"/>
      <description value="ClinicalUseDefinition Contraindication (ePI)"/>
      <exampleBoolean value="false"/>
    </resource>
    <resource>
      <extension url="http://hl7.org/fhir/tools/StructureDefinition/resource-information">
        <valueString value="StructureDefinition:resource"/>
      </extension>
      <reference>
        <reference value="StructureDefinition/ClinicalUseDefinition-indication-uv-epi"/>
      </reference>
      <name value="ClinicalUseDefinition Indication (ePI)"/>
      <description value="ClinicalUseDefinition Indication (ePI)"/>
      <exampleBoolean value="false"/>
    </resource>
    <resource>
      <extension url="http://hl7.org/fhir/tools/StructureDefinition/resource-information">
        <valueString value="StructureDefinition:resource"/>
      </extension>
      <reference>
        <reference value="StructureDefinition/ClinicalUseDefinition-interaction-uv-epi"/>
      </reference>
      <name value="ClinicalUseDefinition Interaction (ePI)"/>
      <description value="ClinicalUseDefinition Interaction (ePI)"/>
      <exampleBoolean value="false"/>
    </resource>
    <resource>
      <extension url="http://hl7.org/fhir/tools/StructureDefinition/resource-information">
        <valueString value="StructureDefinition:resource"/>
      </extension>
      <reference>
        <reference value="StructureDefinition/ClinicalUseDefinition-undesirableEffect-uv-epi"/>
      </reference>
      <name value="ClinicalUseDefinition Undesirable Effect (ePI)"/>
      <description value="ClinicalUseDefinition Undesirable Effect (ePI)"/>
      <exampleBoolean value="false"/>
    </resource>
    <resource>
      <extension url="http://hl7.org/fhir/tools/StructureDefinition/resource-information">
        <valueString value="StructureDefinition:resource"/>
      </extension>
      <reference>
        <reference value="StructureDefinition/ClinicalUseDefinition-warning-uv-epi"/>
      </reference>
      <name value="ClinicalUseDefinition Warning (ePI)"/>
      <description value="ClinicalUseDefinition Warning (ePI)"/>
      <exampleBoolean value="false"/>
    </resource>
    <resource>
      <extension url="http://hl7.org/fhir/tools/StructureDefinition/resource-information">
        <valueString value="StructureDefinition:resource"/>
      </extension>
      <reference>
        <reference value="StructureDefinition/Composition-eu-leaflet"/>
      </reference>
      <name value="Composition (EU Leaflet)"/>
      <description value="This profile provides an example of how the Composition (ePI) profile can be specialized to represent a Product information Leaflet withi a specific jurisdiction"/>
      <exampleBoolean value="false"/>
    </resource>
    <resource>
      <extension url="http://hl7.org/fhir/tools/StructureDefinition/resource-information">
        <valueString value="StructureDefinition:resource"/>
      </extension>
      <reference>
        <reference value="StructureDefinition/Composition-uv-epi"/>
      </reference>
      <name value="Composition (ePI)"/>
      <description value="Clinical document used to represent the Electronic Product Information (ePI) data set. &#xA;An Electronic Product Information (ePI) document is an authorised, statutory product information for medicines (i.e. summary of product characteristics, package leaflet and labelling) in a semi-structured format created using the common EU electronic standard."/>
      <exampleBoolean value="false"/>
    </resource>
    <resource>
      <extension url="http://hl7.org/fhir/tools/StructureDefinition/resource-information">
        <valueString value="StructureDefinition:resource"/>
      </extension>
      <reference>
        <reference value="StructureDefinition/Ingredient-uv-epi"/>
      </reference>
      <name value="Ingredient (ePI)"/>
      <description value="Ingredient (ePI)"/>
      <exampleBoolean value="false"/>
    </resource>
    <resource>
      <extension url="http://hl7.org/fhir/tools/StructureDefinition/resource-information">
        <valueString value="StructureDefinition:resource"/>
      </extension>
      <reference>
        <reference value="StructureDefinition/List-uv-epi"/>
      </reference>
      <name value="List - ePI"/>
      <description value="This profile represents the constraints applied to the List resource by the Electronic Product Information (ePI) FHIR Implementation Guide."/>
      <exampleBoolean value="false"/>
    </resource>
    <resource>
      <extension url="http://hl7.org/fhir/tools/StructureDefinition/resource-information">
        <valueString value="StructureDefinition:resource"/>
      </extension>
      <reference>
        <reference value="StructureDefinition/ManufacturedItemDefinition-uv-epi"/>
      </reference>
      <name value="ManufacturedItemDefinition (ePI)"/>
      <description value="ManufacturedItemDefinition (ePI)"/>
      <exampleBoolean value="false"/>
    </resource>
    <resource>
      <extension url="http://hl7.org/fhir/tools/StructureDefinition/resource-information">
        <valueString value="StructureDefinition:resource"/>
      </extension>
      <reference>
        <reference value="StructureDefinition/MedicinalProductDefinition-uv-epi"/>
      </reference>
      <name value="MedicinalProductDefinition (ePI)"/>
      <description value="MedicinalProductDefinition (ePI)"/>
      <exampleBoolean value="false"/>
    </resource>
    <resource>
      <extension url="http://hl7.org/fhir/tools/StructureDefinition/resource-information">
        <valueString value="StructureDefinition:resource"/>
      </extension>
      <reference>
        <reference value="StructureDefinition/Organization-uv-epi"/>
      </reference>
      <name value="Organization (ePI)"/>
      <description value="Organization (ePI)"/>
      <exampleBoolean value="false"/>
    </resource>
    <resource>
      <extension url="http://hl7.org/fhir/tools/StructureDefinition/resource-information">
        <valueString value="StructureDefinition:resource"/>
      </extension>
      <reference>
        <reference value="StructureDefinition/PackagedProductDefinition-uv-epi"/>
      </reference>
      <name value="PackagedProductDefinition (ePI)"/>
      <description value="PackagedProductDefinition (ePI)"/>
      <exampleBoolean value="false"/>
    </resource>
    <resource>
      <extension url="http://hl7.org/fhir/tools/StructureDefinition/resource-information">
        <valueString value="StructureDefinition:resource"/>
      </extension>
      <reference>
        <reference value="StructureDefinition/RegulatedAuthorization-uv-epi"/>
      </reference>
      <name value="RegulatedAuthorization (ePI)"/>
      <description value="RegulatedAuthorization (ePI)"/>
      <exampleBoolean value="false"/>
    </resource>
    <resource>
      <extension url="http://hl7.org/fhir/tools/StructureDefinition/resource-information">
        <valueString value="StructureDefinition:resource"/>
      </extension>
      <reference>
        <reference value="StructureDefinition/SubstanceDefinition-uv-epi"/>
      </reference>
      <name value="SubstanceDefinition (ePI)"/>
      <description value="SubstanceDefinition (ePI)"/>
      <exampleBoolean value="false"/>
    </resource>
    <resource>
      <extension url="http://hl7.org/fhir/tools/StructureDefinition/resource-information">
        <valueString value="ValueSet"/>
      </extension>
      <reference>
        <reference value="ValueSet/admProductIdSystems"/>
      </reference>
      <name value="AdministrableProductDefinition identifier systems"/>
      <description value="AdministrableProductDefinition Identifier systems (uri)"/>
      <exampleBoolean value="false"/>
    </resource>
    <resource>
      <extension url="http://hl7.org/fhir/tools/StructureDefinition/resource-information">
        <valueString value="ValueSet"/>
      </extension>
      <reference>
        <reference value="ValueSet/epiType"/>
      </reference>
      <name value="ePI document types"/>
      <description value="ePI document types"/>
      <exampleBoolean value="false"/>
    </resource>
    <resource>
      <extension url="http://hl7.org/fhir/tools/StructureDefinition/resource-information">
        <valueString value="ValueSet"/>
      </extension>
      <reference>
        <reference value="ValueSet/manufacturedItemIdSystems"/>
      </reference>
      <name value="ManufacturedItemDefinition identifier systems"/>
      <description value="ManufacturedItemDefinition Identifier systems (uri)"/>
      <exampleBoolean value="false"/>
    </resource>
    <resource>
      <extension url="http://hl7.org/fhir/tools/StructureDefinition/resource-information">
        <valueString value="ValueSet"/>
      </extension>
      <reference>
        <reference value="ValueSet/medProductIdSystems"/>
      </reference>
      <name value="MedicinalProductDefinition identifier systems"/>
      <description value="MedicinalProductDefinition Identifier systems (uri)"/>
      <exampleBoolean value="false"/>
    </resource>
    <resource>
      <extension url="http://hl7.org/fhir/tools/StructureDefinition/resource-information">
        <valueString value="ValueSet"/>
      </extension>
      <reference>
        <reference value="ValueSet/organizationIdSystems"/>
      </reference>
      <name value="Organization identifier systems"/>
      <description value="Organization Identifier systems (uri)"/>
      <exampleBoolean value="false"/>
    </resource>
    <resource>
      <extension url="http://hl7.org/fhir/tools/StructureDefinition/resource-information">
        <valueString value="ValueSet"/>
      </extension>
      <reference>
        <reference value="ValueSet/packagedProductIdSystems"/>
      </reference>
      <name value="PackagedProductDefinition identifier systems"/>
      <description value="PackagedProductDefinition Identifier systems (uri)"/>
      <exampleBoolean value="false"/>
    </resource>
    <resource>
      <extension url="http://hl7.org/fhir/tools/StructureDefinition/resource-information">
        <valueString value="ValueSet"/>
      </extension>
      <reference>
        <reference value="ValueSet/regulatedAuthIdSystems"/>
      </reference>
      <name value="RegulatedAuthorization identifier systems"/>
      <description value="RegulatedAuthorization Identifier systems (uri)"/>
      <exampleBoolean value="false"/>
    </resource>
    <resource>
      <extension url="http://hl7.org/fhir/tools/StructureDefinition/resource-information">
        <valueString value="CodeSystem"/>
      </extension>
      <reference>
        <reference value="CodeSystem/gravitate"/>
      </reference>
      <name value="Gravitate Health Project Code System"/>
      <description value="Gravitate Health Project Code System. Coded concepts defined for internal project use."/>
      <exampleBoolean value="false"/>
    </resource>
    <resource>
      <extension url="http://hl7.org/fhir/tools/StructureDefinition/resource-information">
        <valueString value="CodeSystem"/>
      </extension>
      <reference>
        <reference value="CodeSystem/CodeSystemUvEPIRomswi"/>
      </reference>
      <name value="Organization Management Services CodeSystem"/>
      <description value="Items from https://spor.ema.europa.eu/omswi"/>
      <exampleBoolean value="false"/>
    </resource>
    <resource>
      <extension url="http://hl7.org/fhir/tools/StructureDefinition/resource-information">
        <valueString value="CodeSystem"/>
      </extension>
      <reference>
        <reference value="CodeSystem/CodeSystemUvEPIRpmswi"/>
      </reference>
      <name value="Products Management Services CodeSystem"/>
      <description value="Items from https://spor.ema.europa.eu/pmswi"/>
      <exampleBoolean value="false"/>
    </resource>
    <resource>
      <extension url="http://hl7.org/fhir/tools/StructureDefinition/resource-information">
        <valueString value="CodeSystem"/>
      </extension>
      <reference>
        <reference value="CodeSystem/CodeSystemUvEPIRrmswi"/>
      </reference>
      <name value="Referentials Management Services CodeSystem"/>
      <description value="Items from https://spor.ema.europa.eu/rmswi"/>
      <exampleBoolean value="false"/>
    </resource>
    <resource>
      <extension url="http://hl7.org/fhir/tools/StructureDefinition/resource-information">
        <valueString value="CodeSystem"/>
      </extension>
      <reference>
        <reference value="CodeSystem/CodeSystemUvEPIRsmswi"/>
      </reference>
      <name value="Substances Management Services CodeSystem"/>
      <description value="Items from https://spor.ema.europa.eu/smswi"/>
      <exampleBoolean value="false"/>
    </resource>
    <resource>
      <extension url="http://hl7.org/fhir/tools/StructureDefinition/resource-information">
        <valueString value="CodeSystem"/>
      </extension>
      <reference>
        <reference value="CodeSystem/Example"/>
      </reference>
      <name value="EMA example-sections-pl"/>
      <description value="Placeholder for EMA example-sections PL"/>
      <exampleBoolean value="false"/>
    </resource>
    <resource>
      <extension url="http://hl7.org/fhir/tools/StructureDefinition/resource-information">
        <valueString value="CodeSystem"/>
      </extension>
      <reference>
        <reference value="CodeSystem/Examplesmpc"/>
      </reference>
      <name value="EMA example-sections-smpc"/>
      <description value="Placeholder for EMA example-sections smpc"/>
      <exampleBoolean value="false"/>
    </resource>
    <resource>
      <extension url="http://hl7.org/fhir/tools/StructureDefinition/resource-information">
        <valueString value="Ingredient"/>
      </extension>
      <reference>
        <reference value="Ingredient/0c81c330-cf57-45c2-9ca2-559aea4c8060"/>
      </reference>
      <name value="0c81c330-cf57-45c2-9ca2-559aea4c8060"/>
      <description value="POLYETHYLENE GLYCOL 6000"/>
      <exampleCanonical value="http://hl7.eu/fhir/ig/gravitate-health/StructureDefinition/Ingredient-uv-epi"/>
    </resource>
    <resource>
      <extension url="http://hl7.org/fhir/tools/StructureDefinition/resource-information">
        <valueString value="Ingredient"/>
      </extension>
      <reference>
        <reference value="Ingredient/16dc4148-5296-4f7a-8576-2e6bf9dde736"/>
      </reference>
      <name value="16dc4148-5296-4f7a-8576-2e6bf9dde736"/>
      <description value="SILICON DIOXIDE"/>
      <exampleCanonical value="http://hl7.eu/fhir/ig/gravitate-health/StructureDefinition/Ingredient-uv-epi"/>
    </resource>
    <resource>
      <extension url="http://hl7.org/fhir/tools/StructureDefinition/resource-information">
        <valueString value="SubstanceDefinition"/>
      </extension>
      <reference>
        <reference value="SubstanceDefinition/17c536c9-efd1-4427-a7b0-1bcdc266798f"/>
      </reference>
      <name value="17c536c9-efd1-4427-a7b0-1bcdc266798f"/>
      <description value="exemestane-sub"/>
      <exampleCanonical value="http://hl7.eu/fhir/ig/gravitate-health/StructureDefinition/SubstanceDefinition-uv-epi"/>
    </resource>
    <resource>
      <extension url="http://hl7.org/fhir/tools/StructureDefinition/resource-information">
        <valueString value="ManufacturedItemDefinition"/>
      </extension>
      <reference>
        <reference value="ManufacturedItemDefinition/23fed712-2d60-461d-83a6-5fb939b2a939"/>
      </reference>
      <name value="23fed712-2d60-461d-83a6-5fb939b2a939"/>
      <description value="Manufactured Item - Aromasin (exemestane) Tablets 25 mg"/>
      <exampleCanonical value="http://hl7.eu/fhir/ig/gravitate-health/StructureDefinition/ManufacturedItemDefinition-uv-epi"/>
    </resource>
    <resource>
      <extension url="http://hl7.org/fhir/tools/StructureDefinition/resource-information">
        <valueString value="Ingredient"/>
      </extension>
      <reference>
        <reference value="Ingredient/32e98fc8-b8fb-4bd9-a4d3-2ce97c151d61"/>
      </reference>
      <name value="32e98fc8-b8fb-4bd9-a4d3-2ce97c151d61"/>
      <description value="microcrystalline cellulose"/>
      <exampleCanonical value="http://hl7.eu/fhir/ig/gravitate-health/StructureDefinition/Ingredient-uv-epi"/>
    </resource>
    <resource>
      <extension url="http://hl7.org/fhir/tools/StructureDefinition/resource-information">
        <valueString value="Composition"/>
      </extension>
      <reference>
        <reference value="Composition/363cbf4a-9c4d-442a-af67-b72a1225ca28"/>
      </reference>
      <name value="363cbf4a-9c4d-442a-af67-b72a1225ca28"/>
      <description value="Package Leaflet"/>
      <exampleCanonical value="http://hl7.eu/fhir/ig/gravitate-health/StructureDefinition/Composition-uv-epi"/>
    </resource>
    <resource>
      <extension url="http://hl7.org/fhir/tools/StructureDefinition/resource-information">
        <valueString value="PackagedProductDefinition"/>
      </extension>
      <reference>
        <reference value="PackagedProductDefinition/39151aef-f61a-40cb-86fc-d0e556fa07ef"/>
      </reference>
      <name value="39151aef-f61a-40cb-86fc-d0e556fa07ef"/>
      <description value="30 in 1 BOTTLE; Type 0: Not a Combination Product"/>
      <exampleCanonical value="http://hl7.eu/fhir/ig/gravitate-health/StructureDefinition/PackagedProductDefinition-uv-epi"/>
    </resource>
    <resource>
      <extension url="http://hl7.org/fhir/tools/StructureDefinition/resource-information">
        <valueString value="RegulatedAuthorization"/>
      </extension>
      <reference>
        <reference value="RegulatedAuthorization/56b3b73e-dba0-4447-b8cd-1e24ed637017"/>
      </reference>
      <name value="56b3b73e-dba0-4447-b8cd-1e24ed637017"/>
      <description value="Regulated Authorization"/>
      <exampleCanonical value="http://hl7.eu/fhir/ig/gravitate-health/StructureDefinition/RegulatedAuthorization-uv-epi"/>
    </resource>
    <resource>
      <extension url="http://hl7.org/fhir/tools/StructureDefinition/resource-information">
        <valueString value="Ingredient"/>
      </extension>
      <reference>
        <reference value="Ingredient/5a574ff2-f3e6-4aaa-8d3c-27e6ab343533"/>
      </reference>
      <name value="5a574ff2-f3e6-4aaa-8d3c-27e6ab343533"/>
      <description value="EXEMESTANE"/>
      <exampleCanonical value="http://hl7.eu/fhir/ig/gravitate-health/StructureDefinition/Ingredient-uv-epi"/>
    </resource>
    <resource>
      <extension url="http://hl7.org/fhir/tools/StructureDefinition/resource-information">
        <valueString value="Ingredient"/>
      </extension>
      <reference>
        <reference value="Ingredient/5acc6759-a7f7-4380-ab2e-ad72e8587598"/>
      </reference>
      <name value="5acc6759-a7f7-4380-ab2e-ad72e8587598"/>
      <description value="MAGNESIUM STEARATE"/>
      <exampleCanonical value="http://hl7.eu/fhir/ig/gravitate-health/StructureDefinition/Ingredient-uv-epi"/>
    </resource>
    <resource>
      <extension url="http://hl7.org/fhir/tools/StructureDefinition/resource-information">
        <valueString value="Ingredient"/>
      </extension>
      <reference>
        <reference value="Ingredient/5f2c1669-3991-4cc2-b252-958b738d5df8"/>
      </reference>
      <name value="5f2c1669-3991-4cc2-b252-958b738d5df8"/>
      <description value="METHYLPARABEN"/>
      <exampleCanonical value="http://hl7.eu/fhir/ig/gravitate-health/StructureDefinition/Ingredient-uv-epi"/>
    </resource>
    <resource>
      <extension url="http://hl7.org/fhir/tools/StructureDefinition/resource-information">
        <valueString value="Ingredient"/>
      </extension>
      <reference>
        <reference value="Ingredient/6708560e-135d-4b2a-afde-9e3b03f27939"/>
      </reference>
      <name value="6708560e-135d-4b2a-afde-9e3b03f27939"/>
      <description value="POLYSORBATE 80"/>
      <exampleCanonical value="http://hl7.eu/fhir/ig/gravitate-health/StructureDefinition/Ingredient-uv-epi"/>
    </resource>
    <resource>
      <extension url="http://hl7.org/fhir/tools/StructureDefinition/resource-information">
        <valueString value="Ingredient"/>
      </extension>
      <reference>
        <reference value="Ingredient/733fb580-1139-4188-aff8-ad6efe243555"/>
      </reference>
      <name value="733fb580-1139-4188-aff8-ad6efe243555"/>
      <description value="POLYVINYL ALCOHOL, UNSPECIFIED"/>
      <exampleCanonical value="http://hl7.eu/fhir/ig/gravitate-health/StructureDefinition/Ingredient-uv-epi"/>
    </resource>
    <resource>
      <extension url="http://hl7.org/fhir/tools/StructureDefinition/resource-information">
        <valueString value="Ingredient"/>
      </extension>
      <reference>
        <reference value="Ingredient/7b23dea1-ce14-4c13-8004-f297bb75eda0"/>
      </reference>
      <name value="7b23dea1-ce14-4c13-8004-f297bb75eda0"/>
      <description value="MANNITOL"/>
      <exampleCanonical value="http://hl7.eu/fhir/ig/gravitate-health/StructureDefinition/Ingredient-uv-epi"/>
    </resource>
    <resource>
      <extension url="http://hl7.org/fhir/tools/StructureDefinition/resource-information">
        <valueString value="Ingredient"/>
      </extension>
      <reference>
        <reference value="Ingredient/854be59d-070a-44d7-a82e-bbb83200dc6a"/>
      </reference>
      <name value="854be59d-070a-44d7-a82e-bbb83200dc6a"/>
      <description value="TITANIUM DIOXIDE "/>
      <exampleCanonical value="http://hl7.eu/fhir/ig/gravitate-health/StructureDefinition/Ingredient-uv-epi"/>
    </resource>
    <resource>
      <extension url="http://hl7.org/fhir/tools/StructureDefinition/resource-information">
        <valueString value="Organization"/>
      </extension>
      <reference>
        <reference value="Organization/85c5d81e-9d5a-4a15-8b9d-42bbbe0409c8"/>
      </reference>
      <name value="85c5d81e-9d5a-4a15-8b9d-42bbbe0409c8"/>
      <description value="Marketing Authorization Holder"/>
      <exampleCanonical value="http://hl7.eu/fhir/ig/gravitate-health/StructureDefinition/Organization-uv-epi"/>
    </resource>
    <resource>
      <extension url="http://hl7.org/fhir/tools/StructureDefinition/resource-information">
        <valueString value="AdministrableProductDefinition"/>
      </extension>
      <reference>
        <reference value="AdministrableProductDefinition/8cf05f7c-481d-4bd6-9a7c-9ca3275601c3"/>
      </reference>
      <name value="8cf05f7c-481d-4bd6-9a7c-9ca3275601c3"/>
      <description value="Aromasin (exemestane) Tablets 25 mg"/>
      <exampleCanonical value="http://hl7.eu/fhir/ig/gravitate-health/StructureDefinition/AdministrableProductDefinition-uv-epi"/>
    </resource>
    <resource>
      <extension url="http://hl7.org/fhir/tools/StructureDefinition/resource-information">
        <valueString value="Ingredient"/>
      </extension>
      <reference>
        <reference value="Ingredient/b254f961-61ca-43f9-b3f9-5b0b5d4406a9"/>
      </reference>
      <name value="b254f961-61ca-43f9-b3f9-5b0b5d4406a9"/>
      <description value="SODIUM STARCH GLYCOLATE TYPE A POTATO"/>
      <exampleCanonical value="http://hl7.eu/fhir/ig/gravitate-health/StructureDefinition/Ingredient-uv-epi"/>
    </resource>
    <resource>
      <extension url="http://hl7.org/fhir/tools/StructureDefinition/resource-information">
        <valueString value="Ingredient"/>
      </extension>
      <reference>
        <reference value="Ingredient/c5a3cb57-3f3e-4309-ae34-0926300de57e"/>
      </reference>
      <name value="c5a3cb57-3f3e-4309-ae34-0926300de57e"/>
      <description value="SUCROSE"/>
      <exampleCanonical value="http://hl7.eu/fhir/ig/gravitate-health/StructureDefinition/Ingredient-uv-epi"/>
    </resource>
    <resource>
      <extension url="http://hl7.org/fhir/tools/StructureDefinition/resource-information">
        <valueString value="OperationDefinition"/>
      </extension>
      <reference>
        <reference value="OperationDefinition/calculate"/>
      </reference>
      <name value="calculate"/>
      <description value="This operation calculates an enhanced version of an ePI as well as"/>
      <exampleBoolean value="false"/>
    </resource>
    <resource>
      <extension url="http://hl7.org/fhir/tools/StructureDefinition/resource-information">
        <valueString value="Ingredient"/>
      </extension>
      <reference>
        <reference value="Ingredient/cc5753cd-e648-47d2-a135-503cd8a3e1da"/>
      </reference>
      <name value="cc5753cd-e648-47d2-a135-503cd8a3e1da"/>
      <description value="HYPROMELLOSE, UNSPECIFIED"/>
      <exampleCanonical value="http://hl7.eu/fhir/ig/gravitate-health/StructureDefinition/Ingredient-uv-epi"/>
    </resource>
    <resource>
      <extension url="http://hl7.org/fhir/tools/StructureDefinition/resource-information">
        <valueString value="MedicinalProductDefinition"/>
      </extension>
      <reference>
        <reference value="MedicinalProductDefinition/cfsb1650904258324"/>
      </reference>
      <name value="cfsb1650904258324"/>
      <description value="EU/1/19/1370/001 Dovato 50 mg/300 mg film-coated tablets"/>
      <exampleBoolean value="true"/>
    </resource>
    <resource>
      <extension url="http://hl7.org/fhir/tools/StructureDefinition/resource-information">
        <valueString value="PackagedProductDefinition"/>
      </extension>
      <reference>
        <reference value="PackagedProductDefinition/cfsb1650995718524"/>
      </reference>
      <name value="cfsb1650995718524"/>
      <description value="50 mg/300 mg film-coated tablets"/>
      <exampleBoolean value="true"/>
    </resource>
    <resource>
      <extension url="http://hl7.org/fhir/tools/StructureDefinition/resource-information">
        <valueString value="Organization"/>
      </extension>
      <reference>
        <reference value="Organization/cfsb1650997423990"/>
      </reference>
      <name value="cfsb1650997423990"/>
      <description value="Manufacturer"/>
      <exampleBoolean value="true"/>
    </resource>
    <resource>
      <extension url="http://hl7.org/fhir/tools/StructureDefinition/resource-information">
        <valueString value="ManufacturedItemDefinition"/>
      </extension>
      <reference>
        <reference value="ManufacturedItemDefinition/cfsb1650998521654"/>
      </reference>
      <name value="cfsb1650998521654"/>
      <description value="Manufactured Item: Dovato 50 mg/300 mg film-coated tablets"/>
      <exampleBoolean value="true"/>
    </resource>
    <resource>
      <extension url="http://hl7.org/fhir/tools/StructureDefinition/resource-information">
        <valueString value="AdministrableProductDefinition"/>
      </extension>
      <reference>
        <reference value="AdministrableProductDefinition/cfsb1650999516847"/>
      </reference>
      <name value="cfsb1650999516847"/>
      <description value="Dovato 50 mg/300 mg film-coated tablets"/>
      <exampleBoolean value="true"/>
    </resource>
    <resource>
      <extension url="http://hl7.org/fhir/tools/StructureDefinition/resource-information">
        <valueString value="RegulatedAuthorization"/>
      </extension>
      <reference>
        <reference value="RegulatedAuthorization/cfsb1651148079894"/>
      </reference>
      <name value="cfsb1651148079894"/>
      <description value="Regulated authorization"/>
      <exampleBoolean value="true"/>
    </resource>
    <resource>
      <extension url="http://hl7.org/fhir/tools/StructureDefinition/resource-information">
        <valueString value="Organization"/>
      </extension>
      <reference>
        <reference value="Organization/cfsb1651149636159"/>
      </reference>
      <name value="cfsb1651149636159"/>
      <description value="Marketing Authorization Holder"/>
      <exampleBoolean value="true"/>
    </resource>
    <resource>
      <extension url="http://hl7.org/fhir/tools/StructureDefinition/resource-information">
        <valueString value="Organization"/>
      </extension>
      <reference>
        <reference value="Organization/cfsb1651152112409"/>
      </reference>
      <name value="cfsb1651152112409"/>
      <description value="Regulator"/>
      <exampleBoolean value="true"/>
    </resource>
    <resource>
      <extension url="http://hl7.org/fhir/tools/StructureDefinition/resource-information">
        <valueString value="Ingredient"/>
      </extension>
      <reference>
        <reference value="Ingredient/cfsb1651162710491"/>
      </reference>
      <name value="cfsb1651162710491"/>
      <description value="dolutegravir"/>
      <exampleBoolean value="true"/>
    </resource>
    <resource>
      <extension url="http://hl7.org/fhir/tools/StructureDefinition/resource-information">
        <valueString value="Ingredient"/>
      </extension>
      <reference>
        <reference value="Ingredient/cfsb1651164758053"/>
      </reference>
      <name value="cfsb1651164758053"/>
      <description value="lamivudine"/>
      <exampleBoolean value="true"/>
    </resource>
    <resource>
      <extension url="http://hl7.org/fhir/tools/StructureDefinition/resource-information">
        <valueString value="Ingredient"/>
      </extension>
      <reference>
        <reference value="Ingredient/cfsb1651170791283"/>
      </reference>
      <name value="cfsb1651170791283"/>
      <description value="microcrystalline cellulose"/>
      <exampleBoolean value="true"/>
    </resource>
    <resource>
      <extension url="http://hl7.org/fhir/tools/StructureDefinition/resource-information">
        <valueString value="Ingredient"/>
      </extension>
      <reference>
        <reference value="Ingredient/cfsb1651229974487"/>
      </reference>
      <name value="cfsb1651229974487"/>
      <description value="sodium starch glycolate"/>
      <exampleBoolean value="true"/>
    </resource>
    <resource>
      <extension url="http://hl7.org/fhir/tools/StructureDefinition/resource-information">
        <valueString value="Ingredient"/>
      </extension>
      <reference>
        <reference value="Ingredient/cfsb1651230170831"/>
      </reference>
      <name value="cfsb1651230170831"/>
      <description value="magnesium stearate"/>
      <exampleBoolean value="true"/>
    </resource>
    <resource>
      <extension url="http://hl7.org/fhir/tools/StructureDefinition/resource-information">
        <valueString value="Ingredient"/>
      </extension>
      <reference>
        <reference value="Ingredient/cfsb1651230330246"/>
      </reference>
      <name value="cfsb1651230330246"/>
      <description value="mannitol"/>
      <exampleBoolean value="true"/>
    </resource>
    <resource>
      <extension url="http://hl7.org/fhir/tools/StructureDefinition/resource-information">
        <valueString value="Composition"/>
      </extension>
      <reference>
        <reference value="Composition/cfsb1651231019151"/>
      </reference>
      <name value="cfsb1651231019151"/>
      <description value="Package Leaflet"/>
      <exampleBoolean value="true"/>
    </resource>
    <resource>
      <extension url="http://hl7.org/fhir/tools/StructureDefinition/resource-information">
        <valueString value="Composition"/>
      </extension>
      <reference>
        <reference value="Composition/cfsb1651234995610"/>
      </reference>
      <name value="cfsb1651234995610"/>
      <description value="Prospecto Dovato 50 mg/300 mg comprimidos recubiertos con película"/>
      <exampleBoolean value="true"/>
    </resource>
    <resource>
      <extension url="http://hl7.org/fhir/tools/StructureDefinition/resource-information">
        <valueString value="Bundle"/>
      </extension>
      <reference>
        <reference value="Bundle/cfsb1651596479132"/>
      </reference>
      <name value="Vulcan Dovato FHIR Package Insert EMA"/>
      <description value="English Instance of Dovato package insert for Connectathon testing"/>
      <exampleBoolean value="true"/>
    </resource>
    <resource>
      <extension url="http://hl7.org/fhir/tools/StructureDefinition/resource-information">
        <valueString value="Bundle"/>
      </extension>
      <reference>
        <reference value="Bundle/cfsb1651597532341"/>
      </reference>
      <name value="Vulcan Dovato FHIR Package Insert EMA ESP"/>
      <description value="Spanish Instance of Dovato package insert for Connectathon testing"/>
      <exampleBoolean value="true"/>
    </resource>
    <resource>
      <extension url="http://hl7.org/fhir/tools/StructureDefinition/resource-information">
        <valueString value="Ingredient"/>
      </extension>
      <reference>
        <reference value="Ingredient/db5e392b-e7b2-47dc-829c-ee5182986dca"/>
      </reference>
      <name value="db5e392b-e7b2-47dc-829c-ee5182986dca"/>
      <description value="MAGNESIUM CARBONATE"/>
      <exampleCanonical value="http://hl7.eu/fhir/ig/gravitate-health/StructureDefinition/Ingredient-uv-epi"/>
    </resource>
    <resource>
      <extension url="http://hl7.org/fhir/tools/StructureDefinition/resource-information">
        <valueString value="MedicinalProductDefinition"/>
      </extension>
      <reference>
        <reference value="MedicinalProductDefinition/f1b25777-da7a-4a35-98af-ab18d3246d54"/>
      </reference>
      <name value="f1b25777-da7a-4a35-98af-ab18d3246d54"/>
      <description value="Aromasin (exemestane) Tablets 25 mg"/>
      <exampleCanonical value="http://hl7.eu/fhir/ig/gravitate-health/StructureDefinition/MedicinalProductDefinition-uv-epi"/>
    </resource>
    <resource>
      <extension url="http://hl7.org/fhir/tools/StructureDefinition/resource-information">
        <valueString value="Bundle"/>
      </extension>
      <reference>
        <reference value="Bundle/f237a390-9fda-42e9-a62d-1ba5079be192"/>
      </reference>
      <name value="Vulcan FHIR USA Patient Package Insert Test - Aromasin (exemestane) Tablets 25 mg"/>
      <description value="Instance of exemestane tablets JPI for Connectathon testing"/>
      <exampleBoolean value="true"/>
    </resource>
    <resource>
      <extension url="http://hl7.org/fhir/tools/StructureDefinition/resource-information">
        <valueString value="Ingredient"/>
      </extension>
      <reference>
        <reference value="Ingredient/f35c1543-e4e2-4215-b91c-f092b1fb9655"/>
      </reference>
      <name value="f35c1543-e4e2-4215-b91c-f092b1fb9655"/>
      <description value="microcrystalline cellulose"/>
      <exampleCanonical value="http://hl7.eu/fhir/ig/gravitate-health/StructureDefinition/Ingredient-uv-epi"/>
    </resource>
    <page>
      <nameUrl value="toc.html"/>
      <title value="Table of Contents"/>
      <generation value="html"/>
      <page>
        <nameUrl value="index.html"/>
        <title value="Introduction"/>
        <generation value="markdown"/>
      </page>
      <page>
        <nameUrl value="background.html"/>
        <title value="Background"/>
        <generation value="markdown"/>
      </page>
      <page>
        <nameUrl value="core-epi-structure.html"/>
        <title value="Core ePI Profile"/>
        <generation value="markdown"/>
      </page>
      <page>
        <nameUrl value="terminology.html"/>
        <title value="Terminology"/>
        <generation value="markdown"/>
      </page>
      <page>
        <nameUrl value="steps-to-create-core-epi.html"/>
        <title value="Steps to create a Core FHIR ePI"/>
        <generation value="markdown"/>
      </page>
      <page>
        <nameUrl value="capability.html"/>
        <title value="Capability"/>
        <generation value="markdown"/>
      </page>
      <page>
        <nameUrl value="general-technical-conformance-requirements.html"/>
        <title value="General Technical Conformance Requirements"/>
        <generation value="markdown"/>
      </page>
      <page>
        <nameUrl value="appendicies.html"/>
        <title value="Appendix"/>
        <generation value="markdown"/>
      </page>
      <page>
        <nameUrl value="annex1-ema-fhir-epi.html"/>
        <title value="Annex I - EU/EMA FHIR ePI Profile"/>
        <generation value="markdown"/>
      </page>
      <page>
        <nameUrl value="annex2-fda-fhir-epi.html"/>
        <title value="Annex II - US/FDA FHIR ePI Profile"/>
        <generation value="markdown"/>
      </page>
      <page>
        <nameUrl value="annex3-pmda-fhir-epi.html"/>
        <title value="Annex III - Japan/PMDA FHIR ePI Profile"/>
        <generation value="markdown"/>
      </page>
    </page>
    <parameter>
      <code value="copyrightyear"/>
      <value value="2021+"/>
    </parameter>
    <parameter>
      <code value="releaselabel"/>
      <value value="CI Build"/>
    </parameter>
    <parameter>
      <code value="show-inherited-invariants"/>
      <value value="false"/>
    </parameter>
    <parameter>
      <code value="path-resource"/>
      <value value="input/resources/irbesartan"/>
    </parameter>
    <parameter>
      <code value="path-resource"/>
      <value value="input/resources/oxymetazoline-hydrochloride"/>
    </parameter>
    <parameter>
      <code value="path-resource"/>
      <value value="input/resources/dimethyl-fumarate"/>
    </parameter>
    <parameter>
      <code value="autoload-resources"/>
      <value value="true"/>
    </parameter>
    <parameter>
      <code value="path-resource"/>
      <value value="input/capabilities"/>
    </parameter>
    <parameter>
      <code value="path-resource"/>
      <value value="input/examples"/>
    </parameter>
    <parameter>
      <code value="path-resource"/>
      <value value="input/extensions"/>
    </parameter>
    <parameter>
      <code value="path-resource"/>
      <value value="input/models"/>
    </parameter>
    <parameter>
      <code value="path-resource"/>
      <value value="input/operations"/>
    </parameter>
    <parameter>
      <code value="path-resource"/>
      <value value="input/profiles"/>
    </parameter>
    <parameter>
      <code value="path-resource"/>
      <value value="input/resources"/>
    </parameter>
    <parameter>
      <code value="path-resource"/>
      <value value="input/vocabulary"/>
    </parameter>
    <parameter>
      <code value="path-resource"/>
      <value value="input/testing"/>
    </parameter>
    <parameter>
      <code value="path-resource"/>
      <value value="input/history"/>
    </parameter>
    <parameter>
      <code value="path-resource"/>
      <value value="fsh-generated/resources"/>
    </parameter>
    <parameter>
      <code value="path-pages"/>
      <value value="template/config"/>
    </parameter>
    <parameter>
      <code value="path-pages"/>
      <value value="input/images"/>
    </parameter>
    <parameter>
      <code value="path-liquid"/>
      <value value="template/liquid"/>
    </parameter>
    <parameter>
      <code value="path-liquid"/>
      <value value="input/liquid"/>
    </parameter>
    <parameter>
      <code value="path-qa"/>
      <value value="temp/qa"/>
    </parameter>
    <parameter>
      <code value="path-temp"/>
      <value value="temp/pages"/>
    </parameter>
    <parameter>
      <code value="path-output"/>
      <value value="output"/>
    </parameter>
    <parameter>
      <code value="path-tx-cache"/>
      <value value="input-cache/txcache"/>
    </parameter>
    <parameter>
      <code value="path-suppressed-warnings"/>
      <value value="input/ignoreWarnings.txt"/>
    </parameter>
    <parameter>
      <code value="path-history"/>
      <value value="http://hl7.eu/fhir/ig/gravitate-health/history.html"/>
    </parameter>
    <parameter>
      <code value="template-html"/>
      <value value="template-page.html"/>
    </parameter>
    <parameter>
      <code value="template-md"/>
      <value value="template-page-md.html"/>
    </parameter>
    <parameter>
      <code value="apply-contact"/>
      <value value="true"/>
    </parameter>
    <parameter>
      <code value="apply-context"/>
      <value value="true"/>
    </parameter>
    <parameter>
      <code value="apply-copyright"/>
      <value value="true"/>
    </parameter>
    <parameter>
      <code value="apply-jurisdiction"/>
      <value value="true"/>
    </parameter>
    <parameter>
      <code value="apply-license"/>
      <value value="true"/>
    </parameter>
    <parameter>
      <code value="apply-publisher"/>
      <value value="true"/>
    </parameter>
    <parameter>
      <code value="apply-version"/>
      <value value="true"/>
    </parameter>
    <parameter>
      <code value="active-tables"/>
      <value value="true"/>
    </parameter>
    <parameter>
      <code value="fmm-definition"/>
      <value value="http://hl7.org/fhir/versions.html#maturity"/>
    </parameter>
    <parameter>
      <code value="propagate-status"/>
      <value value="true"/>
    </parameter>
    <parameter>
      <code value="excludelogbinaryformat"/>
      <value value="true"/>
    </parameter>
  </definition>
</ImplementationGuide>