<?xml version="1.0" encoding="UTF-8"?>

<Ingredient xmlns="http://hl7.org/fhir">
  <id value="5f2c1669-3991-4cc2-b252-958b738d5df8"/>
  <meta>
    <profile value="http://hl7.eu/fhir/ig/gravitate-health/StructureDefinition/Ingredient-uv-epi"/>
  </meta>
  <text>
    <status value="generated"/><div xmlns="http://www.w3.org/1999/xhtml"><p><b>Generated Narrative: Ingredient</b></p><div style="display: inline-block; background-color: #d9e0e7; padding: 6px; margin: 4px; border: 1px solid #8da1b4; border-radius: 5px; line-height: 60%"><p style="margin-bottom: 0px">Resource Ingredient "5f2c1669-3991-4cc2-b252-958b738d5df8" </p><p style="margin-bottom: 0px">Profile: <a href="StructureDefinition-Ingredient-uv-epi.html">Ingredient (ePI)</a></p></div><p><b>identifier</b>: id: A2I8C7HI9T (OFFICIAL)</p><p><b>status</b>: active</p><p><b>for</b>: <a href="ManufacturedItemDefinition-23fed712-2d60-461d-83a6-5fb939b2a939.html">ManufacturedItemDefinition/23fed712-2d60-461d-83a6-5fb939b2a939</a></p><p><b>role</b>: Excipient <span style="background: LightGoldenRodYellow; margin: 4px; border: 1px solid khaki"> (#100000072082)</span></p><h3>Manufacturers</h3><table class="grid"><tr><td>-</td><td><b>Manufacturer</b></td></tr><tr><td>*</td><td><a href="Organization-85c5d81e-9d5a-4a15-8b9d-42bbbe0409c8.html">Organization/85c5d81e-9d5a-4a15-8b9d-42bbbe0409c8</a> "PHARMACIA &amp; UPJOHN COMPANY LLC"</td></tr></table><blockquote><p><b>substance</b></p></blockquote></div>
  </text>
  <identifier>
    <use value="official"/>
    <system value="https://gsrs.ncats.nih.gov/ginas/app/beta/"/>
    <value value="A2I8C7HI9T"/>
  </identifier>
  <status value="active"/>
  <for>
    <reference value="ManufacturedItemDefinition/23fed712-2d60-461d-83a6-5fb939b2a939"/>
  </for>
  <role>
    <coding>
      <system value="https://spor.ema.europa.eu/rmswi/"/>
      <code value="100000072082"/>
    </coding>
    <text value="Excipient"/>
  </role>
  <manufacturer>
    <manufacturer>
      <reference value="Organization/85c5d81e-9d5a-4a15-8b9d-42bbbe0409c8"/>
    </manufacturer>
  </manufacturer>
  <substance>
    <code>
      <concept>
        <coding>
          <system value="https://gsrs.ncats.nih.gov/ginas/app/beta/"/>
          <code value="A2I8C7HI9T"/>
          <display value="METHYLPARABEN"/>
        </coding>
      </concept>
    </code>
  </substance>
</Ingredient>