<?xml version="1.0" encoding="UTF-8"?>

<Ingredient xmlns="http://hl7.org/fhir">
  <id value="58982a29-3996-4c6e-87a4-902003cbdc21"/>
  <text>
    <status value="generated"/><div xmlns="http://www.w3.org/1999/xhtml"><p><b>Generated Narrative</b></p><div style="display: inline-block; background-color: #d9e0e7; padding: 6px; margin: 4px; border: 1px solid #8da1b4; border-radius: 5px; line-height: 60%"><p style="margin-bottom: 0px">Resource "58982a29-3996-4c6e-87a4-902003cbdc21" </p></div><p><b>identifier</b>: id: 80582002 (OFFICIAL)</p><p><b>status</b>: active</p><p><b>role</b>: Excipient <span style="background: LightGoldenRodYellow; margin: 4px; border: 1px solid khaki"> (#100000072082)</span></p><h3>Manufacturers</h3><table class="grid"><tr><td>-</td><td><b>Manufacturer</b></td></tr><tr><td>*</td><td><a href="Organization-4915c27b-b51a-4071-a031-71c5c5e52036.html">Organization/4915c27b-b51a-4071-a031-71c5c5e52036</a> "Lilly S.A."</td></tr></table><blockquote><p><b>substance</b></p></blockquote></div>
  </text>
  <identifier>
    <use value="official"/>
    <system value="$sct"/>
    <value value="80582002"/>
  </identifier>
  <status value="active"/>
  <role>
    <coding>
      <system value="http://hl7.org/fhir/ingredient-role/"/>
      <code value="100000072082"/>
    </coding>
    <text value="Excipient"/>
  </role>
  <manufacturer>
    <manufacturer>
      <reference value="Organization/4915c27b-b51a-4071-a031-71c5c5e52036"/>
    </manufacturer>
  </manufacturer>
  <substance>
    <code>
      <concept>
        <coding>
          <system value="https://gsrs.ncats.nih.gov/ginas/app/beta/"/>
          <code value="PDC6A3C0OX"/>
          <display value="Glycerin"/>
        </coding>
      </concept>
    </code>
  </substance>
</Ingredient>