<?xml version="1.0" encoding="UTF-8"?>

<ManufacturedItemDefinition xmlns="http://hl7.org/fhir">
  <id value="cfsb6176453266374"/>
  <text>
    <status value="generated"/><div xmlns="http://www.w3.org/1999/xhtml"><p><b>Generated Narrative</b></p><div style="display: inline-block; background-color: #d9e0e7; padding: 6px; margin: 4px; border: 1px solid #8da1b4; border-radius: 5px; line-height: 60%"><p style="margin-bottom: 0px">Resource "cfsb6176453266374" </p></div><p><b>identifier</b>: id: EU/1/16/1157/002 (OFFICIAL)</p><p><b>status</b>: active</p><p><b>manufacturedDoseForm</b>: Solution <span style="background: LightGoldenRodYellow; margin: 4px; border: 1px solid khaki"> (#/#200000002007)</span></p><p><b>unitOfPresentation</b>: Pen <span style="background: LightGoldenRodYellow; margin: 4px; border: 1px solid khaki"> (#/#200000002135)</span></p><p><b>manufacturer</b>: <a href="Organization-cfsb2176224411725.html">Organization/cfsb2176224411725</a> "Sanofi-Aventis Deutschland GmbH"</p></div>
  </text>
  <identifier>
    <use value="official"/>
    <system value="https://spor.ema.europa.eu/pmswi/#/"/>
    <value value="EU/1/16/1157/002"/>
  </identifier>
  <status value="active"/>
  <manufacturedDoseForm>
    <coding>
      <system value="https://spor.ema.europa.eu/rmswi/"/>
      <code value="/#200000002007"/>
    </coding>
    <text value="Solution"/>
  </manufacturedDoseForm>
  <unitOfPresentation>
    <coding>
      <system value="https://spor.ema.europa.eu/rmswi/"/>
      <code value="/#200000002135"/>
    </coding>
    <text value="Pen"/>
  </unitOfPresentation>
  <manufacturer>
    <reference value="Organization/cfsb2176224411725"/>
  </manufacturer>
</ManufacturedItemDefinition>