{
  "resourceType": "MedicinalProductDefinition",
  "id": "example",
  "text": {
    "status": "generated",
    "div": "<div xmlns=\"http://www.w3.org/1999/xhtml\"><p><b>Generated Narrative</b></p><div style=\"display: inline-block; background-color: #d9e0e7; padding: 6px; margin: 4px; border: 1px solid #8da1b4; border-radius: 5px; line-height: 60%\"><p style=\"margin-bottom: 0px\">Resource \"example\" </p></div><p><b>identifier</b>: id: {mpid}</p><p><b>classification</b>: B01AF02 <span style=\"background: LightGoldenRodYellow; margin: 4px; border: 1px solid khaki\"> (WHOAnatomicalTherapeuticChemicalATCClassificationSystem#B01AF02)</span></p><blockquote><p><b>name</b></p><p><b>productName</b>: Equilidem 2.5 mg film-coated tablets</p><blockquote><p><b>namePart</b></p><p><b>part</b>: Equilidem</p><p><b>type</b>: INV <span style=\"background: LightGoldenRodYellow; margin: 4px; border: 1px solid khaki\"> ([not stated]#INV)</span></p></blockquote><blockquote><p><b>namePart</b></p><p><b>part</b>: 2.5 mg</p><p><b>type</b>: STR <span style=\"background: LightGoldenRodYellow; margin: 4px; border: 1px solid khaki\"> ([not stated]#STR)</span></p></blockquote><blockquote><p><b>namePart</b></p><p><b>part</b>: film-coated tablets</p><p><b>type</b>: FRM <span style=\"background: LightGoldenRodYellow; margin: 4px; border: 1px solid khaki\"> ([not stated]#FRM)</span></p></blockquote><h3>CountryLanguages</h3><table class=\"grid\"><tr><td>-</td><td><b>Country</b></td><td><b>Jurisdiction</b></td><td><b>Language</b></td></tr><tr><td>*</td><td>EU <span style=\"background: LightGoldenRodYellow; margin: 4px; border: 1px solid khaki\"> (countryCode#EU)</span></td><td>EU <span style=\"background: LightGoldenRodYellow; margin: 4px; border: 1px solid khaki\"> (jurisdictionCode#EU)</span></td><td>EN <span style=\"background: LightGoldenRodYellow; margin: 4px; border: 1px solid khaki\"> (languageCode#EN)</span></td></tr></table></blockquote><blockquote><p><b>operation</b></p><p><b>effectiveDate</b>: 2013-03-15 --&gt; (ongoing)</p></blockquote></div>"
  },
  "identifier": [
    {
      "system": "http://ema.europa.eu/example/MPID",
      "value": "{mpid}"
    }
  ],
  "classification": [
    {
      "coding": [
        {
          "system": "http://ema.europa.eu/example/WHOAnatomicalTherapeuticChemicalATCClassificationSystem",
          "code": "B01AF02"
        }
      ]
    }
  ],
  "name": [
    {
      "productName": "Equilidem 2.5 mg film-coated tablets",
      "namePart": [
        {
          "part": "Equilidem",
          "type": {
            "coding": [
              {
                "code": "INV"
              }
            ]
          }
        },
        {
          "part": "2.5 mg",
          "type": {
            "coding": [
              {
                "code": "STR"
              }
            ]
          }
        },
        {
          "part": "film-coated tablets",
          "type": {
            "coding": [
              {
                "code": "FRM"
              }
            ]
          }
        }
      ],
      "countryLanguage": [
        {
          "country": {
            "coding": [
              {
                "system": "http://ema.europa.eu/example/countryCode",
                "code": "EU"
              }
            ]
          },
          "jurisdiction": {
            "coding": [
              {
                "system": "http://ema.europa.eu/example/jurisdictionCode",
                "code": "EU"
              }
            ]
          },
          "language": {
            "coding": [
              {
                "system": "http://ema.europa.eu/example/languageCode",
                "code": "EN"
              }
            ]
          }
        }
      ]
    }
  ],
  "operation": [
    {
      "type": {
        "concept": {
          "coding": [
            {
              "system": "http://ema.europa.eu/example/manufacturingOperationType",
              "code": "Batchrelease"
            }
          ]
        }
      },
      "effectiveDate": {
        "start": "2013-03-15"
      }
    }
  ]
}