{
  "resourceType": "Organization",
  "id": "cfsb1640282801639",
  "text": {
    "status": "generated",
    "div": "<div xmlns=\"http://www.w3.org/1999/xhtml\"><p><b>Generated Narrative</b></p><div style=\"display: inline-block; background-color: #d9e0e7; padding: 6px; margin: 4px; border: 1px solid #8da1b4; border-radius: 5px; line-height: 60%\"><p style=\"margin-bottom: 0px\">Resource \"cfsb1640282801639\" </p></div><p><b>identifier</b>: id: ORG-100099999 (OFFICIAL)</p><p><b>active</b>: true</p><p><b>type</b>: Medicines Regulatory Authority <span style=\"background: LightGoldenRodYellow; margin: 4px; border: 1px solid khaki\"> (#/#220000000033)</span></p><p><b>name</b>: European Medicines Agency</p><p><b>address</b>: Domenico Scarlattilaan 6 1083 HS Amsterdam The Netherlands(WORK)</p></div>"
  },
  "identifier": [
    {
      "use": "official",
      "system": "https://spor.ema.europa.eu/omswi/#/",
      "value": "ORG-100099999"
    }
  ],
  "active": true,
  "type": [
    {
      "coding": [
        {
          "system": "https://spor.ema.europa.eu/rmswi/",
          "code": "/#220000000033"
        }
      ],
      "text": "Medicines Regulatory Authority"
    }
  ],
  "name": "European Medicines Agency",
  "address": [
    {
      "use": "work",
      "type": "physical",
      "text": "Domenico Scarlattilaan 6 1083 HS Amsterdam The Netherlands",
      "line": [
        "Carretera De Martorell 41 61, Poligono Industrial Nord-Est"
      ],
      "city": "Amsterdam",
      "country": "nl"
    }
  ]
}