<?xml version="1.0" encoding="UTF-8"?>

<Organization xmlns="http://hl7.org/fhir">
  <id value="cfsb1639015880655"/>
  <text>
    <status value="generated"/><div xmlns="http://www.w3.org/1999/xhtml"><p><b>Generated Narrative</b></p><div style="display: inline-block; background-color: #d9e0e7; padding: 6px; margin: 4px; border: 1px solid #8da1b4; border-radius: 5px; line-height: 60%"><p style="margin-bottom: 0px">Resource "cfsb1639015880655" </p></div><p><b>identifier</b>: id: ORG-100013412 (OFFICIAL)</p><p><b>active</b>: true</p><p><b>type</b>: Medicines Regulatory Authority <span style="background: LightGoldenRodYellow; margin: 4px; border: 1px solid khaki"> (#/#220000000033)</span></p><p><b>name</b>: European Medicines Agency</p><p><b>address</b>: Domenico Scarlattilaan 6 1083 HS Amsterdam The Netherlands(WORK)</p></div>
  </text>
  <identifier>
    <use value="official"/>
    <system value="https://spor.ema.europa.eu/omswi/#/"/>
    <value value="ORG-100013412"/>
  </identifier>
  <active value="true"/>
  <type>
    <coding>
      <system value="https://spor.ema.europa.eu/rmswi/"/>
      <code value="/#220000000033"/>
    </coding>
    <text value="Medicines Regulatory Authority"/>
  </type>
  <name value="European Medicines Agency"/>
  <address>
    <use value="work"/>
    <type value="physical"/>
    <text value="Domenico Scarlattilaan 6 1083 HS Amsterdam The Netherlands"/>
    <line value="Carretera De Martorell 41 61, Poligono Industrial Nord-Est"/>
    <city value="Amsterdam"/>
    <postalCode value="1083 HS"/>
    <country value="nl"/>
  </address>
</Organization>