<?xml version="1.0" encoding="UTF-8"?>

<Organization xmlns="http://hl7.org/fhir">
  <id value="cfsb1639753766266"/>
  <text>
    <status value="generated"/><div xmlns="http://www.w3.org/1999/xhtml"><p><b>Generated Narrative</b></p><div style="display: inline-block; background-color: #d9e0e7; padding: 6px; margin: 4px; border: 1px solid #8da1b4; border-radius: 5px; line-height: 60%"><p style="margin-bottom: 0px">Resource "cfsb1639753766266" </p></div><p><b>identifier</b>: id: ORG-100000380 (OFFICIAL)</p><p><b>active</b>: true</p><p><b>type</b>: Manufacturer <span style="background: LightGoldenRodYellow; margin: 4px; border: 1px solid khaki"> (#220000000033)</span></p><p><b>name</b>: Zambon S.p.A.</p><p><b>address</b>: Via della Chimica, 9 36100 Vicenza – Italy(WORK)</p></div>
  </text>
  <identifier>
    <use value="official"/>
    <system value="https://spor.ema.europa.eu/omswi/"/>
    <value value="ORG-100000380"/>
  </identifier>
  <active value="true"/>
  <type>
    <coding>
      <system value="https://spor.ema.europa.eu/rmswi/"/>
      <code value="220000000033"/>
      <display value="Manufacturer"/>
    </coding>
    <text value="Manufacturer"/>
  </type>
  <name value="Zambon S.p.A."/>
  <address>
    <use value="work"/>
    <type value="physical"/>
    <text value="Via della Chimica, 9 36100 Vicenza – Italy"/>
    <line value="Via della Chimica, 9 36100"/>
    <city value="Vicenza"/>
    <country value="it"/>
  </address>
</Organization>