{
  "resourceType": "Organization",
  "id": "cfsb2176224411725",
  "text": {
    "status": "generated",
    "div": "<div xmlns=\"http://www.w3.org/1999/xhtml\"><p><b>Generated Narrative</b></p><div style=\"display: inline-block; background-color: #d9e0e7; padding: 6px; margin: 4px; border: 1px solid #8da1b4; border-radius: 5px; line-height: 60%\"><p style=\"margin-bottom: 0px\">Resource \"cfsb2176224411725\" </p></div><p><b>identifier</b>: id: ORG-100001175 (OFFICIAL)</p><p><b>active</b>: true</p><p><b>type</b>: Manufacturer API <span style=\"background: LightGoldenRodYellow; margin: 4px; border: 1px solid khaki\"> (#/#220000000033)</span></p><p><b>name</b>: Sanofi-Aventis Deutschland GmbH</p><p><b>address</b>: Brueningstrasse 50, Industriepark Höchst, 65926 Frankfurt am Main, GERMANY(WORK)</p></div>"
  },
  "identifier": [
    {
      "use": "official",
      "system": "https://spor.ema.europa.eu/omswi/#/",
      "value": "ORG-100001175"
    }
  ],
  "active": true,
  "type": [
    {
      "coding": [
        {
          "system": "https://spor.ema.europa.eu/rmswi/",
          "code": "/#220000000033"
        }
      ],
      "text": "Manufacturer API"
    }
  ],
  "name": "Sanofi-Aventis Deutschland GmbH",
  "address": [
    {
      "use": "work",
      "type": "physical",
      "text": "Brueningstrasse 50, Industriepark Höchst, 65926 Frankfurt am Main, GERMANY",
      "line": [
        "Brueningstrasse 50, Industriepark Höchst"
      ],
      "city": "Frankfurt am Main",
      "postalCode": "65926",
      "country": "de"
    }
  ]
}