<?xml version="1.0" encoding="UTF-8"?>

<Organization xmlns="http://hl7.org/fhir">
  <id value="cfsb1639015344307"/>
  <text>
    <status value="generated"/><div xmlns="http://www.w3.org/1999/xhtml"><p><b>Generated Narrative</b></p><div style="display: inline-block; background-color: #d9e0e7; padding: 6px; margin: 4px; border: 1px solid #8da1b4; border-radius: 5px; line-height: 60%"><p style="margin-bottom: 0px">Resource "cfsb1639015344307" </p></div><p><b>identifier</b>: id: ORG-100011518 (OFFICIAL)</p><p><b>active</b>: true</p><p><b>type</b>: Manufacturer <span style="background: LightGoldenRodYellow; margin: 4px; border: 1px solid khaki"> (#/#220000000033)</span></p><p><b>name</b>: Carretera De Martorell 41 61 Poligono Industrial Nord-Est Sant Andreu De La Barca Barcelona 08740 Spain</p><p><b>address</b>: Carretera De Martorell 41 61, Poligono Industrial Nord-Est(WORK)</p></div>
  </text>
  <identifier>
    <use value="official"/>
    <system value="https://spor.ema.europa.eu/omswi/#/"/>
    <value value="ORG-100011518"/>
  </identifier>
  <active value="true"/>
  <type>
    <coding>
      <system value="https://spor.ema.europa.eu/rmswi/"/>
      <code value="/#220000000033"/>
    </coding>
    <text value="Manufacturer"/>
  </type>
  <name value="Carretera De Martorell 41 61 Poligono Industrial Nord-Est Sant Andreu De La Barca Barcelona 08740 Spain"/>
  <address>
    <use value="work"/>
    <type value="physical"/>
    <text value="Carretera De Martorell 41 61, Poligono Industrial Nord-Est"/>
    <line value="Carretera De Martorell 41 61, Poligono Industrial Nord-Est"/>
    <city value="Sant Andreu De La Barca"/>
    <country value="es"/>
  </address>
</Organization>