{
  "resourceType": "PackagedProductDefinition",
  "id": "cfsb1639231308548",
  "text": {
    "status": "generated",
    "div": "<div xmlns=\"http://www.w3.org/1999/xhtml\"><p><b>Generated Narrative</b></p><div style=\"display: inline-block; background-color: #d9e0e7; padding: 6px; margin: 4px; border: 1px solid #8da1b4; border-radius: 5px; line-height: 60%\"><p style=\"margin-bottom: 0px\">Resource \"cfsb1639231308548\" </p></div><p><b>identifier</b>: id: EU/1/17/1201/014 (OFFICIAL)</p><p><b>name</b>: 42 gastro-resistant tablets in PVC/PVDC-aluminium blister packs</p><p><b>type</b>: Chemical Medicinal Product <span style=\"background: LightGoldenRodYellow; margin: 4px; border: 1px solid khaki\"> (#/#100000155527)</span></p><p><b>status</b>: Active <span style=\"background: LightGoldenRodYellow; margin: 4px; border: 1px solid khaki\"> (<a href=\"http://build.fhir.org/codesystem-publication-status.html\">PublicationStatus</a>#active)</span></p><p><b>statusDate</b>: 2015-02-07T13:28:17Z</p><p><b>containedItemQuantity</b>: 210 tablets</p><p><b>description</b>: gastro-resistant tablets in PVC/PVDC-aluminium blister packs</p><p><b>copackagedIndicator</b>: false</p><p><b>manufacturer</b>: <a href=\"Organization-cfsb1639015344307.html\">Organization/cfsb1639015344307</a> \"Carretera De Martorell 41 61 Poligono Industrial Nord-Est Sant Andreu De La Barca Barcelona 08740 Spain\"</p><h3>Packages</h3><table class=\"grid\"><tr><td>-</td><td><b>Identifier</b></td><td><b>Type</b></td><td><b>Quantity</b></td><td><b>Material</b></td></tr><tr><td>*</td><td>id: EU/1/17/1201/014 (OFFICIAL)</td><td>Blister <span style=\"background: LightGoldenRodYellow; margin: 4px; border: 1px solid khaki\"> (#/#100000073496)</span></td><td>1</td><td>Non-plasticised PolyVinyl Chloride / Unplasticised PolyVinyl Chloride <span style=\"background: LightGoldenRodYellow; margin: 4px; border: 1px solid khaki\"> (#/#200000003224)</span></td></tr></table></div>"
  },
  "identifier": [
    {
      "use": "official",
      "system": "https://spor.ema.europa.eu/pmswi/#/",
      "value": "EU/1/17/1201/014"
    }
  ],
  "name": "42 gastro-resistant tablets in PVC/PVDC-aluminium blister packs",
  "type": {
    "coding": [
      {
        "system": "https://spor.ema.europa.eu/rmswi/",
        "code": "/#100000155527"
      }
    ],
    "text": "Chemical Medicinal Product"
  },
  "status": {
    "coding": [
      {
        "system": "http://hl7.org/fhir/publication-status",
        "code": "active",
        "display": "Active"
      }
    ]
  },
  "statusDate": "2015-02-07T13:28:17Z",
  "containedItemQuantity": [
    {
      "value": 210,
      "unit": "tablets"
    }
  ],
  "description": "gastro-resistant tablets in PVC/PVDC-aluminium blister packs",
  "copackagedIndicator": false,
  "manufacturer": [
    {
      "reference": "Organization/cfsb1639015344307"
    }
  ],
  "package": {
    "identifier": [
      {
        "use": "official",
        "system": "https://spor.ema.europa.eu/rmswi/#/",
        "value": "EU/1/17/1201/014"
      }
    ],
    "type": {
      "coding": [
        {
          "system": "https://spor.ema.europa.eu/rmswi/",
          "code": "/#100000073496"
        }
      ],
      "text": "Blister"
    },
    "quantity": 1,
    "material": [
      {
        "coding": [
          {
            "system": "https://spor.ema.europa.eu/rmswi/",
            "code": "/#200000003224"
          }
        ],
        "text": "Non-plasticised PolyVinyl Chloride / Unplasticised PolyVinyl Chloride"
      }
    ]
  }
}