<?xml version="1.0" encoding="UTF-8"?>

<PackagedProductDefinition xmlns="http://hl7.org/fhir">
  <id value="66455bf7-c6c4-429c-a856-a9a4eeea3183"/>
  <text>
    <status value="generated"/><div xmlns="http://www.w3.org/1999/xhtml"><p><b>Generated Narrative</b></p><div style="display: inline-block; background-color: #d9e0e7; padding: 6px; margin: 4px; border: 1px solid #8da1b4; border-radius: 5px; line-height: 60%"><p style="margin-bottom: 0px">Resource "66455bf7-c6c4-429c-a856-a9a4eeea3183" </p></div><p><b>identifier</b>: id: PLGB 14895/0253 (OFFICIAL)</p><p><b>name</b>: Humalog 100 units/ml KwikPen solution for injection in a pre-filled pen</p><p><b>type</b>: Chemical Medininal Prodcut <span style="background: LightGoldenRodYellow; margin: 4px; border: 1px solid khaki"> (<a href="CodeSystem-CodeSystemUvEPIRrmswi.html">Referentials Management Services CodeSystem</a>#100000155527)</span></p><p><b>packageFor</b>: <a href="MedicinalProductDefinition-6200a0a8-2fc1-46d4-aa66-2a98ac0cabc2.html">MedicinalProductDefinition/6200a0a8-2fc1-46d4-aa66-2a98ac0cabc2</a></p><p><b>status</b>: Active <span style="background: LightGoldenRodYellow; margin: 4px; border: 1px solid khaki"> (<a href="http://build.fhir.org/codesystem-publication-status.html">PublicationStatus</a>#active)</span></p><p><b>statusDate</b>: 2015-02-07 01:28:17+0000</p><p><b>containedItemQuantity</b>: 3 ml</p><p><b>manufacturer</b>: </p><ul><li><a href="Organization-4915c27b-b51a-4071-a031-71c5c5e52036.html">Organization/4915c27b-b51a-4071-a031-71c5c5e52036</a> "Lilly S.A."</li><li><a href="Organization-3cfc2347-44ef-448d-8929-7e06687d9473.html">Organization/3cfc2347-44ef-448d-8929-7e06687d9473</a> "Eli Lilly and Company"</li></ul><h3>Packages</h3><table class="grid"><tr><td>-</td><td><b>Type</b></td><td><b>Quantity</b></td><td><b>Material</b></td></tr><tr><td>*</td><td>Pre-filled pen <span style="background: LightGoldenRodYellow; margin: 4px; border: 1px solid khaki"> (##100000073543)</span></td><td>5</td><td>Glass type 1 <span style="background: LightGoldenRodYellow; margin: 4px; border: 1px solid khaki"> (##200000003204)</span></td></tr></table></div>
  </text>
  <identifier>
    <use value="official"/>
    <system value="https://mhra.gov.uk/example/man"/>
    <value value="PLGB 14895/0253"/>
  </identifier>
  <name value="Humalog 100 units/ml KwikPen solution for injection in a pre-filled pen"/>
  <type>
    <coding>
      <system value="https://spor.ema.europa.eu/rmswi"/>
      <code value="100000155527"/>
    </coding>
    <text value="Chemical Medininal Prodcut"/>
  </type>
  <packageFor>
    <reference value="MedicinalProductDefinition/6200a0a8-2fc1-46d4-aa66-2a98ac0cabc2"/>
  </packageFor>
  <status>
    <coding>
      <system value="http://hl7.org/fhir/publication-status"/>
      <code value="active"/>
      <display value="Active"/>
    </coding>
  </status>
  <statusDate value="2015-02-07T13:28:17Z"/>
  <containedItemQuantity>
    <value value="3"/>
    <unit value="ml"/>
  </containedItemQuantity>
  <manufacturer>
    <reference value="Organization/4915c27b-b51a-4071-a031-71c5c5e52036"/>
  </manufacturer>
  <manufacturer>
    <reference value="Organization/3cfc2347-44ef-448d-8929-7e06687d9473"/>
  </manufacturer>
  <package>
    <type>
      <coding>
        <system value="https://spor.ema.europa.eu/rmswi/"/>
        <code value="#100000073543"/>
      </coding>
      <text value="Pre-filled pen"/>
    </type>
    <quantity value="5"/>
    <material>
      <coding>
        <system value="https://spor.ema.europa.eu/rmswi/"/>
        <code value="#200000003204"/>
      </coding>
      <text value="Glass type 1"/>
    </material>
  </package>
</PackagedProductDefinition>