<?xml version="1.0" encoding="UTF-8"?>

<PackagedProductDefinition xmlns="http://hl7.org/fhir">
  <id value="cfsb1639758328687"/>
  <text>
    <status value="generated"/><div xmlns="http://www.w3.org/1999/xhtml"><p><b>Generated Narrative: PackagedProductDefinition</b></p><div style="display: inline-block; background-color: #d9e0e7; padding: 6px; margin: 4px; border: 1px solid #8da1b4; border-radius: 5px; line-height: 60%"><p style="margin-bottom: 0px">Resource PackagedProductDefinition "cfsb1639758328687" </p></div><p><b>identifier</b>: id: PL 31654/0006-5 (OFFICIAL)</p><p><b>name</b>: 5 sachets of 8 g of granules (3 g fosfomycin).</p><p><b>type</b>: Chemical Medicinal Product <span style="background: LightGoldenRodYellow; margin: 4px; border: 1px solid khaki"> (<a href="CodeSystem-CodeSystemUvEPIRrmswi.html">Referentials Management Services CodeSystem</a>#100000155527)</span></p><p><b>packageFor</b>: <a href="MedicinalProductDefinition-cfsb1639760186202.html">MedicinalProductDefinition/cfsb1639760186202</a></p><p><b>status</b>: Active <span style="background: LightGoldenRodYellow; margin: 4px; border: 1px solid khaki"> (<a href="http://build.fhir.org/codesystem-publication-status.html">PublicationStatus</a>#active)</span></p><p><b>statusDate</b>: 2008-09-19</p><p><b>containedItemQuantity</b>: 5 Sachet<span style="background: LightGoldenRodYellow"> (Details: [not stated] code 200000002143 = '200000002143')</span></p><p><b>manufacturer</b>: <a href="Organization-cfsb1639753766266.html">Organization/cfsb1639753766266</a> "Zambon S.p.A."</p><blockquote><p><b>package</b></p><p><b>type</b>: Sachet <span style="background: LightGoldenRodYellow; margin: 4px; border: 1px solid khaki"> (#200000002143)</span></p><p><b>material</b>: Paper <span style="background: LightGoldenRodYellow; margin: 4px; border: 1px solid khaki"> (#200000003207)</span>, PolyEthylene <span style="background: LightGoldenRodYellow; margin: 4px; border: 1px solid khaki"> (#200000003214)</span>, Aluminium <span style="background: LightGoldenRodYellow; margin: 4px; border: 1px solid khaki"> (#200000003200)</span></p><p><b>manufacturer</b>: <a href="Organization-cfsb1639753766266.html">Organization/cfsb1639753766266</a> "Zambon S.p.A."</p><blockquote><p><b>containedItem</b></p></blockquote></blockquote></div>
  </text>
  <identifier>
    <use value="official"/>
    <system value="https://spor.ema.europa.eu/pmswi"/>
    <value value="PL 31654/0006-5"/>
  </identifier>
  <name value="5 sachets of 8 g of granules (3 g fosfomycin)."/>
  <type>
    <coding>
      <system value="https://spor.ema.europa.eu/rmswi"/>
      <code value="100000155527"/>
    </coding>
    <text value="Chemical Medicinal Product"/>
  </type>
  <packageFor>
    <reference value="MedicinalProductDefinition/cfsb1639760186202"/>
  </packageFor>
  <status>
    <coding>
      <system value="http://hl7.org/fhir/publication-status"/>
      <code value="active"/>
      <display value="Active"/>
    </coding>
  </status>
  <statusDate value="2008-09-19"/>
  <containedItemQuantity>
    <value value="5"/>
    <unit value="Sachet"/>
    <code value="200000002143"/>
  </containedItemQuantity>
  <manufacturer>
    <reference value="Organization/cfsb1639753766266"/>
  </manufacturer>
  <package>
    <type>
      <coding>
        <system value="https://spor.ema.europa.eu/rmswi/"/>
        <code value="200000002143"/>
      </coding>
      <text value="Sachet"/>
    </type>
    <material>
      <coding>
        <system value="https://spor.ema.europa.eu/rmswi/"/>
        <code value="200000003207"/>
      </coding>
      <text value="Paper"/>
    </material>
    <material>
      <coding>
        <system value="https://spor.ema.europa.eu/rmswi/"/>
        <code value="200000003214"/>
      </coding>
      <text value="PolyEthylene"/>
    </material>
    <material>
      <coding>
        <system value="https://spor.ema.europa.eu/rmswi/"/>
        <code value="200000003200"/>
      </coding>
      <text value="Aluminium"/>
    </material>
    <manufacturer>
      <reference value="Organization/cfsb1639753766266"/>
    </manufacturer>
    <containedItem>
      <item>
        <reference>
          <reference value="ManufacturedItemDefinition/cfsb1639756818482"/>
        </reference>
      </item>
    </containedItem>
  </package>
</PackagedProductDefinition>