{
  "resourceType": "RegulatedAuthorization",
  "id": "15c6f86f-8665-4bd6-86da-a3a61fe16084",
  "meta": {
    "profile": [
      "http://hl7.eu/fhir/ig/gravitate-health/StructureDefinition/RegulatedAuthorization-uv-epi"
    ]
  },
  "text": {
    "status": "generated",
    "div": "<div xmlns=\"http://www.w3.org/1999/xhtml\"><p><b>Generated Narrative</b></p><div style=\"display: inline-block; background-color: #d9e0e7; padding: 6px; margin: 4px; border: 1px solid #8da1b4; border-radius: 5px; line-height: 60%\"><p style=\"margin-bottom: 0px\">Resource \"15c6f86f-8665-4bd6-86da-a3a61fe16084\" </p><p style=\"margin-bottom: 0px\">Profile: <a href=\"StructureDefinition-RegulatedAuthorization-uv-epi.html\">RegulatedAuthorization (ePI)</a></p></div><p><b>identifier</b>: id: 21400AMY00186 (OFFICIAL)</p><p><b>subject</b>: <a href=\"MedicinalProductDefinition-117616c7-3bcc-4665-8e12-0e93447e679e.html\">MedicinalProductDefinition/117616c7-3bcc-4665-8e12-0e93447e679e</a></p><p><b>type</b>: Marketing Authorisation <span style=\"background: LightGoldenRodYellow; margin: 4px; border: 1px solid khaki\"> (#/#100000072062)</span></p><p><b>region</b>: Japan <span style=\"background: LightGoldenRodYellow; margin: 4px; border: 1px solid khaki\"> (unknown#jp)</span></p><p><b>status</b>: Active <span style=\"background: LightGoldenRodYellow; margin: 4px; border: 1px solid khaki\"> (<a href=\"http://build.fhir.org/codesystem-publication-status.html\">PublicationStatus</a>#active)</span></p><p><b>statusDate</b>: 2002-08-01 01:28:17+0000</p><p><b>holder</b>: <a href=\"Organization-7f257409-3b65-401d-a246-7ae51e298fbb.html\">Organization/7f257409-3b65-401d-a246-7ae51e298fbb</a> \"Pfizer, Inc.\"</p></div>"
  },
  "identifier": [
    {
      "use": "official",
      "system": "https://pmda-approvalandlicenseno/",
      "value": "21400AMY00186"
    }
  ],
  "subject": [
    {
      "reference": "MedicinalProductDefinition/117616c7-3bcc-4665-8e12-0e93447e679e"
    }
  ],
  "type": {
    "coding": [
      {
        "system": "https://spor.ema.europa.eu/rmswi/",
        "code": "/#100000072062"
      }
    ],
    "text": "Marketing Authorisation"
  },
  "region": [
    {
      "coding": [
        {
          "system": "urn:iso:std:iso:3166",
          "code": "jp"
        }
      ],
      "text": "Japan"
    }
  ],
  "status": {
    "coding": [
      {
        "system": "http://hl7.org/fhir/publication-status",
        "code": "active"
      }
    ],
    "text": "Active"
  },
  "statusDate": "2002-08-01T13:28:17Z",
  "holder": {
    "reference": "Organization/7f257409-3b65-401d-a246-7ae51e298fbb"
  }
}