"Id","Path","Slice Name","Alias(s)","Label","Min","Max","Must Support?","Is Modifier?","Is Summary?","Type(s)","Short","Definition","Comments","Requirements","Default Value","Meaning When Missing","Fixed Value","Pattern","Example","Minimum Value","Maximum Value","Maximum Length","Binding Strength","Binding Description","Binding Value Set","Code","Slicing Discriminator","Slicing Description","Slicing Ordered","Slicing Rules","Base Path","Base Min","Base Max","Condition(s)","Constraint(s)","Mapping: IDMP Mapping","Mapping: FiveWs Pattern Mapping","Mapping: RIM Mapping"
"MedicinalProductDefinition","MedicinalProductDefinition","","","",0,*,"","","","","Detailed definition of a medicinal product, typically for uses other than direct patient care (e.g. regulatory use, drug catalogs)","Detailed definition of a medicinal product, typically for uses other than direct patient care (e.g. regulatory use, drug catalogs).","","","","","","","","","",,,,,"",,,,"MedicinalProductDefinition",0,*,"","dom-2:If the resource is contained in another resource, it SHALL NOT contain nested Resources {contained.contained.empty()}
dom-3:If the resource is contained in another resource, it SHALL be referred to from elsewhere in the resource or SHALL refer to the containing resource {contained.where((('#'+id in (%resource.descendants().reference | %resource.descendants().as(canonical) | %resource.descendants().as(uri) | %resource.descendants().as(url))) or descendants().where(reference = '#').exists() or descendants().where(as(canonical) = '#').exists() or descendants().where(as(canonical) = '#').exists()).not()).trace('unmatched', id).empty()}dom-4:If a resource is contained in another resource, it SHALL NOT have a meta.versionId or a meta.lastUpdated {contained.meta.versionId.empty() and contained.meta.lastUpdated.empty()}dom-5:If a resource is contained in another resource, it SHALL NOT have a security label {contained.meta.security.empty()}dom-6:A resource should have narrative for robust management {text.`div`.exists()}","Medicinal Product and Investigational Medicinal Product","administrative.medication","Entity. Role, or Act"
"MedicinalProductDefinition.id","MedicinalProductDefinition.id","","","",0,1,"","","Y","id {[]} {[]}
","Logical id of this artifact","The logical id of the resource, as used in the URL for the resource. Once assigned, this value never changes.","Typically, the resource has an id except for cases like the create operation, conditional updates.","","","","","","","","",,,,,"",,,,"Resource.id",0,1,"",""
"MedicinalProductDefinition.meta","MedicinalProductDefinition.meta","","","",0,1,"","","Y","Meta {[]} {[]}
","Metadata about the resource","The metadata about the resource. This is content that is maintained by the infrastructure. Changes to the content might not always be associated with version changes to the resource.","","","","","","","","","",,,,,"",,,,"Resource.meta",0,1,"","ele-1:All FHIR elements must have a @value or children {hasValue() or (children().count() > id.count())}
"
"MedicinalProductDefinition.implicitRules","MedicinalProductDefinition.implicitRules","","","",0,1,"","Y","Y","uri {[]} {[]}
","A set of rules under which this content was created","A reference to a set of rules that were followed when the resource was constructed, and which must be understood when processing the content. Often, this is a reference to an implementation guide that defines the special rules along with other profiles etc.","Asserting this rule set restricts the content to be only understood by a limited set of trading partners. This inherently limits the usefulness of the data in the long term. However, the existing health eco-system is highly fractured, and not yet ready to define, collect, and exchange data in a generally computable sense. Wherever possible, implementers and/or specification writers should avoid using this element. Often, when used, the URL is a reference to an implementation guide that defines these special rules as part of it's narrative along with other profiles, value sets, etc.","","","","","","","","",,,,,"",,,,"Resource.implicitRules",0,1,"","ele-1:All FHIR elements must have a @value or children {hasValue() or (children().count() > id.count())}
"
"MedicinalProductDefinition.language","MedicinalProductDefinition.language","","","",0,1,"","","","code {[]} {[]}
","Language of the resource content","The base language in which the resource is written.","Language is provided to support indexing and accessibility (typically, services such as text to speech use the language tag). The html language tag in the narrative applies  to the narrative. The language tag on the resource may be used to specify the language of other presentations generated from the data in the resource. Not all the content has to be in the base language. The Resource.language should not be assumed to apply to the narrative automatically. If a language is specified, it should it also be specified on the div element in the html (see rules in HTML5 for information about the relationship between xml:lang and the html lang attribute).","","","","","","","","",,"preferred","IETF language tag","http://hl7.org/fhir/ValueSet/languages","",,,,"Resource.language",0,1,"","ele-1:All FHIR elements must have a @value or children {hasValue() or (children().count() > id.count())}
"
"MedicinalProductDefinition.text","MedicinalProductDefinition.text","","narrative
htmlxhtmldisplay","",0,1,"","","","Narrative {[]} {[]}
","Text summary of the resource, for human interpretation","A human-readable narrative that contains a summary of the resource and can be used to represent the content of the resource to a human. The narrative need not encode all the structured data, but is required to contain sufficient detail to make it ""clinically safe"" for a human to just read the narrative. Resource definitions may define what content should be represented in the narrative to ensure clinical safety.","Contained resources do not have a narrative. Resources that are not contained SHOULD have a narrative. In some cases, a resource may only have text with little or no additional discrete data (as long as all minOccurs=1 elements are satisfied).  This may be necessary for data from legacy systems where information is captured as a ""text blob"" or where text is additionally entered raw or narrated and encoded information is added later.","","","","","","","","",,,,,"",,,,"DomainResource.text",0,1,"","ele-1:All FHIR elements must have a @value or children {hasValue() or (children().count() > id.count())}
","Act.text?"
"MedicinalProductDefinition.contained","MedicinalProductDefinition.contained","","inline resources
anonymous resourcescontained resources","",0,*,"","","","Resource {[]} {[]}
","Contained, inline Resources","These resources do not have an independent existence apart from the resource that contains them - they cannot be identified independently, nor can they have their own independent transaction scope.","This should never be done when the content can be identified properly, as once identification is lost, it is extremely difficult (and context dependent) to restore it again. Contained resources may have profiles and tags In their meta elements, but SHALL NOT have security labels.","","","","","","","","",,,,,"",,,,"DomainResource.contained",0,*,"","","N/A"
"MedicinalProductDefinition.extension","MedicinalProductDefinition.extension","","extensions
user content","",0,*,"","","","Extension {[]} {[]}
","Additional content defined by implementations","May be used to represent additional information that is not part of the basic definition of the resource. To make the use of extensions safe and manageable, there is a strict set of governance  applied to the definition and use of extensions. Though any implementer can define an extension, there is a set of requirements that SHALL be met as part of the definition of the extension.","There can be no stigma associated with the use of extensions by any application, project, or standard - regardless of the institution or jurisdiction that uses or defines the extensions.  The use of extensions is what allows the FHIR specification to retain a core level of simplicity for everyone.","","","","","","","","",,,,,"",,,,"DomainResource.extension",0,*,"","ele-1:All FHIR elements must have a @value or children {hasValue() or (children().count() > id.count())}
ext-1:Must have either extensions or value[x], not both {extension.exists() != value.exists()}","N/A"
"MedicinalProductDefinition.modifierExtension","MedicinalProductDefinition.modifierExtension","","extensions
user content","",0,*,"","Y","","Extension {[]} {[]}
","Extensions that cannot be ignored","May be used to represent additional information that is not part of the basic definition of the resource and that modifies the understanding of the element that contains it and/or the understanding of the containing element's descendants. Usually modifier elements provide negation or qualification. To make the use of extensions safe and manageable, there is a strict set of governance applied to the definition and use of extensions. Though any implementer is allowed to define an extension, there is a set of requirements that SHALL be met as part of the definition of the extension. Applications processing a resource are required to check for modifier extensions.

Modifier extensions SHALL NOT change the meaning of any elements on Resource or DomainResource (including cannot change the meaning of modifierExtension itself).","There can be no stigma associated with the use of extensions by any application, project, or standard - regardless of the institution or jurisdiction that uses or defines the extensions.  The use of extensions is what allows the FHIR specification to retain a core level of simplicity for everyone.","Modifier extensions allow for extensions that *cannot* be safely ignored to be clearly distinguished from the vast majority of extensions which can be safely ignored.  This promotes interoperability by eliminating the need for implementers to prohibit the presence of extensions. For further information, see the [definition of modifier extensions](http://build.fhir.org/extensibility.html#modifierExtension).","","","","","","","",,,,,"",,,,"DomainResource.modifierExtension",0,*,"","ele-1:All FHIR elements must have a @value or children {hasValue() or (children().count() > id.count())}
ext-1:Must have either extensions or value[x], not both {extension.exists() != value.exists()}","N/A"
"MedicinalProductDefinition.identifier","MedicinalProductDefinition.identifier","","MPID
","",1,*,"","","Y","Identifier {[]} {[]}
","Business identifier for this product. Could be an MPID","Business identifier for this product. Could be an MPID.","","","","","","","","","",,,,,"",,,,"MedicinalProductDefinition.identifier",0,*,"","ele-1:All FHIR elements must have a @value or children {hasValue() or (children().count() > id.count())}
","Medicinal Product.MPID, Investigational Medicinal Product.IMPID"
"MedicinalProductDefinition.identifier.id","MedicinalProductDefinition.identifier.id","","","",0,1,"","","","string {[]} {[]}
","Unique id for inter-element referencing","Unique id for the element within a resource (for internal references). This may be any string value that does not contain spaces.","","","","","","","","","",,,,,"",,,,"Element.id",0,1,"","","n/a"
"MedicinalProductDefinition.identifier.extension","MedicinalProductDefinition.identifier.extension","","extensions
user content","",0,*,"","","","Extension {[]} {[]}
","Additional content defined by implementations","May be used to represent additional information that is not part of the basic definition of the element. To make the use of extensions safe and manageable, there is a strict set of governance  applied to the definition and use of extensions. Though any implementer can define an extension, there is a set of requirements that SHALL be met as part of the definition of the extension.","There can be no stigma associated with the use of extensions by any application, project, or standard - regardless of the institution or jurisdiction that uses or defines the extensions.  The use of extensions is what allows the FHIR specification to retain a core level of simplicity for everyone.","","","","","","","","",,,,,"","value:url}
","Extensions are always sliced by (at least) url",,"open","Element.extension",0,*,"","ele-1:All FHIR elements must have a @value or children {hasValue() or (children().count() > id.count())}
ext-1:Must have either extensions or value[x], not both {extension.exists() != value.exists()}","n/a"
"MedicinalProductDefinition.identifier.use","MedicinalProductDefinition.identifier.use","","","",0,1,"","Y","Y","code {[]} {[]}
","usual | official | temp | secondary | old (If known)","The purpose of this identifier.","Applications can assume that an identifier is permanent unless it explicitly says that it is temporary.","Allows the appropriate identifier for a particular context of use to be selected from among a set of identifiers.","","","","","","","",,"required","","http://hl7.org/fhir/ValueSet/identifier-use|5.0.0-snapshot1","",,,,"Identifier.use",0,1,"","ele-1:All FHIR elements must have a @value or children {hasValue() or (children().count() > id.count())}
","Role.code or implied by context"
"MedicinalProductDefinition.identifier.type","MedicinalProductDefinition.identifier.type","","","",0,1,"","","Y","CodeableConcept {[]} {[]}
","Description of identifier","A coded type for the identifier that can be used to determine which identifier to use for a specific purpose.","This element deals only with general categories of identifiers.  It SHOULD not be used for codes that correspond 1..1 with the Identifier.system. Some identifiers may fall into multiple categories due to common usage.   Where the system is known, a type is unnecessary because the type is always part of the system definition. However systems often need to handle identifiers where the system is not known. There is not a 1:1 relationship between type and system, since many different systems have the same type.","Allows users to make use of identifiers when the identifier system is not known.","","","","","","","",,"extensible","","http://hl7.org/fhir/ValueSet/identifier-type","",,,,"Identifier.type",0,1,"","ele-1:All FHIR elements must have a @value or children {hasValue() or (children().count() > id.count())}
","Role.code or implied by context"
"MedicinalProductDefinition.identifier.system","MedicinalProductDefinition.identifier.system","","","",1,1,"","","Y","uri {[]} {[]}
","The namespace for the identifier value","Establishes the namespace for the value - that is, a URL that describes a set values that are unique.","Identifier.system is always case sensitive.","There are many sets  of identifiers.  To perform matching of two identifiers, we need to know what set we're dealing with. The system identifies a particular set of unique identifiers.","","","","","<valueUri xmlns=""http://hl7.org/fhir"" value=""http://www.acme.com/identifiers/patient""/>","","",,"extensible","","http://hl7.eu/fhir/ig/gravitate-health/ValueSet/medProductIdSystems","",,,,"Identifier.system",0,1,"","ele-1:All FHIR elements must have a @value or children {hasValue() or (children().count() > id.count())}
","II.root or Role.id.root"
"MedicinalProductDefinition.identifier.value","MedicinalProductDefinition.identifier.value","","","",1,1,"","","Y","string {[]} {[]}
","The value that is unique","The portion of the identifier typically relevant to the user and which is unique within the context of the system.","If the value is a full URI, then the system SHALL be urn:ietf:rfc:3986.  The value's primary purpose is computational mapping.  As a result, it may be normalized for comparison purposes (e.g. removing non-significant whitespace, dashes, etc.)  A value formatted for human display can be conveyed using the [Rendered Value extension](http://build.fhir.org/extension-rendered-value.html). Identifier.value is to be treated as case sensitive unless knowledge of the Identifier.system allows the processer to be confident that non-case-sensitive processing is safe.","","","","","","<valueString xmlns=""http://hl7.org/fhir"" value=""123456""/>","","",,,,,"",,,,"Identifier.value",0,1,"","ele-1:All FHIR elements must have a @value or children {hasValue() or (children().count() > id.count())}
","II.extension or II.root if system indicates OID or GUID (Or Role.id.extension or root)"
"MedicinalProductDefinition.identifier.period","MedicinalProductDefinition.identifier.period","","","",0,1,"","","Y","Period {[]} {[]}
","Time period when id is/was valid for use","Time period during which identifier is/was valid for use.","","","","","","","","","",,,,,"",,,,"Identifier.period",0,1,"","ele-1:All FHIR elements must have a @value or children {hasValue() or (children().count() > id.count())}
","Role.effectiveTime or implied by context"
"MedicinalProductDefinition.identifier.assigner","MedicinalProductDefinition.identifier.assigner","","","",0,1,"","","Y","Reference {[]} {[CanonicalType[http://hl7.org/fhir/StructureDefinition/Organization]]}
","Organization that issued id (may be just text)","Organization that issued/manages the identifier.","The Identifier.assigner may omit the .reference element and only contain a .display element reflecting the name or other textual information about the assigning organization.","","","","","","","","",,,,,"",,,,"Identifier.assigner",0,1,"","ele-1:All FHIR elements must have a @value or children {hasValue() or (children().count() > id.count())}
","II.assigningAuthorityName but note that this is an improper use by the definition of the field.  Also Role.scoper"
"MedicinalProductDefinition.type","MedicinalProductDefinition.type","","","",0,1,"","","Y","CodeableConcept {[]} {[]}
","Regulatory type, e.g. Investigational or Authorized","Regulatory type, e.g. Investigational or Authorized.","","","","","","","","","",,"extensible","","http://hl7.org/fhir/ValueSet/medicinal-product-type","",,,,"MedicinalProductDefinition.type",0,1,"","ele-1:All FHIR elements must have a @value or children {hasValue() or (children().count() > id.count())}
","(indicates if this is Medicinal Product or an Investigational Medicinal Product)"
"MedicinalProductDefinition.domain","MedicinalProductDefinition.domain","","","",0,1,"","","Y","CodeableConcept {[]} {[]}
","If this medicine applies to human or veterinary uses","If this medicine applies to human or veterinary uses.","","","","","","","","","",,"extensible","","http://hl7.org/fhir/ValueSet/medicinal-product-domain","",,,,"MedicinalProductDefinition.domain",0,1,"","ele-1:All FHIR elements must have a @value or children {hasValue() or (children().count() > id.count())}
","n/a"
"MedicinalProductDefinition.domain.id","MedicinalProductDefinition.domain.id","","","",0,1,"","","","string {[]} {[]}
","Unique id for inter-element referencing","Unique id for the element within a resource (for internal references). This may be any string value that does not contain spaces.","","","","","","","","","",,,,,"",,,,"Element.id",0,1,"","","n/a"
"MedicinalProductDefinition.domain.extension","MedicinalProductDefinition.domain.extension","","extensions
user content","",0,*,"","","","Extension {[]} {[]}
","Additional content defined by implementations","May be used to represent additional information that is not part of the basic definition of the element. To make the use of extensions safe and manageable, there is a strict set of governance  applied to the definition and use of extensions. Though any implementer can define an extension, there is a set of requirements that SHALL be met as part of the definition of the extension.","There can be no stigma associated with the use of extensions by any application, project, or standard - regardless of the institution or jurisdiction that uses or defines the extensions.  The use of extensions is what allows the FHIR specification to retain a core level of simplicity for everyone.","","","","","","","","",,,,,"","value:url}
","Extensions are always sliced by (at least) url",,"open","Element.extension",0,*,"","ele-1:All FHIR elements must have a @value or children {hasValue() or (children().count() > id.count())}
ext-1:Must have either extensions or value[x], not both {extension.exists() != value.exists()}","n/a"
"MedicinalProductDefinition.domain.coding","MedicinalProductDefinition.domain.coding","","","",1,*,"","","Y","Coding {[]} {[]}
","Code defined by a terminology system","A reference to a code defined by a terminology system.","Codes may be defined very casually in enumerations, or code lists, up to very formal definitions such as SNOMED CT - see the HL7 v3 Core Principles for more information.  Ordering of codings is undefined and SHALL NOT be used to infer meaning. Generally, at most only one of the coding values will be labeled as UserSelected = true.","Allows for alternative encodings within a code system, and translations to other code systems.","","","","","","","",,,,,"",,,,"CodeableConcept.coding",0,*,"","ele-1:All FHIR elements must have a @value or children {hasValue() or (children().count() > id.count())}
","union(., ./translation)"
"MedicinalProductDefinition.domain.text","MedicinalProductDefinition.domain.text","","","",0,1,"","","Y","string {[]} {[]}
","Plain text representation of the concept","A human language representation of the concept as seen/selected/uttered by the user who entered the data and/or which represents the intended meaning of the user.","Very often the text is the same as a displayName of one of the codings.","The codes from the terminologies do not always capture the correct meaning with all the nuances of the human using them, or sometimes there is no appropriate code at all. In these cases, the text is used to capture the full meaning of the source.","","","","","","","",,,,,"",,,,"CodeableConcept.text",0,1,"","ele-1:All FHIR elements must have a @value or children {hasValue() or (children().count() > id.count())}
","./originalText[mediaType/code=""text/plain""]/data"
"MedicinalProductDefinition.version","MedicinalProductDefinition.version","","","",0,1,"","","Y","string {[]} {[]}
","Business version of this product","A business identifier relating to a specific version of the product, this is commonly used to support revisions to an existing product.","","","","","","","","","",,,,,"",,,,"MedicinalProductDefinition.version",0,1,"","ele-1:All FHIR elements must have a @value or children {hasValue() or (children().count() > id.count())}
","Medicinal Product.Header.Version Number"
"MedicinalProductDefinition.status","MedicinalProductDefinition.status","","","",0,1,"","Y","Y","CodeableConcept {[]} {[]}
","The status within the lifecycle of this product record. A high-level status, this is not intended to duplicate details carried elsewhere such as legal status, or authorization status","The status within the lifecycle of this product record. A high-level status, this is not intended to duplicate details carried elsewhere such as legal status, or authorization status.","","","","","","","","","",,"extensible","","http://hl7.org/fhir/ValueSet/publication-status","",,,,"MedicinalProductDefinition.status",0,1,"","ele-1:All FHIR elements must have a @value or children {hasValue() or (children().count() > id.count())}
","n/a"
"MedicinalProductDefinition.statusDate","MedicinalProductDefinition.statusDate","","","",0,1,"","","Y","dateTime {[]} {[]}
","The date at which this status became applicable.","The date at which the given status became applicable.","","","","","","","","","",,,,,"",,,,"MedicinalProductDefinition.statusDate",0,1,"","ele-1:All FHIR elements must have a @value or children {hasValue() or (children().count() > id.count())}
","n/a"
"MedicinalProductDefinition.description","MedicinalProductDefinition.description","","","",0,1,"","","Y","markdown {[]} {[]}
","General description of the product referred by the ePI","General description of this product.","","","","","","","","","",,,,,"",,,,"MedicinalProductDefinition.description",0,1,"","ele-1:All FHIR elements must have a @value or children {hasValue() or (children().count() > id.count())}
","n/a"
"MedicinalProductDefinition.combinedPharmaceuticalDoseForm","MedicinalProductDefinition.combinedPharmaceuticalDoseForm","","","",0,1,"","","Y","CodeableConcept {[]} {[]}
","The dose form for a single part product or combined form of a multiple part product","The dose form for a single part product, or combined form of a multiple part product.","","","","","","","","","",,"example","Dose forms for a product as a whole, considering all individual parts, but before any mixing","http://hl7.org/fhir/ValueSet/combined-dose-form","",,,,"MedicinalProductDefinition.combinedPharmaceuticalDoseForm",0,1,"","ele-1:All FHIR elements must have a @value or children {hasValue() or (children().count() > id.count())}
","Medicinal Product.Combined Pharmaceutical Dose Form"
"MedicinalProductDefinition.route","MedicinalProductDefinition.route","","","",0,*,"","","Y","CodeableConcept {[]} {[]}
","Route of administration","The path by which the product is taken into or makes contact with the body. In some regions this is referred to as the licenced or approved route. See also AdministrableProductDefinition resource.","","","","","","","","","",,"example","A code specifying the route or physiological path of administration of a therapeutic agent into or onto a patient's body.","http://hl7.org/fhir/ValueSet/route-codes","",,,,"MedicinalProductDefinition.route",0,*,"","ele-1:All FHIR elements must have a @value or children {hasValue() or (children().count() > id.count())}
","Pharmaceutical Product.Route of Administration"
"MedicinalProductDefinition.indication","MedicinalProductDefinition.indication","","","",0,1,"","","Y","markdown {[]} {[]}
","Description of indication(s) for this product, used when structured indications are not required.","Description of indication(s) for this product, used when structured indications are not required. In cases where structured indications are required, they are captured using the ClinicalUseDefinition resource. An indication is a medical situation for which using the product is appropriate.","","","","","","","","","",,,,,"",,,,"MedicinalProductDefinition.indication",0,1,"","ele-1:All FHIR elements must have a @value or children {hasValue() or (children().count() > id.count())}
","(roll up of all text in Therapeutic Indication.Indication Text, for common case where information is not granular)"
"MedicinalProductDefinition.legalStatusOfSupply","MedicinalProductDefinition.legalStatusOfSupply","","","",0,1,"","","Y","CodeableConcept {[]} {[]}
","The legal status of supply of the medicinal product as classified by the regulator","The legal status of supply of the medicinal product as classified by the regulator.","","","","","","","<valueCodeableConcept xmlns=""http://hl7.org/fhir"">
  <coding>
    <system value=""https://spor.ema.europa.eu/rmswi""/>
    <code value=""100000072084""/>
    <display value=""Medicinal product subject to medical prescription""/>
  </coding>
</valueCodeableConcept>","","",,"example","The prescription supply types appropriate to a medicinal product","http://hl7.org/fhir/ValueSet/legal-status-of-supply","",,,,"MedicinalProductDefinition.legalStatusOfSupply",0,1,"","ele-1:All FHIR elements must have a @value or children {hasValue() or (children().count() > id.count())}
","Marketing Authorisation.Legal Status of Supply (moved here for practicality)"
"MedicinalProductDefinition.legalStatusOfSupply.id","MedicinalProductDefinition.legalStatusOfSupply.id","","","",0,1,"","","","string {[]} {[]}
","Unique id for inter-element referencing","Unique id for the element within a resource (for internal references). This may be any string value that does not contain spaces.","","","","","","","","","",,,,,"",,,,"Element.id",0,1,"","","n/a"
"MedicinalProductDefinition.legalStatusOfSupply.extension","MedicinalProductDefinition.legalStatusOfSupply.extension","","extensions
user content","",0,*,"","","","Extension {[]} {[]}
","Additional content defined by implementations","May be used to represent additional information that is not part of the basic definition of the element. To make the use of extensions safe and manageable, there is a strict set of governance  applied to the definition and use of extensions. Though any implementer can define an extension, there is a set of requirements that SHALL be met as part of the definition of the extension.","There can be no stigma associated with the use of extensions by any application, project, or standard - regardless of the institution or jurisdiction that uses or defines the extensions.  The use of extensions is what allows the FHIR specification to retain a core level of simplicity for everyone.","","","","","","","","",,,,,"","value:url}
","Extensions are always sliced by (at least) url",,"open","Element.extension",0,*,"","ele-1:All FHIR elements must have a @value or children {hasValue() or (children().count() > id.count())}
ext-1:Must have either extensions or value[x], not both {extension.exists() != value.exists()}","n/a"
"MedicinalProductDefinition.legalStatusOfSupply.coding","MedicinalProductDefinition.legalStatusOfSupply.coding","","","",1,*,"","","Y","Coding {[]} {[]}
","Code defined by a terminology system","A reference to a code defined by a terminology system.","Codes may be defined very casually in enumerations, or code lists, up to very formal definitions such as SNOMED CT - see the HL7 v3 Core Principles for more information.  Ordering of codings is undefined and SHALL NOT be used to infer meaning. Generally, at most only one of the coding values will be labeled as UserSelected = true.","Allows for alternative encodings within a code system, and translations to other code systems.","","","","","","","",,,,,"",,,,"CodeableConcept.coding",0,*,"","ele-1:All FHIR elements must have a @value or children {hasValue() or (children().count() > id.count())}
","union(., ./translation)"
"MedicinalProductDefinition.legalStatusOfSupply.text","MedicinalProductDefinition.legalStatusOfSupply.text","","","",0,1,"","","Y","string {[]} {[]}
","Plain text representation of the concept","A human language representation of the concept as seen/selected/uttered by the user who entered the data and/or which represents the intended meaning of the user.","Very often the text is the same as a displayName of one of the codings.","The codes from the terminologies do not always capture the correct meaning with all the nuances of the human using them, or sometimes there is no appropriate code at all. In these cases, the text is used to capture the full meaning of the source.","","","","","","","",,,,,"",,,,"CodeableConcept.text",0,1,"","ele-1:All FHIR elements must have a @value or children {hasValue() or (children().count() > id.count())}
","./originalText[mediaType/code=""text/plain""]/data"
"MedicinalProductDefinition.additionalMonitoringIndicator","MedicinalProductDefinition.additionalMonitoringIndicator","","","",0,1,"","","Y","CodeableConcept {[]} {[]}
","Additional monitoring this Medicinal Product is subject to (for regulatory reasons)","Whether the Medicinal Product is subject to additional monitoring for regulatory reasons.","","","","","","","","","",,,,,"",,,,"MedicinalProductDefinition.additionalMonitoringIndicator",0,1,"","ele-1:All FHIR elements must have a @value or children {hasValue() or (children().count() > id.count())}
","Medicinal Product.Additional Monitoring Indicator"
"MedicinalProductDefinition.specialMeasures","MedicinalProductDefinition.specialMeasures","","","",0,*,"","","Y","CodeableConcept {[]} {[]}
","Whether the Medicinal Product is subject to special measures for regulatory reasons","Whether the Medicinal Product is subject to special measures for regulatory reasons.","","","","","","","","","",,,,,"",,,,"MedicinalProductDefinition.specialMeasures",0,*,"","ele-1:All FHIR elements must have a @value or children {hasValue() or (children().count() > id.count())}
","Medicinal Product.Special Measures"
"MedicinalProductDefinition.pediatricUseIndicator","MedicinalProductDefinition.pediatricUseIndicator","","","",0,1,"","","Y","CodeableConcept {[]} {[]}
","Authorised pediatric use","If authorised for use in children.","","","","","","","","","",,,,,"",,,,"MedicinalProductDefinition.pediatricUseIndicator",0,1,"","ele-1:All FHIR elements must have a @value or children {hasValue() or (children().count() > id.count())}
","Medicinal Product.Pediatric Use Indicator"
"MedicinalProductDefinition.classification","MedicinalProductDefinition.classification","","","",0,*,"","","Y","CodeableConcept {[]} {[]}
","Classifications used for this product","Allows the product to be classified by various systems.","","","","","","","","","",,,,,"",,,,"MedicinalProductDefinition.classification",0,*,"","ele-1:All FHIR elements must have a @value or children {hasValue() or (children().count() > id.count())}
","Product Classification.Value"
"MedicinalProductDefinition.marketingStatus","MedicinalProductDefinition.marketingStatus","","","",0,*,"","","Y","MarketingStatus {[]} {[]}
","Marketing status of the medicinal product in contrast to marketing authorization","Marketing status of the medicinal product, in contrast to marketing authorization.","","","","","","","","","",,,,,"",,,,"MedicinalProductDefinition.marketingStatus",0,*,"","ele-1:All FHIR elements must have a @value or children {hasValue() or (children().count() > id.count())}
","Marketing Status"
"MedicinalProductDefinition.packagedMedicinalProduct","MedicinalProductDefinition.packagedMedicinalProduct","","","",0,*,"","","Y","CodeableConcept {[]} {[]}
","Package type for this product","Package representation for the product. See also the PackagedProductDefinition resource.","","","","","","","","","",,"example","Types of medicinal product packs","http://hl7.org/fhir/ValueSet/medicinal-product-package-type","",,,,"MedicinalProductDefinition.packagedMedicinalProduct",0,*,"","ele-1:All FHIR elements must have a @value or children {hasValue() or (children().count() > id.count())}
","Packaged Medicinal Product"
"MedicinalProductDefinition.ingredient","MedicinalProductDefinition.ingredient","","","",0,*,"","","Y","CodeableConcept {[]} {[]}
","The ingredients of this medicinal product - when not detailed in other resources. This is only needed if the ingredients are not specified by incoming references from the Ingredient resource, or indirectly via incoming AdministrableProductDefinition, PackagedProductDefinition or ManufacturedItemDefinition references. In cases where those levels of detail are not used, the ingredients may be specified directly here as codes","The ingredients of this medicinal product - when not detailed in other resources. This is only needed if the ingredients are not specified by incoming references from the Ingredient resource, or indirectly via incoming AdministrableProductDefinition, PackagedProductDefinition or ManufacturedItemDefinition references. In cases where those levels of detail are not used, the ingredients may be specified directly here as codes.","","","","","","","","","",,,,,"",,,,"MedicinalProductDefinition.ingredient",0,*,"","ele-1:All FHIR elements must have a @value or children {hasValue() or (children().count() > id.count())}
","Medicinal Product.Ingredient (see also FHIR Ingredient resource)"
"MedicinalProductDefinition.impurity","MedicinalProductDefinition.impurity","","","",0,*,"","","Y","CodeableReference {[]} {[CanonicalType[http://hl7.org/fhir/StructureDefinition/SubstanceDefinition]]}
","Any component of the drug product which is not the chemical entity defined as the drug substance or an excipient in the drug product. This includes process-related impurities and contaminants, product-related impurities including degradation products","Any component of the drug product which is not the chemical entity defined as the drug substance or an excipient in the drug product. This includes process-related impurities and contaminants, product-related impurities including degradation products.","","","","","","","","","",,,,,"",,,,"MedicinalProductDefinition.impurity",0,*,"","ele-1:All FHIR elements must have a @value or children {hasValue() or (children().count() > id.count())}
","n/a"
"MedicinalProductDefinition.attachedDocument","MedicinalProductDefinition.attachedDocument","","","",0,*,"","","Y","Reference {[]} {[CanonicalType[http://hl7.org/fhir/StructureDefinition/DocumentReference]]}
","Additional information or supporting documentation about the medicinal product","Additional information or supporting documentation about the medicinal product.","","","","","","","","","",,,,,"",,,,"MedicinalProductDefinition.attachedDocument",0,*,"","ele-1:All FHIR elements must have a @value or children {hasValue() or (children().count() > id.count())}
","Attached Document"
"MedicinalProductDefinition.masterFile","MedicinalProductDefinition.masterFile","","","",0,*,"","","Y","Reference {[]} {[CanonicalType[http://hl7.org/fhir/StructureDefinition/DocumentReference]]}
","A master file for the medicinal product (e.g. Pharmacovigilance System Master File)","A master file for the medicinal product (e.g. Pharmacovigilance System Master File). Drug master files (DMFs) are documents submitted to regulatory agencies to provide confidential detailed information about facilities, processes or articles used in the manufacturing, processing, packaging and storing of drug products.","","","","","","","","","",,,,,"",,,,"MedicinalProductDefinition.masterFile",0,*,"","ele-1:All FHIR elements must have a @value or children {hasValue() or (children().count() > id.count())}
","Master File"
"MedicinalProductDefinition.contact","MedicinalProductDefinition.contact","","","",0,*,"","","Y","BackboneElement {[]} {[]}
","A product specific contact, person (in a role), or an organization","A product specific contact, person (in a role), or an organization.","","","","","","","","","",,,,,"",,,,"MedicinalProductDefinition.contact",0,*,"","ele-1:All FHIR elements must have a @value or children {hasValue() or (children().count() > id.count())}
","n/a"
"MedicinalProductDefinition.contact.id","MedicinalProductDefinition.contact.id","","","",0,1,"","","","id {[]} {[]}
","Unique id for inter-element referencing","Unique id for the element within a resource (for internal references). This may be any string value that does not contain spaces.","","","","","","","","","",,,,,"",,,,"Element.id",0,1,"","","n/a"
"MedicinalProductDefinition.contact.extension","MedicinalProductDefinition.contact.extension","","extensions
user content","",0,*,"","","","Extension {[]} {[]}
","Additional content defined by implementations","May be used to represent additional information that is not part of the basic definition of the element. To make the use of extensions safe and manageable, there is a strict set of governance  applied to the definition and use of extensions. Though any implementer can define an extension, there is a set of requirements that SHALL be met as part of the definition of the extension.","There can be no stigma associated with the use of extensions by any application, project, or standard - regardless of the institution or jurisdiction that uses or defines the extensions.  The use of extensions is what allows the FHIR specification to retain a core level of simplicity for everyone.","","","","","","","","",,,,,"",,,,"Element.extension",0,*,"","ele-1:All FHIR elements must have a @value or children {hasValue() or (children().count() > id.count())}
ext-1:Must have either extensions or value[x], not both {extension.exists() != value.exists()}","n/a"
"MedicinalProductDefinition.contact.modifierExtension","MedicinalProductDefinition.contact.modifierExtension","","extensions
user contentmodifiers","",0,*,"","Y","Y","Extension {[]} {[]}
","Extensions that cannot be ignored even if unrecognized","May be used to represent additional information that is not part of the basic definition of the element and that modifies the understanding of the element in which it is contained and/or the understanding of the containing element's descendants. Usually modifier elements provide negation or qualification. To make the use of extensions safe and manageable, there is a strict set of governance applied to the definition and use of extensions. Though any implementer can define an extension, there is a set of requirements that SHALL be met as part of the definition of the extension. Applications processing a resource are required to check for modifier extensions.

Modifier extensions SHALL NOT change the meaning of any elements on Resource or DomainResource (including cannot change the meaning of modifierExtension itself).","There can be no stigma associated with the use of extensions by any application, project, or standard - regardless of the institution or jurisdiction that uses or defines the extensions.  The use of extensions is what allows the FHIR specification to retain a core level of simplicity for everyone.","Modifier extensions allow for extensions that *cannot* be safely ignored to be clearly distinguished from the vast majority of extensions which can be safely ignored.  This promotes interoperability by eliminating the need for implementers to prohibit the presence of extensions. For further information, see the [definition of modifier extensions](http://build.fhir.org/extensibility.html#modifierExtension).","","","","","","","",,,,,"",,,,"BackboneElement.modifierExtension",0,*,"","ele-1:All FHIR elements must have a @value or children {hasValue() or (children().count() > id.count())}
ext-1:Must have either extensions or value[x], not both {extension.exists() != value.exists()}","N/A"
"MedicinalProductDefinition.contact.type","MedicinalProductDefinition.contact.type","","","",0,1,"","","Y","CodeableConcept {[]} {[]}
","Allows the contact to be classified, for example QPPV, Pharmacovigilance Enquiry Information","Allows the contact to be classified, for example QPPV, Pharmacovigilance Enquiry Information.","","","","","","","","","",,,,,"",,,,"MedicinalProductDefinition.contact.type",0,1,"","ele-1:All FHIR elements must have a @value or children {hasValue() or (children().count() > id.count())}
","n/a"
"MedicinalProductDefinition.contact.contact","MedicinalProductDefinition.contact.contact","","","",1,1,"","","Y","Reference {[]} {[CanonicalType[http://hl7.org/fhir/StructureDefinition/Organization], CanonicalType[http://hl7.org/fhir/StructureDefinition/PractitionerRole]]}
","A product specific contact, person (in a role), or an organization","A product specific contact, person (in a role), or an organization.","","","","","","","","","",,,,,"",,,,"MedicinalProductDefinition.contact.contact",1,1,"","ele-1:All FHIR elements must have a @value or children {hasValue() or (children().count() > id.count())}
","n/a"
"MedicinalProductDefinition.clinicalTrial","MedicinalProductDefinition.clinicalTrial","","","",0,*,"","","Y","Reference {[]} {[CanonicalType[http://hl7.org/fhir/StructureDefinition/ResearchStudy]]}
","Clinical trials or studies that this product is involved in","Clinical trials or studies that this product is involved in.","","","","","","","","","",,,,,"",,,,"MedicinalProductDefinition.clinicalTrial",0,*,"","ele-1:All FHIR elements must have a @value or children {hasValue() or (children().count() > id.count())}
","Investigational Medicinal Product.Clinical Trial Status"
"MedicinalProductDefinition.code","MedicinalProductDefinition.code","","","",0,*,"","","Y","Coding {[]} {[]}
","A code that this product is known by, within some formal terminology","A code that this product is known by, usually within some formal terminology. Products (types of medications) tend to be known by identifiers during development and within regulatory process. However when they are prescribed they tend to be identified by codes. The same product may be have multiple codes, applied to it by multiple organizations.","","","","","","","","","",,"example","A coded concept that defines the type of a medication.","http://hl7.org/fhir/ValueSet/medication-codes","",,,,"MedicinalProductDefinition.code",0,*,"","ele-1:All FHIR elements must have a @value or children {hasValue() or (children().count() > id.count())}
","n/a"
"MedicinalProductDefinition.name","MedicinalProductDefinition.name","","","",1,*,"","","Y","BackboneElement {[]} {[]}
","The product's name, including full name and possibly coded parts","The product's name, including full name and possibly coded parts.","","","","","","","","","",,,,,"",,,,"MedicinalProductDefinition.name",1,*,"","ele-1:All FHIR elements must have a @value or children {hasValue() or (children().count() > id.count())}
","Medicinal Product Name"
"MedicinalProductDefinition.name.id","MedicinalProductDefinition.name.id","","","",0,1,"","","","id {[]} {[]}
","Unique id for inter-element referencing","Unique id for the element within a resource (for internal references). This may be any string value that does not contain spaces.","","","","","","","","","",,,,,"",,,,"Element.id",0,1,"","","n/a"
"MedicinalProductDefinition.name.extension","MedicinalProductDefinition.name.extension","","extensions
user content","",0,*,"","","","Extension {[]} {[]}
","Additional content defined by implementations","May be used to represent additional information that is not part of the basic definition of the element. To make the use of extensions safe and manageable, there is a strict set of governance  applied to the definition and use of extensions. Though any implementer can define an extension, there is a set of requirements that SHALL be met as part of the definition of the extension.","There can be no stigma associated with the use of extensions by any application, project, or standard - regardless of the institution or jurisdiction that uses or defines the extensions.  The use of extensions is what allows the FHIR specification to retain a core level of simplicity for everyone.","","","","","","","","",,,,,"",,,,"Element.extension",0,*,"","ele-1:All FHIR elements must have a @value or children {hasValue() or (children().count() > id.count())}
ext-1:Must have either extensions or value[x], not both {extension.exists() != value.exists()}","n/a"
"MedicinalProductDefinition.name.modifierExtension","MedicinalProductDefinition.name.modifierExtension","","extensions
user contentmodifiers","",0,*,"","Y","Y","Extension {[]} {[]}
","Extensions that cannot be ignored even if unrecognized","May be used to represent additional information that is not part of the basic definition of the element and that modifies the understanding of the element in which it is contained and/or the understanding of the containing element's descendants. Usually modifier elements provide negation or qualification. To make the use of extensions safe and manageable, there is a strict set of governance applied to the definition and use of extensions. Though any implementer can define an extension, there is a set of requirements that SHALL be met as part of the definition of the extension. Applications processing a resource are required to check for modifier extensions.

Modifier extensions SHALL NOT change the meaning of any elements on Resource or DomainResource (including cannot change the meaning of modifierExtension itself).","There can be no stigma associated with the use of extensions by any application, project, or standard - regardless of the institution or jurisdiction that uses or defines the extensions.  The use of extensions is what allows the FHIR specification to retain a core level of simplicity for everyone.","Modifier extensions allow for extensions that *cannot* be safely ignored to be clearly distinguished from the vast majority of extensions which can be safely ignored.  This promotes interoperability by eliminating the need for implementers to prohibit the presence of extensions. For further information, see the [definition of modifier extensions](http://build.fhir.org/extensibility.html#modifierExtension).","","","","","","","",,,,,"",,,,"BackboneElement.modifierExtension",0,*,"","ele-1:All FHIR elements must have a @value or children {hasValue() or (children().count() > id.count())}
ext-1:Must have either extensions or value[x], not both {extension.exists() != value.exists()}","N/A"
"MedicinalProductDefinition.name.productName","MedicinalProductDefinition.name.productName","","","",1,1,"","","Y","string {[]} {[]}
","The full name of this product","The full product name.","","","","","","","<valueString xmlns=""http://hl7.org/fhir"" value=""Humalog Mix50 Insulin KwikPen, 3ml pre-fill""/>","","",,,,,"",,,,"MedicinalProductDefinition.name.productName",1,1,"","ele-1:All FHIR elements must have a @value or children {hasValue() or (children().count() > id.count())}
","Medicinal Product Name.Full Name"
"MedicinalProductDefinition.name.type","MedicinalProductDefinition.name.type","","","",0,1,"","","Y","CodeableConcept {[]} {[]}
","Type of product name, such as rINN, BAN, Proprietary, Non-Proprietary","Type of product name, such as rINN, BAN, Proprietary, Non-Proprietary.","","","","","","","<valueCodeableConcept xmlns=""http://hl7.org/fhir"">
  <coding>
    <system value=""https://spor.ema.europa.eu/rmswi""/>
    <code value=""220000000001""/>
    <display value=""Full name""/>
  </coding>
</valueCodeableConcept>","","",,,,,"",,,,"MedicinalProductDefinition.name.type",0,1,"","ele-1:All FHIR elements must have a @value or children {hasValue() or (children().count() > id.count())}
","n/a"
"MedicinalProductDefinition.name.namePart","MedicinalProductDefinition.name.namePart","","","",0,*,"","","Y","BackboneElement {[]} {[]}
","Coding words or phrases of the name","Coding words or phrases of the name.","","","","","","","","","",,,,,"",,,,"MedicinalProductDefinition.name.namePart",0,*,"","ele-1:All FHIR elements must have a @value or children {hasValue() or (children().count() > id.count())}
","(any and all of the name parts e.g. Medicinal Product Name.Formulation Part)"
"MedicinalProductDefinition.name.namePart.id","MedicinalProductDefinition.name.namePart.id","","","",0,1,"","","","id {[]} {[]}
","Unique id for inter-element referencing","Unique id for the element within a resource (for internal references). This may be any string value that does not contain spaces.","","","","","","","","","",,,,,"",,,,"Element.id",0,1,"","","n/a"
"MedicinalProductDefinition.name.namePart.extension","MedicinalProductDefinition.name.namePart.extension","","extensions
user content","",0,*,"","","","Extension {[]} {[]}
","Additional content defined by implementations","May be used to represent additional information that is not part of the basic definition of the element. To make the use of extensions safe and manageable, there is a strict set of governance  applied to the definition and use of extensions. Though any implementer can define an extension, there is a set of requirements that SHALL be met as part of the definition of the extension.","There can be no stigma associated with the use of extensions by any application, project, or standard - regardless of the institution or jurisdiction that uses or defines the extensions.  The use of extensions is what allows the FHIR specification to retain a core level of simplicity for everyone.","","","","","","","","",,,,,"",,,,"Element.extension",0,*,"","ele-1:All FHIR elements must have a @value or children {hasValue() or (children().count() > id.count())}
ext-1:Must have either extensions or value[x], not both {extension.exists() != value.exists()}","n/a"
"MedicinalProductDefinition.name.namePart.modifierExtension","MedicinalProductDefinition.name.namePart.modifierExtension","","extensions
user contentmodifiers","",0,*,"","Y","Y","Extension {[]} {[]}
","Extensions that cannot be ignored even if unrecognized","May be used to represent additional information that is not part of the basic definition of the element and that modifies the understanding of the element in which it is contained and/or the understanding of the containing element's descendants. Usually modifier elements provide negation or qualification. To make the use of extensions safe and manageable, there is a strict set of governance applied to the definition and use of extensions. Though any implementer can define an extension, there is a set of requirements that SHALL be met as part of the definition of the extension. Applications processing a resource are required to check for modifier extensions.

Modifier extensions SHALL NOT change the meaning of any elements on Resource or DomainResource (including cannot change the meaning of modifierExtension itself).","There can be no stigma associated with the use of extensions by any application, project, or standard - regardless of the institution or jurisdiction that uses or defines the extensions.  The use of extensions is what allows the FHIR specification to retain a core level of simplicity for everyone.","Modifier extensions allow for extensions that *cannot* be safely ignored to be clearly distinguished from the vast majority of extensions which can be safely ignored.  This promotes interoperability by eliminating the need for implementers to prohibit the presence of extensions. For further information, see the [definition of modifier extensions](http://build.fhir.org/extensibility.html#modifierExtension).","","","","","","","",,,,,"",,,,"BackboneElement.modifierExtension",0,*,"","ele-1:All FHIR elements must have a @value or children {hasValue() or (children().count() > id.count())}
ext-1:Must have either extensions or value[x], not both {extension.exists() != value.exists()}","N/A"
"MedicinalProductDefinition.name.namePart.part","MedicinalProductDefinition.name.namePart.part","","","",1,1,"","","Y","string {[]} {[]}
","A fragment of a product name","A fragment of a product name.","","","","","","","<valueString xmlns=""http://hl7.org/fhir"" value=""Humalog""/>","","",,,,,"",,,,"MedicinalProductDefinition.name.namePart.part",1,1,"","ele-1:All FHIR elements must have a @value or children {hasValue() or (children().count() > id.count())}
","(text of any of the name parts e.g. Medicinal Product Name.Formulation Part)"
"MedicinalProductDefinition.name.namePart.type","MedicinalProductDefinition.name.namePart.type","","","",1,1,"","","Y","CodeableConcept {[]} {[]}
","Identifying type for this part of the name (e.g. strength part)","Identifying type for this part of the name (e.g. strength part).","","","","","","","<valueCodeableConcept xmlns=""http://hl7.org/fhir"">
  <coding>
    <system value=""https://spor.ema.europa.eu/rmswi""/>
    <code value=""220000000002""/>
    <display value=""Invented name part""/>
  </coding>
</valueCodeableConcept>","","",,,,,"",,,,"MedicinalProductDefinition.name.namePart.type",1,1,"","ele-1:All FHIR elements must have a @value or children {hasValue() or (children().count() > id.count())}
","(which of the name parts this is e.g. Formulation Part)"
"MedicinalProductDefinition.name.countryLanguage","MedicinalProductDefinition.name.countryLanguage","","","",0,*,"","","Y","BackboneElement {[]} {[]}
","Country where the name applies","Country where the name applies.","","","","","","","","","",,,,,"",,,,"MedicinalProductDefinition.name.countryLanguage",0,*,"","ele-1:All FHIR elements must have a @value or children {hasValue() or (children().count() > id.count())}
","Country / Language"
"MedicinalProductDefinition.name.countryLanguage.id","MedicinalProductDefinition.name.countryLanguage.id","","","",0,1,"","","","id {[]} {[]}
","Unique id for inter-element referencing","Unique id for the element within a resource (for internal references). This may be any string value that does not contain spaces.","","","","","","","","","",,,,,"",,,,"Element.id",0,1,"","","n/a"
"MedicinalProductDefinition.name.countryLanguage.extension","MedicinalProductDefinition.name.countryLanguage.extension","","extensions
user content","",0,*,"","","","Extension {[]} {[]}
","Additional content defined by implementations","May be used to represent additional information that is not part of the basic definition of the element. To make the use of extensions safe and manageable, there is a strict set of governance  applied to the definition and use of extensions. Though any implementer can define an extension, there is a set of requirements that SHALL be met as part of the definition of the extension.","There can be no stigma associated with the use of extensions by any application, project, or standard - regardless of the institution or jurisdiction that uses or defines the extensions.  The use of extensions is what allows the FHIR specification to retain a core level of simplicity for everyone.","","","","","","","","",,,,,"",,,,"Element.extension",0,*,"","ele-1:All FHIR elements must have a @value or children {hasValue() or (children().count() > id.count())}
ext-1:Must have either extensions or value[x], not both {extension.exists() != value.exists()}","n/a"
"MedicinalProductDefinition.name.countryLanguage.modifierExtension","MedicinalProductDefinition.name.countryLanguage.modifierExtension","","extensions
user contentmodifiers","",0,*,"","Y","Y","Extension {[]} {[]}
","Extensions that cannot be ignored even if unrecognized","May be used to represent additional information that is not part of the basic definition of the element and that modifies the understanding of the element in which it is contained and/or the understanding of the containing element's descendants. Usually modifier elements provide negation or qualification. To make the use of extensions safe and manageable, there is a strict set of governance applied to the definition and use of extensions. Though any implementer can define an extension, there is a set of requirements that SHALL be met as part of the definition of the extension. Applications processing a resource are required to check for modifier extensions.

Modifier extensions SHALL NOT change the meaning of any elements on Resource or DomainResource (including cannot change the meaning of modifierExtension itself).","There can be no stigma associated with the use of extensions by any application, project, or standard - regardless of the institution or jurisdiction that uses or defines the extensions.  The use of extensions is what allows the FHIR specification to retain a core level of simplicity for everyone.","Modifier extensions allow for extensions that *cannot* be safely ignored to be clearly distinguished from the vast majority of extensions which can be safely ignored.  This promotes interoperability by eliminating the need for implementers to prohibit the presence of extensions. For further information, see the [definition of modifier extensions](http://build.fhir.org/extensibility.html#modifierExtension).","","","","","","","",,,,,"",,,,"BackboneElement.modifierExtension",0,*,"","ele-1:All FHIR elements must have a @value or children {hasValue() or (children().count() > id.count())}
ext-1:Must have either extensions or value[x], not both {extension.exists() != value.exists()}","N/A"
"MedicinalProductDefinition.name.countryLanguage.country","MedicinalProductDefinition.name.countryLanguage.country","","","",1,1,"","","Y","CodeableConcept {[]} {[]}
","Country for where this name applies (code)","Country code for where this name applies.","","","","","","","","","",,,,,"",,,,"MedicinalProductDefinition.name.countryLanguage.country",1,1,"","ele-1:All FHIR elements must have a @value or children {hasValue() or (children().count() > id.count())}
","Country / Language.Country"
"MedicinalProductDefinition.name.countryLanguage.jurisdiction","MedicinalProductDefinition.name.countryLanguage.jurisdiction","","","",0,1,"","","Y","CodeableConcept {[]} {[]}
","Jurisdiction code for where this name applies","Jurisdiction code for where this name applies.","","","","","","","","","",,,,,"",,,,"MedicinalProductDefinition.name.countryLanguage.jurisdiction",0,1,"","ele-1:All FHIR elements must have a @value or children {hasValue() or (children().count() > id.count())}
","Country / Language.Jurisdiction"
"MedicinalProductDefinition.name.countryLanguage.language","MedicinalProductDefinition.name.countryLanguage.language","","","",1,1,"","","Y","CodeableConcept {[]} {[]}
","Language for this name (code)","Language code for this name.","","","","","","","","","",,,,,"",,,,"MedicinalProductDefinition.name.countryLanguage.language",1,1,"","ele-1:All FHIR elements must have a @value or children {hasValue() or (children().count() > id.count())}
","Country / Language.Language"
"MedicinalProductDefinition.crossReference","MedicinalProductDefinition.crossReference","","","",0,*,"","","Y","BackboneElement {[]} {[]}
","Reference to another product, e.g. for linking authorised to investigational product","Reference to another product, e.g. for linking authorised to investigational product.","","","","","","","","","",,,,,"",,,,"MedicinalProductDefinition.crossReference",0,*,"","ele-1:All FHIR elements must have a @value or children {hasValue() or (children().count() > id.count())}
","Product Cross-Reference"
"MedicinalProductDefinition.crossReference.id","MedicinalProductDefinition.crossReference.id","","","",0,1,"","","","id {[]} {[]}
","Unique id for inter-element referencing","Unique id for the element within a resource (for internal references). This may be any string value that does not contain spaces.","","","","","","","","","",,,,,"",,,,"Element.id",0,1,"","","n/a"
"MedicinalProductDefinition.crossReference.extension","MedicinalProductDefinition.crossReference.extension","","extensions
user content","",0,*,"","","","Extension {[]} {[]}
","Additional content defined by implementations","May be used to represent additional information that is not part of the basic definition of the element. To make the use of extensions safe and manageable, there is a strict set of governance  applied to the definition and use of extensions. Though any implementer can define an extension, there is a set of requirements that SHALL be met as part of the definition of the extension.","There can be no stigma associated with the use of extensions by any application, project, or standard - regardless of the institution or jurisdiction that uses or defines the extensions.  The use of extensions is what allows the FHIR specification to retain a core level of simplicity for everyone.","","","","","","","","",,,,,"",,,,"Element.extension",0,*,"","ele-1:All FHIR elements must have a @value or children {hasValue() or (children().count() > id.count())}
ext-1:Must have either extensions or value[x], not both {extension.exists() != value.exists()}","n/a"
"MedicinalProductDefinition.crossReference.modifierExtension","MedicinalProductDefinition.crossReference.modifierExtension","","extensions
user contentmodifiers","",0,*,"","Y","Y","Extension {[]} {[]}
","Extensions that cannot be ignored even if unrecognized","May be used to represent additional information that is not part of the basic definition of the element and that modifies the understanding of the element in which it is contained and/or the understanding of the containing element's descendants. Usually modifier elements provide negation or qualification. To make the use of extensions safe and manageable, there is a strict set of governance applied to the definition and use of extensions. Though any implementer can define an extension, there is a set of requirements that SHALL be met as part of the definition of the extension. Applications processing a resource are required to check for modifier extensions.

Modifier extensions SHALL NOT change the meaning of any elements on Resource or DomainResource (including cannot change the meaning of modifierExtension itself).","There can be no stigma associated with the use of extensions by any application, project, or standard - regardless of the institution or jurisdiction that uses or defines the extensions.  The use of extensions is what allows the FHIR specification to retain a core level of simplicity for everyone.","Modifier extensions allow for extensions that *cannot* be safely ignored to be clearly distinguished from the vast majority of extensions which can be safely ignored.  This promotes interoperability by eliminating the need for implementers to prohibit the presence of extensions. For further information, see the [definition of modifier extensions](http://build.fhir.org/extensibility.html#modifierExtension).","","","","","","","",,,,,"",,,,"BackboneElement.modifierExtension",0,*,"","ele-1:All FHIR elements must have a @value or children {hasValue() or (children().count() > id.count())}
ext-1:Must have either extensions or value[x], not both {extension.exists() != value.exists()}","N/A"
"MedicinalProductDefinition.crossReference.product","MedicinalProductDefinition.crossReference.product","","","",1,1,"","","Y","CodeableReference {[]} {[CanonicalType[http://hl7.org/fhir/StructureDefinition/MedicinalProductDefinition]]}
","Reference to another product, e.g. for linking authorised to investigational product","Reference to another product, e.g. for linking authorised to investigational product.","","","","","","","","","",,,,,"",,,,"MedicinalProductDefinition.crossReference.product",1,1,"","ele-1:All FHIR elements must have a @value or children {hasValue() or (children().count() > id.count())}
","Product Cross-Reference"
"MedicinalProductDefinition.crossReference.type","MedicinalProductDefinition.crossReference.type","","","",0,1,"","","Y","CodeableConcept {[]} {[]}
","The type of relationship, for instance branded to generic, product to development product (investigational), parallel import version","The type of relationship, for instance branded to generic, product to development product (investigational), parallel import version.","","","","","","","","","",,,,,"",,,,"MedicinalProductDefinition.crossReference.type",0,1,"","ele-1:All FHIR elements must have a @value or children {hasValue() or (children().count() > id.count())}
","Product Cross-Reference"
"MedicinalProductDefinition.operation","MedicinalProductDefinition.operation","","","",0,*,"","","Y","BackboneElement {[]} {[]}
","A manufacturing or administrative process or step associated with (or performed on) the medicinal product","A manufacturing or administrative process or step associated with (or performed on) the medicinal product.","","","","","","","","","",,,,,"",,,,"MedicinalProductDefinition.operation",0,*,"","ele-1:All FHIR elements must have a @value or children {hasValue() or (children().count() > id.count())}
","Manufacturing / Business Operation"
"MedicinalProductDefinition.operation.id","MedicinalProductDefinition.operation.id","","","",0,1,"","","","id {[]} {[]}
","Unique id for inter-element referencing","Unique id for the element within a resource (for internal references). This may be any string value that does not contain spaces.","","","","","","","","","",,,,,"",,,,"Element.id",0,1,"","","n/a"
"MedicinalProductDefinition.operation.extension","MedicinalProductDefinition.operation.extension","","extensions
user content","",0,*,"","","","Extension {[]} {[]}
","Additional content defined by implementations","May be used to represent additional information that is not part of the basic definition of the element. To make the use of extensions safe and manageable, there is a strict set of governance  applied to the definition and use of extensions. Though any implementer can define an extension, there is a set of requirements that SHALL be met as part of the definition of the extension.","There can be no stigma associated with the use of extensions by any application, project, or standard - regardless of the institution or jurisdiction that uses or defines the extensions.  The use of extensions is what allows the FHIR specification to retain a core level of simplicity for everyone.","","","","","","","","",,,,,"",,,,"Element.extension",0,*,"","ele-1:All FHIR elements must have a @value or children {hasValue() or (children().count() > id.count())}
ext-1:Must have either extensions or value[x], not both {extension.exists() != value.exists()}","n/a"
"MedicinalProductDefinition.operation.modifierExtension","MedicinalProductDefinition.operation.modifierExtension","","extensions
user contentmodifiers","",0,*,"","Y","Y","Extension {[]} {[]}
","Extensions that cannot be ignored even if unrecognized","May be used to represent additional information that is not part of the basic definition of the element and that modifies the understanding of the element in which it is contained and/or the understanding of the containing element's descendants. Usually modifier elements provide negation or qualification. To make the use of extensions safe and manageable, there is a strict set of governance applied to the definition and use of extensions. Though any implementer can define an extension, there is a set of requirements that SHALL be met as part of the definition of the extension. Applications processing a resource are required to check for modifier extensions.

Modifier extensions SHALL NOT change the meaning of any elements on Resource or DomainResource (including cannot change the meaning of modifierExtension itself).","There can be no stigma associated with the use of extensions by any application, project, or standard - regardless of the institution or jurisdiction that uses or defines the extensions.  The use of extensions is what allows the FHIR specification to retain a core level of simplicity for everyone.","Modifier extensions allow for extensions that *cannot* be safely ignored to be clearly distinguished from the vast majority of extensions which can be safely ignored.  This promotes interoperability by eliminating the need for implementers to prohibit the presence of extensions. For further information, see the [definition of modifier extensions](http://build.fhir.org/extensibility.html#modifierExtension).","","","","","","","",,,,,"",,,,"BackboneElement.modifierExtension",0,*,"","ele-1:All FHIR elements must have a @value or children {hasValue() or (children().count() > id.count())}
ext-1:Must have either extensions or value[x], not both {extension.exists() != value.exists()}","N/A"
"MedicinalProductDefinition.operation.type","MedicinalProductDefinition.operation.type","","","",0,1,"","","Y","CodeableReference {[]} {[CanonicalType[http://hl7.org/fhir/StructureDefinition/ActivityDefinition], CanonicalType[http://hl7.org/fhir/StructureDefinition/PlanDefinition]]}
","The type of manufacturing operation e.g. manufacturing itself, re-packaging. For the authorization of this, a RegulatedAuthorization would point to the same plan or activity referenced here","The type of manufacturing operation e.g. manufacturing itself, re-packaging. For the authorization of this, a RegulatedAuthorization would point to the same plan or activity referenced here.","","","","","","","","","",,,,,"",,,,"MedicinalProductDefinition.operation.type",0,1,"","ele-1:All FHIR elements must have a @value or children {hasValue() or (children().count() > id.count())}
","Manufacturing / Business Operation.Operation Type"
"MedicinalProductDefinition.operation.effectiveDate","MedicinalProductDefinition.operation.effectiveDate","","","",0,1,"","","Y","Period {[]} {[]}
","Date range of applicability","Date range of applicability.","","","","","","","","","",,,,,"",,,,"MedicinalProductDefinition.operation.effectiveDate",0,1,"","ele-1:All FHIR elements must have a @value or children {hasValue() or (children().count() > id.count())}
","Manufacturing / Business Operation.Effective Date"
"MedicinalProductDefinition.operation.organization","MedicinalProductDefinition.operation.organization","","","",0,*,"","","Y","Reference {[]} {[CanonicalType[http://hl7.org/fhir/StructureDefinition/Organization]]}
","The organization or establishment responsible for (or associated with) the particular process or step, examples include the manufacturer, importer, agent","The organization or establishment responsible for (or associated with) the particular process or step, examples include the manufacturer, importer, agent.","","","","","","","","","",,,,,"",,,,"MedicinalProductDefinition.operation.organization",0,*,"","ele-1:All FHIR elements must have a @value or children {hasValue() or (children().count() > id.count())}
","Manufacturer / Establishment (Organisation)"
"MedicinalProductDefinition.operation.confidentialityIndicator","MedicinalProductDefinition.operation.confidentialityIndicator","","","",0,1,"","","Y","CodeableConcept {[]} {[]}
","Specifies whether this particular business or manufacturing process is considered proprietary or confidential","Specifies whether this particular business or manufacturing process is considered proprietary or confidential.","","","","","","","","","",,,,,"",,,,"MedicinalProductDefinition.operation.confidentialityIndicator",0,1,"","ele-1:All FHIR elements must have a @value or children {hasValue() or (children().count() > id.count())}
","Manufacturing / Business Operation.Confidentiality Indicator"
"MedicinalProductDefinition.characteristic","MedicinalProductDefinition.characteristic","","","",0,*,"","","Y","BackboneElement {[]} {[]}
","Allows the key product features to be recorded, such as ""sugar free"", ""modified release"", ""parallel import""","Allows the key product features to be recorded, such as ""sugar free"", ""modified release"", ""parallel import"".","","","","","","","","","",,,,,"",,,,"MedicinalProductDefinition.characteristic",0,*,"","ele-1:All FHIR elements must have a @value or children {hasValue() or (children().count() > id.count())}
","Package Item (Container).Physical Characteristics"
"MedicinalProductDefinition.characteristic.id","MedicinalProductDefinition.characteristic.id","","","",0,1,"","","","id {[]} {[]}
","Unique id for inter-element referencing","Unique id for the element within a resource (for internal references). This may be any string value that does not contain spaces.","","","","","","","","","",,,,,"",,,,"Element.id",0,1,"","","n/a"
"MedicinalProductDefinition.characteristic.extension","MedicinalProductDefinition.characteristic.extension","","extensions
user content","",0,*,"","","","Extension {[]} {[]}
","Additional content defined by implementations","May be used to represent additional information that is not part of the basic definition of the element. To make the use of extensions safe and manageable, there is a strict set of governance  applied to the definition and use of extensions. Though any implementer can define an extension, there is a set of requirements that SHALL be met as part of the definition of the extension.","There can be no stigma associated with the use of extensions by any application, project, or standard - regardless of the institution or jurisdiction that uses or defines the extensions.  The use of extensions is what allows the FHIR specification to retain a core level of simplicity for everyone.","","","","","","","","",,,,,"",,,,"Element.extension",0,*,"","ele-1:All FHIR elements must have a @value or children {hasValue() or (children().count() > id.count())}
ext-1:Must have either extensions or value[x], not both {extension.exists() != value.exists()}","n/a"
"MedicinalProductDefinition.characteristic.modifierExtension","MedicinalProductDefinition.characteristic.modifierExtension","","extensions
user contentmodifiers","",0,*,"","Y","Y","Extension {[]} {[]}
","Extensions that cannot be ignored even if unrecognized","May be used to represent additional information that is not part of the basic definition of the element and that modifies the understanding of the element in which it is contained and/or the understanding of the containing element's descendants. Usually modifier elements provide negation or qualification. To make the use of extensions safe and manageable, there is a strict set of governance applied to the definition and use of extensions. Though any implementer can define an extension, there is a set of requirements that SHALL be met as part of the definition of the extension. Applications processing a resource are required to check for modifier extensions.

Modifier extensions SHALL NOT change the meaning of any elements on Resource or DomainResource (including cannot change the meaning of modifierExtension itself).","There can be no stigma associated with the use of extensions by any application, project, or standard - regardless of the institution or jurisdiction that uses or defines the extensions.  The use of extensions is what allows the FHIR specification to retain a core level of simplicity for everyone.","Modifier extensions allow for extensions that *cannot* be safely ignored to be clearly distinguished from the vast majority of extensions which can be safely ignored.  This promotes interoperability by eliminating the need for implementers to prohibit the presence of extensions. For further information, see the [definition of modifier extensions](http://build.fhir.org/extensibility.html#modifierExtension).","","","","","","","",,,,,"",,,,"BackboneElement.modifierExtension",0,*,"","ele-1:All FHIR elements must have a @value or children {hasValue() or (children().count() > id.count())}
ext-1:Must have either extensions or value[x], not both {extension.exists() != value.exists()}","N/A"
"MedicinalProductDefinition.characteristic.type","MedicinalProductDefinition.characteristic.type","","","",1,1,"","","Y","CodeableConcept {[]} {[]}
","A code expressing the type of characteristic","A code expressing the type of characteristic.","","","","","","","","","",,,,,"",,,,"MedicinalProductDefinition.characteristic.type",1,1,"","ele-1:All FHIR elements must have a @value or children {hasValue() or (children().count() > id.count())}
","Physical Characteristics, all attributes"
"MedicinalProductDefinition.characteristic.value[x]","MedicinalProductDefinition.characteristic.value[x]","","","",0,1,"","","Y","CodeableConcept {[]} {[]}
Quantity {[]} {[]}date {[]} {[]}boolean {[]} {[]}Attachment {[]} {[]}","A value for the characteristic","A value for the characteristic.","","","","","","","","","",,,,,"",,,,"MedicinalProductDefinition.characteristic.value[x]",0,1,"","ele-1:All FHIR elements must have a @value or children {hasValue() or (children().count() > id.count())}
","Physical Characteristics, attribute's value"
