{
  "package": "hl7.eu.fhir.gh",
  "version": "0.1.0",
  "fhirVersion": "5.0.0-snapshot1",
  "extensions": [],
  "profiles": {
    "AdministrableProductDefinition": [
      {
        "url": "http://hl7.eu/fhir/ig/gravitate-health/StructureDefinition/AdministrableProductDefinition-uv-epi",
        "title": "AdministrableProductDefinition (ePI)"
      }
    ],
    "Bundle": [
      {
        "url": "http://hl7.eu/fhir/ig/gravitate-health/StructureDefinition/Bundle-uv-epi",
        "title": "Bundle - ePI"
      }
    ],
    "ClinicalUseDefinition": [
      {
        "url": "http://hl7.eu/fhir/ig/gravitate-health/StructureDefinition/ClinicalUseDefinition-uv-epi",
        "title": "ClinicalUseDefinition (ePI)"
      }
    ],
    "Composition": [
      {
        "url": "http://hl7.eu/fhir/ig/gravitate-health/StructureDefinition/Composition-uv-epi",
        "title": "Composition (ePI)"
      }
    ],
    "Ingredient": [
      {
        "url": "http://hl7.eu/fhir/ig/gravitate-health/StructureDefinition/Ingredient-uv-epi",
        "title": "Ingredient (ePI)"
      }
    ],
    "ManufacturedItemDefinition": [
      {
        "url": "http://hl7.eu/fhir/ig/gravitate-health/StructureDefinition/ManufacturedItemDefinition-uv-epi",
        "title": "ManufacturedItemDefinition (ePI)"
      }
    ],
    "MedicinalProductDefinition": [
      {
        "url": "http://hl7.eu/fhir/ig/gravitate-health/StructureDefinition/MedicinalProductDefinition-uv-epi",
        "title": "MedicinalProductDefinition (ePI)"
      }
    ],
    "Organization": [
      {
        "url": "http://hl7.eu/fhir/ig/gravitate-health/StructureDefinition/Organization-uv-epi",
        "title": "Organization (ePI)"
      }
    ],
    "RegulatedAuthorization": [
      {
        "url": "http://hl7.eu/fhir/ig/gravitate-health/StructureDefinition/RegulatedAuthorization-uv-epi",
        "title": "RegulatedAuthorization (ePI)"
      }
    ]
  },
  "usage": {
    "http://gravitatehealth.eu/fhir/StructureDefinition/gravitate-dk-package-leaflet-url": [
      "Bundle.entry.resource"
    ],
    "http://gravitatehealth.eu/fhir/StructureDefinition/gravitate-dk-package-number": [
      "Bundle.entry.resource"
    ],
    "http://hl7.org/fhir/StructureDefinition/elementdefinition-bestpractice": [
      "StructureDefinition.snapshot.element.constraint"
    ],
    "http://hl7.org/fhir/StructureDefinition/elementdefinition-bestpractice-explanation": [
      "StructureDefinition.snapshot.element.constraint"
    ],
    "http://hl7.org/fhir/StructureDefinition/elementdefinition-bindingName": [
      "StructureDefinition.snapshot.element.binding"
    ],
    "http://hl7.org/fhir/StructureDefinition/elementdefinition-isCommonBinding": [
      "StructureDefinition.snapshot.element.binding"
    ],
    "http://hl7.org/fhir/StructureDefinition/elementdefinition-maxValueSet": [
      "StructureDefinition.snapshot.element.binding"
    ],
    "http://hl7.org/fhir/StructureDefinition/elementdefinition-translatable": [
      "StructureDefinition.snapshot.element"
    ],
    "http://hl7.org/fhir/StructureDefinition/structuredefinition-category": [
      "StructureDefinition"
    ],
    "http://hl7.org/fhir/StructureDefinition/structuredefinition-explicit-type-name": [
      "StructureDefinition.snapshot.element"
    ],
    "http://hl7.org/fhir/StructureDefinition/structuredefinition-fhir-type": [
      "StructureDefinition.snapshot.element.type"
    ],
    "http://hl7.org/fhir/StructureDefinition/structuredefinition-hierarchy": [
      "StructureDefinition.snapshot.element.type"
    ],
    "http://hl7.org/fhir/StructureDefinition/structuredefinition-security-category": [
      "StructureDefinition"
    ],
    "http://hl7.org/fhir/StructureDefinition/structuredefinition-standards-status": [
      "StructureDefinition.snapshot.element"
    ],
    "http://hl7.org/fhir/build/StructureDefinition/binding-definition": [
      "StructureDefinition.snapshot.element.binding"
    ],
    "http://hl7.org/fhir/build/StructureDefinition/no-binding": [
      "StructureDefinition.snapshot.element"
    ],
    "http://hl7.org/fhir/tools/StructureDefinition/resource-information": [
      "ImplementationGuide.definition.resource"
    ]
  }
}