{"resourceType":"CodeSystem","id":"CodeSystemUvEPIRsmswi","text":{"status":"generated","div":"<div xmlns=\"http://www.w3.org/1999/xhtml\"><p>This code system https://spor.ema.europa.eu/smswi defines the following codes:</p><table class=\"codes\"><tr><td style=\"white-space:nowrap\"><b>Code</b></td></tr><tr><td style=\"white-space:nowrap\">1<a name=\"CodeSystemUvEPIRsmswi-1\"> </a></td></tr><tr><td style=\"white-space:nowrap\">2<a name=\"CodeSystemUvEPIRsmswi-2\"> </a></td></tr></table></div>"},"url":"https://spor.ema.europa.eu/smswi","version":"0.1.0","name":"CodeSystemUvEPIRsmswi","title":"Substances Management Services CodeSystem","status":"active","date":"2022-07-08T09:19:23+00:00","contact":[{"name":"Gravitate Health Project","telecom":[{"system":"url","value":"https://www.gravitatehealth.eu/"}]}],"description":"Items from https://spor.ema.europa.eu/smswi","content":"complete","count":2,"concept":[{"code":"1"},{"code":"2"}]}