{"resourceType":"CodeSystem","id":"CodeSystemUvEPIRpmswi","text":{"status":"generated","div":"<div xmlns=\"http://www.w3.org/1999/xhtml\"><p>This code system https://spor.ema.europa.eu/pmswi defines the following codes:</p><table class=\"codes\"><tr><td style=\"white-space:nowrap\"><b>Code</b></td></tr><tr><td style=\"white-space:nowrap\">1<a name=\"CodeSystemUvEPIRpmswi-1\"> </a></td></tr><tr><td style=\"white-space:nowrap\">2<a name=\"CodeSystemUvEPIRpmswi-2\"> </a></td></tr></table></div>"},"url":"https://spor.ema.europa.eu/pmswi","version":"0.1.0","name":"CodeSystemUvEPIRpmswi","title":"Products Management Services CodeSystem","status":"active","date":"2022-07-03T14:34:33+00:00","contact":[{"name":"Gravitate Health Project","telecom":[{"system":"url","value":"https://www.gravitatehealth.eu/"}]}],"description":"Items from https://spor.ema.europa.eu/pmswi","content":"complete","count":2,"concept":[{"code":"1"},{"code":"2"}]}