{"resourceType":"ImplementationGuide","id":"hl7.eu.fhir.gh","text":{"status":"extensions","div":"<div xmlns=\"http://www.w3.org/1999/xhtml\"><h2>GhImplementationGuide</h2><p>The official URL for this implementation guide is: </p><pre>http://hl7.eu/fhir/ig/gravitate-health/ImplementationGuide/hl7.eu.fhir.gh</pre><div><p>Gravitate Health is an EU project aiming to empower and equip Europeans with health information for active personal health management and adherence to treatment.</p>\n</div></div>"},"url":"http://hl7.eu/fhir/ig/gravitate-health/ImplementationGuide/hl7.eu.fhir.gh","version":"0.1.0","name":"GhImplementationGuide","title":"Gravitate Health FHIR Implementation Guide","status":"active","date":"2021-09-13T20:19:52+00:00","contact":[{"name":"Gravitate Health Project","telecom":[{"system":"url","value":"https://www.gravitatehealth.eu/"}]}],"description":"Gravitate Health is an EU project aiming to empower and equip Europeans with health information for active personal health management and adherence to treatment.","packageId":"hl7.eu.fhir.gh","license":"CC0-1.0","fhirVersion":["4.1.0"],"dependsOn":[{"id":"hl7_fhir_uv_ips","uri":"http://hl7.org/fhir/uv/ips/ImplementationGuide/hl7.fhir.uv.ips","packageId":"hl7.fhir.uv.ips","version":"current"}],"definition":{"grouping":[{"id":"-dyn-capabilitystatement","name":"Behavior: Capability Statements","description":"The following artifacts define the specific capabilities that different types of systems are expected to have in order to comply with this implementation guide.  Systems conforming to this implementation guide are expected to declare conformance to one or more of the following capability statements."},{"id":"-str-profile","name":"Structures: Resource Profiles","description":"These define constraints on FHIR resources for systems conforming to this implementation guide"},{"id":"-term-codesystem","name":"Terminology: Code Systems","description":"These define new code systems used by systems conforming to this implementation guide"},{"id":"-ex-example","name":"Example: Example Instances","description":"These are example instances that show what data produced and consumed by systems conforming with this implementation guide might look like"},{"id":"-other","name":"Other","description":"These are resources that are used within this implementation guide that do not fit into one of the other categories"}],"resource":[{"extension":[{"url":"http://hl7.org/fhir/StructureDefinition/implementationguide-page","valueUri":"StructureDefinition-medicationStatement-eu-gh.html"}],"reference":{"reference":"StructureDefinition/medicationStatement-eu-gh"},"name":"MedicationStatement (Gravitate Health)","description":"This profile defines how to represent in HL7 FHIR a MedicationStatement for the scope of the Gravitate Health project.","exampleBoolean":false,"groupingId":"-str-profile"},{"extension":[{"url":"http://hl7.org/fhir/StructureDefinition/implementationguide-page","valueUri":"CodeSystem-Example-sections-PL.html"}],"reference":{"reference":"CodeSystem/Example-sections-PL"},"name":"EMA example-sections-pl","description":"Placeholder for EMA example-sections PL","exampleBoolean":false,"groupingId":"-term-codesystem"},{"extension":[{"url":"http://hl7.org/fhir/StructureDefinition/implementationguide-page","valueUri":"CodeSystem-Example-sections-smpc.html"}],"reference":{"reference":"CodeSystem/Example-sections-smpc"},"name":"EMA example-sections-smpc","description":"Placeholder for EMA example-sections smpc","exampleBoolean":false,"groupingId":"-term-codesystem"},{"extension":[{"url":"http://hl7.org/fhir/StructureDefinition/implementationguide-page","valueUri":"Bundle-gravitate-maria.html"}],"reference":{"reference":"Bundle/gravitate-maria"},"name":"Maria Gravitate's IPS","description":"Example of International Patient Summary for Maria Gravitate","exampleBoolean":true,"groupingId":"-ex-example"},{"extension":[{"url":"http://hl7.org/fhir/StructureDefinition/implementationguide-page","valueUri":"CapabilityStatement-capability-statement-ema.html"}],"reference":{"reference":"CapabilityStatement/capability-statement-ema"},"name":"Summary of Product Characteristics (SmPC) / Package Leaflet (PL) server","exampleBoolean":false,"groupingId":"-dyn-capabilitystatement"},{"extension":[{"url":"http://hl7.org/fhir/StructureDefinition/implementationguide-page","valueUri":"Bundle-fmk-ips-skilarence.html"}],"reference":{"reference":"Bundle/fmk-ips-skilarence"},"name":"fmk-ips-skilarence","exampleBoolean":false,"groupingId":"-other"},{"extension":[{"url":"http://hl7.org/fhir/StructureDefinition/implementationguide-page","valueUri":"MedicinalProductDefinition-example.html"}],"reference":{"reference":"MedicinalProductDefinition/example"},"name":"example","exampleBoolean":false,"groupingId":"-other"},{"extension":[{"url":"http://hl7.org/fhir/StructureDefinition/implementationguide-page","valueUri":"Bundle-234d3626-fac0-4e69-86a6-556910eecfc9.html"}],"reference":{"reference":"Bundle/234d3626-fac0-4e69-86a6-556910eecfc9"},"name":"Dimethyl-fumarate PIL (Greek)","description":"Example of Greek Product information leaflet for Dimethyl-fumarate","exampleBoolean":true,"groupingId":"-ex-example"},{"extension":[{"url":"http://hl7.org/fhir/StructureDefinition/implementationguide-page","valueUri":"Bundle-79147eac-56be-4aec-9e71-bee160e588b6.html"}],"reference":{"reference":"Bundle/79147eac-56be-4aec-9e71-bee160e588b6"},"name":"Dimethyl-fumarate PIL (English)","description":"Example of English Product information leaflet for Dimethyl-fumarate","exampleBoolean":true,"groupingId":"-ex-example"},{"extension":[{"url":"http://hl7.org/fhir/StructureDefinition/implementationguide-page","valueUri":"Bundle-00b76159-1583-4374-b892-d360b49dae01.html"}],"reference":{"reference":"Bundle/00b76159-1583-4374-b892-d360b49dae01"},"name":"Dimethyl-fumarate PIL (Norwegian)","description":"Example of Norwegian Product information leaflet for Dimethyl-fumarate","exampleBoolean":true,"groupingId":"-ex-example"},{"extension":[{"url":"http://hl7.org/fhir/StructureDefinition/implementationguide-page","valueUri":"Bundle-36773c03-3040-45e2-82c2-bc3fc968b6a6.html"}],"reference":{"reference":"Bundle/36773c03-3040-45e2-82c2-bc3fc968b6a6"},"name":"Irbesartan PIL (Greek)","description":"Example of Greek Product information leaflet for Irbesartan","exampleBoolean":true,"groupingId":"-ex-example"},{"extension":[{"url":"http://hl7.org/fhir/StructureDefinition/implementationguide-page","valueUri":"Bundle-910d1748-674b-430c-b4ab-3665b266a31f.html"}],"reference":{"reference":"Bundle/910d1748-674b-430c-b4ab-3665b266a31f"},"name":"Irbesartan PIL (English)","description":"Example of English Product information leaflet for Irbesartan","exampleBoolean":true,"groupingId":"-ex-example"},{"extension":[{"url":"http://hl7.org/fhir/StructureDefinition/implementationguide-page","valueUri":"Bundle-995d3971-b899-43bf-857d-98c26634796d.html"}],"reference":{"reference":"Bundle/995d3971-b899-43bf-857d-98c26634796d"},"name":"Irbesartan PIL (Norwegian)","description":"Example of Norwegian Product information leaflet for Irbesartan","exampleBoolean":true,"groupingId":"-ex-example"},{"extension":[{"url":"http://hl7.org/fhir/StructureDefinition/implementationguide-page","valueUri":"Bundle-8f7eede7-0aac-41ca-8552-8f1f1c059e6a.html"}],"reference":{"reference":"Bundle/8f7eede7-0aac-41ca-8552-8f1f1c059e6a"},"name":"Oxymetazoline-hydrochloride  PIL (Greek)","description":"Example of Greek Product information leaflet for Oxymetazoline-hydrochloride","exampleBoolean":true,"groupingId":"-ex-example"},{"extension":[{"url":"http://hl7.org/fhir/StructureDefinition/implementationguide-page","valueUri":"Bundle-69b66755-94ef-4ff6-a794-43a74e16ff00.html"}],"reference":{"reference":"Bundle/69b66755-94ef-4ff6-a794-43a74e16ff00"},"name":"Oxymetazoline-hydrochloride PIL (English)","description":"Example of English Product information leaflet for Oxymetazoline-hydrochloride","exampleBoolean":true,"groupingId":"-ex-example"},{"extension":[{"url":"http://hl7.org/fhir/StructureDefinition/implementationguide-page","valueUri":"Bundle-d1a125cf-b46c-40cf-82cf-5b754eb0f19e.html"}],"reference":{"reference":"Bundle/d1a125cf-b46c-40cf-82cf-5b754eb0f19e"},"name":"Oxymetazoline-hydrochloride PIL (Norwegian)","description":"Example of Norwegian Product information leaflet for Oxymetazoline-hydrochloride","exampleBoolean":true,"groupingId":"-ex-example"},{"extension":[{"url":"http://hl7.org/fhir/StructureDefinition/implementationguide-page","valueUri":"List-84d92ad3-386e-47f2-a1c7-7aea06c44074.html"}],"reference":{"reference":"List/84d92ad3-386e-47f2-a1c7-7aea06c44074"},"groupingId":"-other"},{"extension":[{"url":"http://hl7.org/fhir/StructureDefinition/implementationguide-page","valueUri":"List-a3cc87ad-f914-4556-b051-d6fa1c0de7fe.html"}],"reference":{"reference":"List/a3cc87ad-f914-4556-b051-d6fa1c0de7fe"},"groupingId":"-other"},{"extension":[{"url":"http://hl7.org/fhir/StructureDefinition/implementationguide-page","valueUri":"List-084b2309-b525-418a-8aa6-de230f9a38f1.html"}],"reference":{"reference":"List/084b2309-b525-418a-8aa6-de230f9a38f1"},"groupingId":"-other"}],"page":{"nameUrl":"toc.html","title":"Table of Contents","generation":"html","page":[{"nameUrl":"index.html","title":"Home","generation":"markdown"},{"nameUrl":"connections.html","title":"Connections","generation":"markdown"},{"nameUrl":"copyright.html","title":"Copyright","generation":"markdown"},{"nameUrl":"downloads.html","title":"Downloads","generation":"html"},{"nameUrl":"ePI-structure.html","title":"E PI Structure","generation":"markdown"},{"nameUrl":"terminology.html","title":"Terminology","generation":"markdown"},{"nameUrl":"use-case-example.html","title":"Use Case Example","generation":"markdown"},{"nameUrl":"artifacts.html","title":"Artifacts Summary","generation":"html","page":[{"nameUrl":"CapabilityStatement-capability-statement-ema.html","title":"Summary of Product Characteristics (SmPC) / Package Leaflet (PL) server","generation":"generated"},{"nameUrl":"StructureDefinition-medicationStatement-eu-gh.html","title":"MedicationStatement (Gravitate Health)","generation":"generated"},{"nameUrl":"CodeSystem-Example-sections-PL.html","title":"EMA example-sections-pl","generation":"generated"},{"nameUrl":"CodeSystem-Example-sections-smpc.html","title":"EMA example-sections-smpc","generation":"generated"},{"nameUrl":"Bundle-gravitate-maria.html","title":"Maria Gravitate's IPS","generation":"generated"},{"nameUrl":"Bundle-234d3626-fac0-4e69-86a6-556910eecfc9.html","title":"Dimethyl-fumarate PIL (Greek)","generation":"generated"},{"nameUrl":"Bundle-79147eac-56be-4aec-9e71-bee160e588b6.html","title":"Dimethyl-fumarate PIL (English)","generation":"generated"},{"nameUrl":"Bundle-00b76159-1583-4374-b892-d360b49dae01.html","title":"Dimethyl-fumarate PIL (Norwegian)","generation":"generated"},{"nameUrl":"Bundle-36773c03-3040-45e2-82c2-bc3fc968b6a6.html","title":"Irbesartan PIL (Greek)","generation":"generated"},{"nameUrl":"Bundle-910d1748-674b-430c-b4ab-3665b266a31f.html","title":"Irbesartan PIL (English)","generation":"generated"},{"nameUrl":"Bundle-995d3971-b899-43bf-857d-98c26634796d.html","title":"Irbesartan PIL (Norwegian)","generation":"generated"},{"nameUrl":"Bundle-8f7eede7-0aac-41ca-8552-8f1f1c059e6a.html","title":"Oxymetazoline-hydrochloride  PIL (Greek)","generation":"generated"},{"nameUrl":"Bundle-69b66755-94ef-4ff6-a794-43a74e16ff00.html","title":"Oxymetazoline-hydrochloride PIL (English)","generation":"generated"},{"nameUrl":"Bundle-d1a125cf-b46c-40cf-82cf-5b754eb0f19e.html","title":"Oxymetazoline-hydrochloride PIL (Norwegian)","generation":"generated"},{"nameUrl":"Bundle-fmk-ips-skilarence.html","title":"fmk-ips-skilarence","generation":"generated"},{"nameUrl":"MedicinalProductDefinition-example.html","title":"example","generation":"generated"},{"nameUrl":"List-84d92ad3-386e-47f2-a1c7-7aea06c44074.html","generation":"generated"},{"nameUrl":"List-a3cc87ad-f914-4556-b051-d6fa1c0de7fe.html","generation":"generated"},{"nameUrl":"List-084b2309-b525-418a-8aa6-de230f9a38f1.html","generation":"generated"}]}]},"parameter":[{"code":"copyrightyear","value":"2021+"},{"code":"releaselabel","value":"CI Build"},{"code":"show-inherited-invariants","value":"false"},{"code":"path-resource","value":"input/resources/irbesartan"},{"code":"path-resource","value":"input/resources/oxymetazoline-hydrochloride"},{"code":"path-resource","value":"input/resources/dimethyl-fumarate"},{"code":"autoload-resources","value":"true"},{"code":"path-resource","value":"input/capabilities"},{"code":"path-resource","value":"input/examples"},{"code":"path-resource","value":"input/extensions"},{"code":"path-resource","value":"input/models"},{"code":"path-resource","value":"input/operations"},{"code":"path-resource","value":"input/profiles"},{"code":"path-resource","value":"input/resources"},{"code":"path-resource","value":"input/vocabulary"},{"code":"path-resource","value":"input/testing"},{"code":"path-resource","value":"input/history"},{"code":"path-resource","value":"fsh-generated/resources"},{"code":"path-pages","value":"template/config"},{"code":"path-pages","value":"input/images"},{"code":"path-liquid","value":"template/liquid"},{"code":"path-liquid","value":"input/liquid"},{"code":"path-qa","value":"temp/qa"},{"code":"path-temp","value":"temp/pages"},{"code":"path-output","value":"output"},{"code":"path-tx-cache","value":"input-cache/txcache"},{"code":"path-suppressed-warnings","value":"input/ignoreWarnings.txt"},{"code":"path-history","value":"http://hl7.eu/fhir/ig/gravitate-health/history.html"},{"code":"template-html","value":"template-page.html"},{"code":"template-md","value":"template-page-md.html"},{"code":"apply-contact","value":"true"},{"code":"apply-context","value":"true"},{"code":"apply-copyright","value":"true"},{"code":"apply-jurisdiction","value":"true"},{"code":"apply-license","value":"true"},{"code":"apply-publisher","value":"true"},{"code":"apply-version","value":"true"},{"code":"active-tables","value":"true"}]}}