{"resourceType":"ImplementationGuide","id":"hl7.eu.fhir.gh","text":{"status":"extensions","div":"<div xmlns=\"http://www.w3.org/1999/xhtml\"><h2>GhImplementationGuide</h2><p>The official URL for this implementation guide is: </p><pre>http://hl7.eu/fhir/ig/gravitate-health/ImplementationGuide/hl7.eu.fhir.gh</pre><div><p>Gravitate Health is an EU project aiming to empower and equip Europeans with health information for active personal health management and adherence to treatment.</p>\n</div></div>"},"url":"http://hl7.eu/fhir/ig/gravitate-health/ImplementationGuide/hl7.eu.fhir.gh","version":"0.1.0","name":"GhImplementationGuide","title":"Gravitate Health FHIR Implementation Guide","status":"active","date":"2022-08-20T20:30:56+00:00","contact":[{"name":"Gravitate Health Project","telecom":[{"system":"url","value":"https://www.gravitatehealth.eu/"}]}],"description":"Gravitate Health is an EU project aiming to empower and equip Europeans with health information for active personal health management and adherence to treatment.","packageId":"hl7.eu.fhir.gh","license":"CC0-1.0","fhirVersion":["5.0.0-snapshot1"],"dependsOn":[{"id":"hl7tx","uri":"http://terminology.hl7.org/ImplementationGuide/hl7.terminology","packageId":"hl7.terminology.r5","version":"3.0.0"}],"definition":{"grouping":[{"id":"-dyn-operationdefinition","name":"Behavior: Operation Definitions","description":"These are custom operations that can be supported by and/or invoked by systems conforming to this implementation guide"},{"id":"-str-profile","name":"Structures: Resource Profiles","description":"These define constraints on FHIR resources for systems conforming to this implementation guide"},{"id":"-term-valueset","name":"Terminology: Value Sets","description":"These define sets of codes used by systems conforming to this implementation guide"},{"id":"-term-codesystem","name":"Terminology: Code Systems","description":"These define new code systems used by systems conforming to this implementation guide"},{"id":"-ex-example","name":"Example: Example Instances","description":"These are example instances that show what data produced and consumed by systems conforming with this implementation guide might look like"}],"resource":[{"extension":[{"url":"http://hl7.org/fhir/StructureDefinition/implementationguide-page","valueUri":"StructureDefinition-AdministrableProductDefinition-uv-epi.html"}],"reference":{"reference":"StructureDefinition/AdministrableProductDefinition-uv-epi"},"name":"AdministrableProductDefinition (ePI)","description":"AdministrableProductDefinition (ePI)","exampleBoolean":false,"groupingId":"-str-profile"},{"extension":[{"url":"http://hl7.org/fhir/StructureDefinition/implementationguide-page","valueUri":"StructureDefinition-Bundle-uv-epi.html"}],"reference":{"reference":"StructureDefinition/Bundle-uv-epi"},"name":"Bundle - ePI","description":"This profile represents the constraints applied to the Bundle resource by the Electronic Product Information (ePI) FHIR Implementation Guide.","exampleBoolean":false,"groupingId":"-str-profile"},{"extension":[{"url":"http://hl7.org/fhir/StructureDefinition/implementationguide-page","valueUri":"StructureDefinition-ClinicalUseDefinition-contraindication-uv-epi.html"}],"reference":{"reference":"StructureDefinition/ClinicalUseDefinition-contraindication-uv-epi"},"name":"ClinicalUseDefinition Contraindication (ePI)","description":"ClinicalUseDefinition Contraindication (ePI)","exampleBoolean":false,"groupingId":"-str-profile"},{"extension":[{"url":"http://hl7.org/fhir/StructureDefinition/implementationguide-page","valueUri":"StructureDefinition-ClinicalUseDefinition-indication-uv-epi.html"}],"reference":{"reference":"StructureDefinition/ClinicalUseDefinition-indication-uv-epi"},"name":"ClinicalUseDefinition Indication (ePI)","description":"ClinicalUseDefinition Indication (ePI)","exampleBoolean":false,"groupingId":"-str-profile"},{"extension":[{"url":"http://hl7.org/fhir/StructureDefinition/implementationguide-page","valueUri":"StructureDefinition-ClinicalUseDefinition-interaction-uv-epi.html"}],"reference":{"reference":"StructureDefinition/ClinicalUseDefinition-interaction-uv-epi"},"name":"ClinicalUseDefinition Interaction (ePI)","description":"ClinicalUseDefinition Interaction (ePI)","exampleBoolean":false,"groupingId":"-str-profile"},{"extension":[{"url":"http://hl7.org/fhir/StructureDefinition/implementationguide-page","valueUri":"StructureDefinition-ClinicalUseDefinition-undesirableEffect-uv-epi.html"}],"reference":{"reference":"StructureDefinition/ClinicalUseDefinition-undesirableEffect-uv-epi"},"name":"ClinicalUseDefinition Undesirable Effect (ePI)","description":"ClinicalUseDefinition Undesirable Effect (ePI)","exampleBoolean":false,"groupingId":"-str-profile"},{"extension":[{"url":"http://hl7.org/fhir/StructureDefinition/implementationguide-page","valueUri":"StructureDefinition-ClinicalUseDefinition-warning-uv-epi.html"}],"reference":{"reference":"StructureDefinition/ClinicalUseDefinition-warning-uv-epi"},"name":"ClinicalUseDefinition Warning (ePI)","description":"ClinicalUseDefinition Warning (ePI)","exampleBoolean":false,"groupingId":"-str-profile"},{"extension":[{"url":"http://hl7.org/fhir/StructureDefinition/implementationguide-page","valueUri":"StructureDefinition-Composition-eu-leaflet.html"}],"reference":{"reference":"StructureDefinition/Composition-eu-leaflet"},"name":"Composition (EU Leaflet)","description":"This profile provides an example of how the Composition (ePI) profile can be specialized to represent a Product information Leaflet withi a specific jurisdiction","exampleBoolean":false,"groupingId":"-str-profile"},{"extension":[{"url":"http://hl7.org/fhir/StructureDefinition/implementationguide-page","valueUri":"StructureDefinition-Composition-uv-epi.html"}],"reference":{"reference":"StructureDefinition/Composition-uv-epi"},"name":"Composition (ePI)","description":"Clinical document used to represent the Electronic Product Information (ePI) data set. \nAn Electronic Product Information (ePI) document is an authorised, statutory product information for medicines (i.e. summary of product characteristics, package leaflet and labelling) in a semi-structured format created using the common EU electronic standard.","exampleBoolean":false,"groupingId":"-str-profile"},{"extension":[{"url":"http://hl7.org/fhir/StructureDefinition/implementationguide-page","valueUri":"StructureDefinition-Ingredient-uv-epi.html"}],"reference":{"reference":"StructureDefinition/Ingredient-uv-epi"},"name":"Ingredient (ePI)","description":"Ingredient (ePI)","exampleBoolean":false,"groupingId":"-str-profile"},{"extension":[{"url":"http://hl7.org/fhir/StructureDefinition/implementationguide-page","valueUri":"StructureDefinition-List-uv-epi.html"}],"reference":{"reference":"StructureDefinition/List-uv-epi"},"name":"List - ePI","description":"This profile represents the constraints applied to the List resource by the Electronic Product Information (ePI) FHIR Implementation Guide.","exampleBoolean":false,"groupingId":"-str-profile"},{"extension":[{"url":"http://hl7.org/fhir/StructureDefinition/implementationguide-page","valueUri":"StructureDefinition-ManufacturedItemDefinition-uv-epi.html"}],"reference":{"reference":"StructureDefinition/ManufacturedItemDefinition-uv-epi"},"name":"ManufacturedItemDefinition (ePI)","description":"ManufacturedItemDefinition (ePI)","exampleBoolean":false,"groupingId":"-str-profile"},{"extension":[{"url":"http://hl7.org/fhir/StructureDefinition/implementationguide-page","valueUri":"StructureDefinition-MedicinalProductDefinition-uv-epi.html"}],"reference":{"reference":"StructureDefinition/MedicinalProductDefinition-uv-epi"},"name":"MedicinalProductDefinition (ePI)","description":"MedicinalProductDefinition (ePI)","exampleBoolean":false,"groupingId":"-str-profile"},{"extension":[{"url":"http://hl7.org/fhir/StructureDefinition/implementationguide-page","valueUri":"StructureDefinition-Organization-uv-epi.html"}],"reference":{"reference":"StructureDefinition/Organization-uv-epi"},"name":"Organization (ePI)","description":"Organization (ePI)","exampleBoolean":false,"groupingId":"-str-profile"},{"extension":[{"url":"http://hl7.org/fhir/StructureDefinition/implementationguide-page","valueUri":"StructureDefinition-PackagedProductDefinition-uv-epi.html"}],"reference":{"reference":"StructureDefinition/PackagedProductDefinition-uv-epi"},"name":"PackagedProductDefinition (ePI)","description":"PackagedProductDefinition (ePI)","exampleBoolean":false,"groupingId":"-str-profile"},{"extension":[{"url":"http://hl7.org/fhir/StructureDefinition/implementationguide-page","valueUri":"StructureDefinition-RegulatedAuthorization-uv-epi.html"}],"reference":{"reference":"StructureDefinition/RegulatedAuthorization-uv-epi"},"name":"RegulatedAuthorization (ePI)","description":"RegulatedAuthorization (ePI)","exampleBoolean":false,"groupingId":"-str-profile"},{"extension":[{"url":"http://hl7.org/fhir/StructureDefinition/implementationguide-page","valueUri":"StructureDefinition-SubstanceDefinition-uv-epi.html"}],"reference":{"reference":"StructureDefinition/SubstanceDefinition-uv-epi"},"name":"SubstanceDefinition (ePI)","description":"SubstanceDefinition (ePI)","exampleBoolean":false,"groupingId":"-str-profile"},{"extension":[{"url":"http://hl7.org/fhir/StructureDefinition/implementationguide-page","valueUri":"ValueSet-admProductIdSystems.html"}],"reference":{"reference":"ValueSet/admProductIdSystems"},"name":"AdministrableProductDefinition identifier systems","description":"AdministrableProductDefinition Identifier systems (uri)","exampleBoolean":false,"groupingId":"-term-valueset"},{"extension":[{"url":"http://hl7.org/fhir/StructureDefinition/implementationguide-page","valueUri":"ValueSet-epiType.html"}],"reference":{"reference":"ValueSet/epiType"},"name":"ePI document types","description":"ePI document types","exampleBoolean":false,"groupingId":"-term-valueset"},{"extension":[{"url":"http://hl7.org/fhir/StructureDefinition/implementationguide-page","valueUri":"ValueSet-manufacturedItemIdSystems.html"}],"reference":{"reference":"ValueSet/manufacturedItemIdSystems"},"name":"ManufacturedItemDefinition identifier systems","description":"ManufacturedItemDefinition Identifier systems (uri)","exampleBoolean":false,"groupingId":"-term-valueset"},{"extension":[{"url":"http://hl7.org/fhir/StructureDefinition/implementationguide-page","valueUri":"ValueSet-medProductIdSystems.html"}],"reference":{"reference":"ValueSet/medProductIdSystems"},"name":"MedicinalProductDefinition identifier systems","description":"MedicinalProductDefinition Identifier systems (uri)","exampleBoolean":false,"groupingId":"-term-valueset"},{"extension":[{"url":"http://hl7.org/fhir/StructureDefinition/implementationguide-page","valueUri":"ValueSet-organizationIdSystems.html"}],"reference":{"reference":"ValueSet/organizationIdSystems"},"name":"Organization identifier systems","description":"Organization Identifier systems (uri)","exampleBoolean":false,"groupingId":"-term-valueset"},{"extension":[{"url":"http://hl7.org/fhir/StructureDefinition/implementationguide-page","valueUri":"ValueSet-packagedProductIdSystems.html"}],"reference":{"reference":"ValueSet/packagedProductIdSystems"},"name":"PackagedProductDefinition identifier systems","description":"PackagedProductDefinition Identifier systems (uri)","exampleBoolean":false,"groupingId":"-term-valueset"},{"extension":[{"url":"http://hl7.org/fhir/StructureDefinition/implementationguide-page","valueUri":"ValueSet-regulatedAuthIdSystems.html"}],"reference":{"reference":"ValueSet/regulatedAuthIdSystems"},"name":"RegulatedAuthorization identifier systems","description":"RegulatedAuthorization Identifier systems (uri)","exampleBoolean":false,"groupingId":"-term-valueset"},{"extension":[{"url":"http://hl7.org/fhir/StructureDefinition/implementationguide-page","valueUri":"CodeSystem-gravitate.html"}],"reference":{"reference":"CodeSystem/gravitate"},"name":"Gravitate Health Project Code System","description":"Gravitate Health Project Code System. Coded concepts defined for internal project use.","exampleBoolean":false,"groupingId":"-term-codesystem"},{"extension":[{"url":"http://hl7.org/fhir/StructureDefinition/implementationguide-page","valueUri":"CodeSystem-CodeSystemUvEPIRomswi.html"}],"reference":{"reference":"CodeSystem/CodeSystemUvEPIRomswi"},"name":"Organization Management Services CodeSystem","description":"Items from https://spor.ema.europa.eu/omswi","exampleBoolean":false,"groupingId":"-term-codesystem"},{"extension":[{"url":"http://hl7.org/fhir/StructureDefinition/implementationguide-page","valueUri":"CodeSystem-CodeSystemUvEPIRpmswi.html"}],"reference":{"reference":"CodeSystem/CodeSystemUvEPIRpmswi"},"name":"Products Management Services CodeSystem","description":"Items from https://spor.ema.europa.eu/pmswi","exampleBoolean":false,"groupingId":"-term-codesystem"},{"extension":[{"url":"http://hl7.org/fhir/StructureDefinition/implementationguide-page","valueUri":"CodeSystem-CodeSystemUvEPIRrmswi.html"}],"reference":{"reference":"CodeSystem/CodeSystemUvEPIRrmswi"},"name":"Referentials Management Services CodeSystem","description":"Items from https://spor.ema.europa.eu/rmswi","exampleBoolean":false,"groupingId":"-term-codesystem"},{"extension":[{"url":"http://hl7.org/fhir/StructureDefinition/implementationguide-page","valueUri":"CodeSystem-CodeSystemUvEPIRsmswi.html"}],"reference":{"reference":"CodeSystem/CodeSystemUvEPIRsmswi"},"name":"Substances Management Services CodeSystem","description":"Items from https://spor.ema.europa.eu/smswi","exampleBoolean":false,"groupingId":"-term-codesystem"},{"extension":[{"url":"http://hl7.org/fhir/StructureDefinition/implementationguide-page","valueUri":"CodeSystem-Example.html"}],"reference":{"reference":"CodeSystem/Example"},"name":"EMA example-sections-pl","description":"Placeholder for EMA example-sections PL","exampleBoolean":false,"groupingId":"-term-codesystem"},{"extension":[{"url":"http://hl7.org/fhir/StructureDefinition/implementationguide-page","valueUri":"CodeSystem-Examplesmpc.html"}],"reference":{"reference":"CodeSystem/Examplesmpc"},"name":"EMA example-sections-smpc","description":"Placeholder for EMA example-sections smpc","exampleBoolean":false,"groupingId":"-term-codesystem"},{"extension":[{"url":"http://hl7.org/fhir/StructureDefinition/implementationguide-page","valueUri":"Ingredient-0c81c330-cf57-45c2-9ca2-559aea4c8060.html"}],"reference":{"reference":"Ingredient/0c81c330-cf57-45c2-9ca2-559aea4c8060"},"name":"0c81c330-cf57-45c2-9ca2-559aea4c8060","description":"POLYETHYLENE GLYCOL 6000","exampleCanonical":"http://hl7.eu/fhir/ig/gravitate-health/StructureDefinition/Ingredient-uv-epi","groupingId":"-ex-example"},{"extension":[{"url":"http://hl7.org/fhir/StructureDefinition/implementationguide-page","valueUri":"Ingredient-16dc4148-5296-4f7a-8576-2e6bf9dde736.html"}],"reference":{"reference":"Ingredient/16dc4148-5296-4f7a-8576-2e6bf9dde736"},"name":"16dc4148-5296-4f7a-8576-2e6bf9dde736","description":"SILICON DIOXIDE","exampleCanonical":"http://hl7.eu/fhir/ig/gravitate-health/StructureDefinition/Ingredient-uv-epi","groupingId":"-ex-example"},{"extension":[{"url":"http://hl7.org/fhir/StructureDefinition/implementationguide-page","valueUri":"SubstanceDefinition-17c536c9-efd1-4427-a7b0-1bcdc266798f.html"}],"reference":{"reference":"SubstanceDefinition/17c536c9-efd1-4427-a7b0-1bcdc266798f"},"name":"17c536c9-efd1-4427-a7b0-1bcdc266798f","description":"exemestane-sub","exampleCanonical":"http://hl7.eu/fhir/ig/gravitate-health/StructureDefinition/SubstanceDefinition-uv-epi","groupingId":"-ex-example"},{"extension":[{"url":"http://hl7.org/fhir/StructureDefinition/implementationguide-page","valueUri":"ManufacturedItemDefinition-23fed712-2d60-461d-83a6-5fb939b2a939.html"}],"reference":{"reference":"ManufacturedItemDefinition/23fed712-2d60-461d-83a6-5fb939b2a939"},"name":"23fed712-2d60-461d-83a6-5fb939b2a939","description":"Manufactured Item - Aromasin (exemestane) Tablets 25 mg","exampleCanonical":"http://hl7.eu/fhir/ig/gravitate-health/StructureDefinition/ManufacturedItemDefinition-uv-epi","groupingId":"-ex-example"},{"extension":[{"url":"http://hl7.org/fhir/StructureDefinition/implementationguide-page","valueUri":"Ingredient-32e98fc8-b8fb-4bd9-a4d3-2ce97c151d61.html"}],"reference":{"reference":"Ingredient/32e98fc8-b8fb-4bd9-a4d3-2ce97c151d61"},"name":"32e98fc8-b8fb-4bd9-a4d3-2ce97c151d61","description":"microcrystalline cellulose","exampleCanonical":"http://hl7.eu/fhir/ig/gravitate-health/StructureDefinition/Ingredient-uv-epi","groupingId":"-ex-example"},{"extension":[{"url":"http://hl7.org/fhir/StructureDefinition/implementationguide-page","valueUri":"Composition-363cbf4a-9c4d-442a-af67-b72a1225ca28.html"}],"reference":{"reference":"Composition/363cbf4a-9c4d-442a-af67-b72a1225ca28"},"name":"363cbf4a-9c4d-442a-af67-b72a1225ca28","description":"Package Leaflet","exampleCanonical":"http://hl7.eu/fhir/ig/gravitate-health/StructureDefinition/Composition-uv-epi","groupingId":"-ex-example"},{"extension":[{"url":"http://hl7.org/fhir/StructureDefinition/implementationguide-page","valueUri":"PackagedProductDefinition-39151aef-f61a-40cb-86fc-d0e556fa07ef.html"}],"reference":{"reference":"PackagedProductDefinition/39151aef-f61a-40cb-86fc-d0e556fa07ef"},"name":"39151aef-f61a-40cb-86fc-d0e556fa07ef","description":"30 in 1 BOTTLE; Type 0: Not a Combination Product","exampleCanonical":"http://hl7.eu/fhir/ig/gravitate-health/StructureDefinition/PackagedProductDefinition-uv-epi","groupingId":"-ex-example"},{"extension":[{"url":"http://hl7.org/fhir/StructureDefinition/implementationguide-page","valueUri":"RegulatedAuthorization-56b3b73e-dba0-4447-b8cd-1e24ed637017.html"}],"reference":{"reference":"RegulatedAuthorization/56b3b73e-dba0-4447-b8cd-1e24ed637017"},"name":"56b3b73e-dba0-4447-b8cd-1e24ed637017","description":"Regulated Authorization","exampleCanonical":"http://hl7.eu/fhir/ig/gravitate-health/StructureDefinition/RegulatedAuthorization-uv-epi","groupingId":"-ex-example"},{"extension":[{"url":"http://hl7.org/fhir/StructureDefinition/implementationguide-page","valueUri":"Ingredient-5a574ff2-f3e6-4aaa-8d3c-27e6ab343533.html"}],"reference":{"reference":"Ingredient/5a574ff2-f3e6-4aaa-8d3c-27e6ab343533"},"name":"5a574ff2-f3e6-4aaa-8d3c-27e6ab343533","description":"EXEMESTANE","exampleCanonical":"http://hl7.eu/fhir/ig/gravitate-health/StructureDefinition/Ingredient-uv-epi","groupingId":"-ex-example"},{"extension":[{"url":"http://hl7.org/fhir/StructureDefinition/implementationguide-page","valueUri":"Ingredient-5acc6759-a7f7-4380-ab2e-ad72e8587598.html"}],"reference":{"reference":"Ingredient/5acc6759-a7f7-4380-ab2e-ad72e8587598"},"name":"5acc6759-a7f7-4380-ab2e-ad72e8587598","description":"MAGNESIUM STEARATE","exampleCanonical":"http://hl7.eu/fhir/ig/gravitate-health/StructureDefinition/Ingredient-uv-epi","groupingId":"-ex-example"},{"extension":[{"url":"http://hl7.org/fhir/StructureDefinition/implementationguide-page","valueUri":"Ingredient-5f2c1669-3991-4cc2-b252-958b738d5df8.html"}],"reference":{"reference":"Ingredient/5f2c1669-3991-4cc2-b252-958b738d5df8"},"name":"5f2c1669-3991-4cc2-b252-958b738d5df8","description":"METHYLPARABEN","exampleCanonical":"http://hl7.eu/fhir/ig/gravitate-health/StructureDefinition/Ingredient-uv-epi","groupingId":"-ex-example"},{"extension":[{"url":"http://hl7.org/fhir/StructureDefinition/implementationguide-page","valueUri":"Ingredient-6708560e-135d-4b2a-afde-9e3b03f27939.html"}],"reference":{"reference":"Ingredient/6708560e-135d-4b2a-afde-9e3b03f27939"},"name":"6708560e-135d-4b2a-afde-9e3b03f27939","description":"POLYSORBATE 80","exampleCanonical":"http://hl7.eu/fhir/ig/gravitate-health/StructureDefinition/Ingredient-uv-epi","groupingId":"-ex-example"},{"extension":[{"url":"http://hl7.org/fhir/StructureDefinition/implementationguide-page","valueUri":"Ingredient-733fb580-1139-4188-aff8-ad6efe243555.html"}],"reference":{"reference":"Ingredient/733fb580-1139-4188-aff8-ad6efe243555"},"name":"733fb580-1139-4188-aff8-ad6efe243555","description":"POLYVINYL ALCOHOL, UNSPECIFIED","exampleCanonical":"http://hl7.eu/fhir/ig/gravitate-health/StructureDefinition/Ingredient-uv-epi","groupingId":"-ex-example"},{"extension":[{"url":"http://hl7.org/fhir/StructureDefinition/implementationguide-page","valueUri":"Ingredient-7b23dea1-ce14-4c13-8004-f297bb75eda0.html"}],"reference":{"reference":"Ingredient/7b23dea1-ce14-4c13-8004-f297bb75eda0"},"name":"7b23dea1-ce14-4c13-8004-f297bb75eda0","description":"MANNITOL","exampleCanonical":"http://hl7.eu/fhir/ig/gravitate-health/StructureDefinition/Ingredient-uv-epi","groupingId":"-ex-example"},{"extension":[{"url":"http://hl7.org/fhir/StructureDefinition/implementationguide-page","valueUri":"Ingredient-854be59d-070a-44d7-a82e-bbb83200dc6a.html"}],"reference":{"reference":"Ingredient/854be59d-070a-44d7-a82e-bbb83200dc6a"},"name":"854be59d-070a-44d7-a82e-bbb83200dc6a","description":"TITANIUM DIOXIDE ","exampleCanonical":"http://hl7.eu/fhir/ig/gravitate-health/StructureDefinition/Ingredient-uv-epi","groupingId":"-ex-example"},{"extension":[{"url":"http://hl7.org/fhir/StructureDefinition/implementationguide-page","valueUri":"Organization-85c5d81e-9d5a-4a15-8b9d-42bbbe0409c8.html"}],"reference":{"reference":"Organization/85c5d81e-9d5a-4a15-8b9d-42bbbe0409c8"},"name":"85c5d81e-9d5a-4a15-8b9d-42bbbe0409c8","description":"Marketing Authorization Holder","exampleCanonical":"http://hl7.eu/fhir/ig/gravitate-health/StructureDefinition/Organization-uv-epi","groupingId":"-ex-example"},{"extension":[{"url":"http://hl7.org/fhir/StructureDefinition/implementationguide-page","valueUri":"AdministrableProductDefinition-8cf05f7c-481d-4bd6-9a7c-9ca3275601c3.html"}],"reference":{"reference":"AdministrableProductDefinition/8cf05f7c-481d-4bd6-9a7c-9ca3275601c3"},"name":"8cf05f7c-481d-4bd6-9a7c-9ca3275601c3","description":"Aromasin (exemestane) Tablets 25 mg","exampleCanonical":"http://hl7.eu/fhir/ig/gravitate-health/StructureDefinition/AdministrableProductDefinition-uv-epi","groupingId":"-ex-example"},{"extension":[{"url":"http://hl7.org/fhir/StructureDefinition/implementationguide-page","valueUri":"Ingredient-b254f961-61ca-43f9-b3f9-5b0b5d4406a9.html"}],"reference":{"reference":"Ingredient/b254f961-61ca-43f9-b3f9-5b0b5d4406a9"},"name":"b254f961-61ca-43f9-b3f9-5b0b5d4406a9","description":"SODIUM STARCH GLYCOLATE TYPE A POTATO","exampleCanonical":"http://hl7.eu/fhir/ig/gravitate-health/StructureDefinition/Ingredient-uv-epi","groupingId":"-ex-example"},{"extension":[{"url":"http://hl7.org/fhir/StructureDefinition/implementationguide-page","valueUri":"Ingredient-c5a3cb57-3f3e-4309-ae34-0926300de57e.html"}],"reference":{"reference":"Ingredient/c5a3cb57-3f3e-4309-ae34-0926300de57e"},"name":"c5a3cb57-3f3e-4309-ae34-0926300de57e","description":"SUCROSE","exampleCanonical":"http://hl7.eu/fhir/ig/gravitate-health/StructureDefinition/Ingredient-uv-epi","groupingId":"-ex-example"},{"extension":[{"url":"http://hl7.org/fhir/StructureDefinition/implementationguide-page","valueUri":"OperationDefinition-calculate.html"}],"reference":{"reference":"OperationDefinition/calculate"},"name":"calculate","description":"This operation calculates an enhanced version of an ePI as well as","exampleBoolean":false,"groupingId":"-dyn-operationdefinition"},{"extension":[{"url":"http://hl7.org/fhir/StructureDefinition/implementationguide-page","valueUri":"Ingredient-cc5753cd-e648-47d2-a135-503cd8a3e1da.html"}],"reference":{"reference":"Ingredient/cc5753cd-e648-47d2-a135-503cd8a3e1da"},"name":"cc5753cd-e648-47d2-a135-503cd8a3e1da","description":"HYPROMELLOSE, UNSPECIFIED","exampleCanonical":"http://hl7.eu/fhir/ig/gravitate-health/StructureDefinition/Ingredient-uv-epi","groupingId":"-ex-example"},{"extension":[{"url":"http://hl7.org/fhir/StructureDefinition/implementationguide-page","valueUri":"MedicinalProductDefinition-cfsb1650904258324.html"}],"reference":{"reference":"MedicinalProductDefinition/cfsb1650904258324"},"name":"cfsb1650904258324","description":"EU/1/19/1370/001 Dovato 50 mg/300 mg film-coated tablets","exampleBoolean":true,"groupingId":"-ex-example"},{"extension":[{"url":"http://hl7.org/fhir/StructureDefinition/implementationguide-page","valueUri":"PackagedProductDefinition-cfsb1650995718524.html"}],"reference":{"reference":"PackagedProductDefinition/cfsb1650995718524"},"name":"cfsb1650995718524","description":"50 mg/300 mg film-coated tablets","exampleBoolean":true,"groupingId":"-ex-example"},{"extension":[{"url":"http://hl7.org/fhir/StructureDefinition/implementationguide-page","valueUri":"Organization-cfsb1650997423990.html"}],"reference":{"reference":"Organization/cfsb1650997423990"},"name":"cfsb1650997423990","description":"Manufacturer","exampleBoolean":true,"groupingId":"-ex-example"},{"extension":[{"url":"http://hl7.org/fhir/StructureDefinition/implementationguide-page","valueUri":"ManufacturedItemDefinition-cfsb1650998521654.html"}],"reference":{"reference":"ManufacturedItemDefinition/cfsb1650998521654"},"name":"cfsb1650998521654","description":"Manufactured Item: Dovato 50 mg/300 mg film-coated tablets","exampleBoolean":true,"groupingId":"-ex-example"},{"extension":[{"url":"http://hl7.org/fhir/StructureDefinition/implementationguide-page","valueUri":"AdministrableProductDefinition-cfsb1650999516847.html"}],"reference":{"reference":"AdministrableProductDefinition/cfsb1650999516847"},"name":"cfsb1650999516847","description":"Dovato 50 mg/300 mg film-coated tablets","exampleBoolean":true,"groupingId":"-ex-example"},{"extension":[{"url":"http://hl7.org/fhir/StructureDefinition/implementationguide-page","valueUri":"RegulatedAuthorization-cfsb1651148079894.html"}],"reference":{"reference":"RegulatedAuthorization/cfsb1651148079894"},"name":"cfsb1651148079894","description":"Regulated authorization","exampleBoolean":true,"groupingId":"-ex-example"},{"extension":[{"url":"http://hl7.org/fhir/StructureDefinition/implementationguide-page","valueUri":"Organization-cfsb1651149636159.html"}],"reference":{"reference":"Organization/cfsb1651149636159"},"name":"cfsb1651149636159","description":"Marketing Authorization Holder","exampleBoolean":true,"groupingId":"-ex-example"},{"extension":[{"url":"http://hl7.org/fhir/StructureDefinition/implementationguide-page","valueUri":"Organization-cfsb1651152112409.html"}],"reference":{"reference":"Organization/cfsb1651152112409"},"name":"cfsb1651152112409","description":"Regulator","exampleBoolean":true,"groupingId":"-ex-example"},{"extension":[{"url":"http://hl7.org/fhir/StructureDefinition/implementationguide-page","valueUri":"Ingredient-cfsb1651162710491.html"}],"reference":{"reference":"Ingredient/cfsb1651162710491"},"name":"cfsb1651162710491","description":"dolutegravir","exampleBoolean":true,"groupingId":"-ex-example"},{"extension":[{"url":"http://hl7.org/fhir/StructureDefinition/implementationguide-page","valueUri":"Ingredient-cfsb1651164758053.html"}],"reference":{"reference":"Ingredient/cfsb1651164758053"},"name":"cfsb1651164758053","description":"lamivudine","exampleBoolean":true,"groupingId":"-ex-example"},{"extension":[{"url":"http://hl7.org/fhir/StructureDefinition/implementationguide-page","valueUri":"Ingredient-cfsb1651170791283.html"}],"reference":{"reference":"Ingredient/cfsb1651170791283"},"name":"cfsb1651170791283","description":"microcrystalline cellulose","exampleBoolean":true,"groupingId":"-ex-example"},{"extension":[{"url":"http://hl7.org/fhir/StructureDefinition/implementationguide-page","valueUri":"Ingredient-cfsb1651229974487.html"}],"reference":{"reference":"Ingredient/cfsb1651229974487"},"name":"cfsb1651229974487","description":"sodium starch glycolate","exampleBoolean":true,"groupingId":"-ex-example"},{"extension":[{"url":"http://hl7.org/fhir/StructureDefinition/implementationguide-page","valueUri":"Ingredient-cfsb1651230170831.html"}],"reference":{"reference":"Ingredient/cfsb1651230170831"},"name":"cfsb1651230170831","description":"magnesium stearate","exampleBoolean":true,"groupingId":"-ex-example"},{"extension":[{"url":"http://hl7.org/fhir/StructureDefinition/implementationguide-page","valueUri":"Ingredient-cfsb1651230330246.html"}],"reference":{"reference":"Ingredient/cfsb1651230330246"},"name":"cfsb1651230330246","description":"mannitol","exampleBoolean":true,"groupingId":"-ex-example"},{"extension":[{"url":"http://hl7.org/fhir/StructureDefinition/implementationguide-page","valueUri":"Composition-cfsb1651231019151.html"}],"reference":{"reference":"Composition/cfsb1651231019151"},"name":"cfsb1651231019151","description":"Package Leaflet","exampleBoolean":true,"groupingId":"-ex-example"},{"extension":[{"url":"http://hl7.org/fhir/StructureDefinition/implementationguide-page","valueUri":"Composition-cfsb1651234995610.html"}],"reference":{"reference":"Composition/cfsb1651234995610"},"name":"cfsb1651234995610","description":"Prospecto Dovato 50 mg/300 mg comprimidos recubiertos con película","exampleBoolean":true,"groupingId":"-ex-example"},{"extension":[{"url":"http://hl7.org/fhir/StructureDefinition/implementationguide-page","valueUri":"Bundle-cfsb1651596479132.html"}],"reference":{"reference":"Bundle/cfsb1651596479132"},"name":"Vulcan Dovato FHIR Package Insert EMA","description":"English Instance of Dovato package insert for Connectathon testing","exampleBoolean":true,"groupingId":"-ex-example"},{"extension":[{"url":"http://hl7.org/fhir/StructureDefinition/implementationguide-page","valueUri":"Bundle-cfsb1651597532341.html"}],"reference":{"reference":"Bundle/cfsb1651597532341"},"name":"Vulcan Dovato FHIR Package Insert EMA ESP","description":"Spanish Instance of Dovato package insert for Connectathon testing","exampleBoolean":true,"groupingId":"-ex-example"},{"extension":[{"url":"http://hl7.org/fhir/StructureDefinition/implementationguide-page","valueUri":"Ingredient-db5e392b-e7b2-47dc-829c-ee5182986dca.html"}],"reference":{"reference":"Ingredient/db5e392b-e7b2-47dc-829c-ee5182986dca"},"name":"db5e392b-e7b2-47dc-829c-ee5182986dca","description":"MAGNESIUM CARBONATE","exampleCanonical":"http://hl7.eu/fhir/ig/gravitate-health/StructureDefinition/Ingredient-uv-epi","groupingId":"-ex-example"},{"extension":[{"url":"http://hl7.org/fhir/StructureDefinition/implementationguide-page","valueUri":"MedicinalProductDefinition-f1b25777-da7a-4a35-98af-ab18d3246d54.html"}],"reference":{"reference":"MedicinalProductDefinition/f1b25777-da7a-4a35-98af-ab18d3246d54"},"name":"f1b25777-da7a-4a35-98af-ab18d3246d54","description":"Aromasin (exemestane) Tablets 25 mg","exampleCanonical":"http://hl7.eu/fhir/ig/gravitate-health/StructureDefinition/MedicinalProductDefinition-uv-epi","groupingId":"-ex-example"},{"extension":[{"url":"http://hl7.org/fhir/StructureDefinition/implementationguide-page","valueUri":"Bundle-f237a390-9fda-42e9-a62d-1ba5079be192.html"}],"reference":{"reference":"Bundle/f237a390-9fda-42e9-a62d-1ba5079be192"},"name":"Vulcan FHIR USA Patient Package Insert Test - Aromasin (exemestane) Tablets 25 mg","description":"Instance of exemestane tablets JPI for Connectathon testing","exampleBoolean":true,"groupingId":"-ex-example"},{"extension":[{"url":"http://hl7.org/fhir/StructureDefinition/implementationguide-page","valueUri":"Ingredient-f35c1543-e4e2-4215-b91c-f092b1fb9655.html"}],"reference":{"reference":"Ingredient/f35c1543-e4e2-4215-b91c-f092b1fb9655"},"name":"f35c1543-e4e2-4215-b91c-f092b1fb9655","description":"microcrystalline cellulose","exampleCanonical":"http://hl7.eu/fhir/ig/gravitate-health/StructureDefinition/Ingredient-uv-epi","groupingId":"-ex-example"}],"page":{"nameUrl":"toc.html","title":"Table of Contents","generation":"html","page":[{"nameUrl":"index.html","title":"Introduction","generation":"markdown"},{"nameUrl":"background.html","title":"Background","generation":"markdown"},{"nameUrl":"core-epi-structure.html","title":"Core ePI Profile","generation":"markdown"},{"nameUrl":"terminology.html","title":"Terminology","generation":"markdown"},{"nameUrl":"steps-to-create-core-epi.html","title":"Steps to create a Core FHIR ePI","generation":"markdown"},{"nameUrl":"capability.html","title":"Capability","generation":"markdown"},{"nameUrl":"general-technical-conformance-requirements.html","title":"General Technical Conformance Requirements","generation":"markdown"},{"nameUrl":"appendicies.html","title":"Appendix","generation":"markdown"},{"nameUrl":"annex1-ema-fhir-epi.html","title":"Annex I - EU/EMA FHIR ePI Profile","generation":"markdown"},{"nameUrl":"annex2-fda-fhir-epi.html","title":"Annex II - US/FDA FHIR ePI Profile","generation":"markdown"},{"nameUrl":"annex3-pmda-fhir-epi.html","title":"Annex III - Japan/PMDA FHIR ePI Profile","generation":"markdown"},{"nameUrl":"artifacts.html","title":"Artifacts Summary","generation":"html","page":[{"nameUrl":"OperationDefinition-calculate.html","title":"calculate","generation":"generated"},{"nameUrl":"StructureDefinition-AdministrableProductDefinition-uv-epi.html","title":"AdministrableProductDefinition (ePI)","generation":"generated"},{"nameUrl":"StructureDefinition-Bundle-uv-epi.html","title":"Bundle - ePI","generation":"generated"},{"nameUrl":"StructureDefinition-ClinicalUseDefinition-contraindication-uv-epi.html","title":"ClinicalUseDefinition Contraindication (ePI)","generation":"generated"},{"nameUrl":"StructureDefinition-ClinicalUseDefinition-indication-uv-epi.html","title":"ClinicalUseDefinition Indication (ePI)","generation":"generated"},{"nameUrl":"StructureDefinition-ClinicalUseDefinition-interaction-uv-epi.html","title":"ClinicalUseDefinition Interaction (ePI)","generation":"generated"},{"nameUrl":"StructureDefinition-ClinicalUseDefinition-undesirableEffect-uv-epi.html","title":"ClinicalUseDefinition Undesirable Effect (ePI)","generation":"generated"},{"nameUrl":"StructureDefinition-ClinicalUseDefinition-warning-uv-epi.html","title":"ClinicalUseDefinition Warning (ePI)","generation":"generated"},{"nameUrl":"StructureDefinition-Composition-eu-leaflet.html","title":"Composition (EU Leaflet)","generation":"generated"},{"nameUrl":"StructureDefinition-Composition-uv-epi.html","title":"Composition (ePI)","generation":"generated"},{"nameUrl":"StructureDefinition-Ingredient-uv-epi.html","title":"Ingredient (ePI)","generation":"generated"},{"nameUrl":"StructureDefinition-List-uv-epi.html","title":"List - ePI","generation":"generated"},{"nameUrl":"StructureDefinition-ManufacturedItemDefinition-uv-epi.html","title":"ManufacturedItemDefinition (ePI)","generation":"generated"},{"nameUrl":"StructureDefinition-MedicinalProductDefinition-uv-epi.html","title":"MedicinalProductDefinition (ePI)","generation":"generated"},{"nameUrl":"StructureDefinition-Organization-uv-epi.html","title":"Organization (ePI)","generation":"generated"},{"nameUrl":"StructureDefinition-PackagedProductDefinition-uv-epi.html","title":"PackagedProductDefinition (ePI)","generation":"generated"},{"nameUrl":"StructureDefinition-RegulatedAuthorization-uv-epi.html","title":"RegulatedAuthorization (ePI)","generation":"generated"},{"nameUrl":"StructureDefinition-SubstanceDefinition-uv-epi.html","title":"SubstanceDefinition (ePI)","generation":"generated"},{"nameUrl":"ValueSet-admProductIdSystems.html","title":"AdministrableProductDefinition identifier systems","generation":"generated"},{"nameUrl":"ValueSet-epiType.html","title":"ePI document types","generation":"generated"},{"nameUrl":"ValueSet-manufacturedItemIdSystems.html","title":"ManufacturedItemDefinition identifier systems","generation":"generated"},{"nameUrl":"ValueSet-medProductIdSystems.html","title":"MedicinalProductDefinition identifier systems","generation":"generated"},{"nameUrl":"ValueSet-organizationIdSystems.html","title":"Organization identifier systems","generation":"generated"},{"nameUrl":"ValueSet-packagedProductIdSystems.html","title":"PackagedProductDefinition identifier systems","generation":"generated"},{"nameUrl":"ValueSet-regulatedAuthIdSystems.html","title":"RegulatedAuthorization identifier systems","generation":"generated"},{"nameUrl":"CodeSystem-gravitate.html","title":"Gravitate Health Project Code System","generation":"generated"},{"nameUrl":"CodeSystem-CodeSystemUvEPIRomswi.html","title":"Organization Management Services CodeSystem","generation":"generated"},{"nameUrl":"CodeSystem-CodeSystemUvEPIRpmswi.html","title":"Products Management Services CodeSystem","generation":"generated"},{"nameUrl":"CodeSystem-CodeSystemUvEPIRrmswi.html","title":"Referentials Management Services CodeSystem","generation":"generated"},{"nameUrl":"CodeSystem-CodeSystemUvEPIRsmswi.html","title":"Substances Management Services CodeSystem","generation":"generated"},{"nameUrl":"CodeSystem-Example.html","title":"EMA example-sections-pl","generation":"generated"},{"nameUrl":"CodeSystem-Examplesmpc.html","title":"EMA example-sections-smpc","generation":"generated"},{"nameUrl":"Ingredient-0c81c330-cf57-45c2-9ca2-559aea4c8060.html","title":"0c81c330-cf57-45c2-9ca2-559aea4c8060","generation":"generated"},{"nameUrl":"Ingredient-16dc4148-5296-4f7a-8576-2e6bf9dde736.html","title":"16dc4148-5296-4f7a-8576-2e6bf9dde736","generation":"generated"},{"nameUrl":"SubstanceDefinition-17c536c9-efd1-4427-a7b0-1bcdc266798f.html","title":"17c536c9-efd1-4427-a7b0-1bcdc266798f","generation":"generated"},{"nameUrl":"ManufacturedItemDefinition-23fed712-2d60-461d-83a6-5fb939b2a939.html","title":"23fed712-2d60-461d-83a6-5fb939b2a939","generation":"generated"},{"nameUrl":"Ingredient-32e98fc8-b8fb-4bd9-a4d3-2ce97c151d61.html","title":"32e98fc8-b8fb-4bd9-a4d3-2ce97c151d61","generation":"generated"},{"nameUrl":"Composition-363cbf4a-9c4d-442a-af67-b72a1225ca28.html","title":"363cbf4a-9c4d-442a-af67-b72a1225ca28","generation":"generated"},{"nameUrl":"PackagedProductDefinition-39151aef-f61a-40cb-86fc-d0e556fa07ef.html","title":"39151aef-f61a-40cb-86fc-d0e556fa07ef","generation":"generated"},{"nameUrl":"RegulatedAuthorization-56b3b73e-dba0-4447-b8cd-1e24ed637017.html","title":"56b3b73e-dba0-4447-b8cd-1e24ed637017","generation":"generated"},{"nameUrl":"Ingredient-5a574ff2-f3e6-4aaa-8d3c-27e6ab343533.html","title":"5a574ff2-f3e6-4aaa-8d3c-27e6ab343533","generation":"generated"},{"nameUrl":"Ingredient-5acc6759-a7f7-4380-ab2e-ad72e8587598.html","title":"5acc6759-a7f7-4380-ab2e-ad72e8587598","generation":"generated"},{"nameUrl":"Ingredient-5f2c1669-3991-4cc2-b252-958b738d5df8.html","title":"5f2c1669-3991-4cc2-b252-958b738d5df8","generation":"generated"},{"nameUrl":"Ingredient-6708560e-135d-4b2a-afde-9e3b03f27939.html","title":"6708560e-135d-4b2a-afde-9e3b03f27939","generation":"generated"},{"nameUrl":"Ingredient-733fb580-1139-4188-aff8-ad6efe243555.html","title":"733fb580-1139-4188-aff8-ad6efe243555","generation":"generated"},{"nameUrl":"Ingredient-7b23dea1-ce14-4c13-8004-f297bb75eda0.html","title":"7b23dea1-ce14-4c13-8004-f297bb75eda0","generation":"generated"},{"nameUrl":"Ingredient-854be59d-070a-44d7-a82e-bbb83200dc6a.html","title":"854be59d-070a-44d7-a82e-bbb83200dc6a","generation":"generated"},{"nameUrl":"Organization-85c5d81e-9d5a-4a15-8b9d-42bbbe0409c8.html","title":"85c5d81e-9d5a-4a15-8b9d-42bbbe0409c8","generation":"generated"},{"nameUrl":"AdministrableProductDefinition-8cf05f7c-481d-4bd6-9a7c-9ca3275601c3.html","title":"8cf05f7c-481d-4bd6-9a7c-9ca3275601c3","generation":"generated"},{"nameUrl":"Ingredient-b254f961-61ca-43f9-b3f9-5b0b5d4406a9.html","title":"b254f961-61ca-43f9-b3f9-5b0b5d4406a9","generation":"generated"},{"nameUrl":"Ingredient-c5a3cb57-3f3e-4309-ae34-0926300de57e.html","title":"c5a3cb57-3f3e-4309-ae34-0926300de57e","generation":"generated"},{"nameUrl":"Ingredient-cc5753cd-e648-47d2-a135-503cd8a3e1da.html","title":"cc5753cd-e648-47d2-a135-503cd8a3e1da","generation":"generated"},{"nameUrl":"MedicinalProductDefinition-cfsb1650904258324.html","title":"cfsb1650904258324","generation":"generated"},{"nameUrl":"PackagedProductDefinition-cfsb1650995718524.html","title":"cfsb1650995718524","generation":"generated"},{"nameUrl":"Organization-cfsb1650997423990.html","title":"cfsb1650997423990","generation":"generated"},{"nameUrl":"ManufacturedItemDefinition-cfsb1650998521654.html","title":"cfsb1650998521654","generation":"generated"},{"nameUrl":"AdministrableProductDefinition-cfsb1650999516847.html","title":"cfsb1650999516847","generation":"generated"},{"nameUrl":"RegulatedAuthorization-cfsb1651148079894.html","title":"cfsb1651148079894","generation":"generated"},{"nameUrl":"Organization-cfsb1651149636159.html","title":"cfsb1651149636159","generation":"generated"},{"nameUrl":"Organization-cfsb1651152112409.html","title":"cfsb1651152112409","generation":"generated"},{"nameUrl":"Ingredient-cfsb1651162710491.html","title":"cfsb1651162710491","generation":"generated"},{"nameUrl":"Ingredient-cfsb1651164758053.html","title":"cfsb1651164758053","generation":"generated"},{"nameUrl":"Ingredient-cfsb1651170791283.html","title":"cfsb1651170791283","generation":"generated"},{"nameUrl":"Ingredient-cfsb1651229974487.html","title":"cfsb1651229974487","generation":"generated"},{"nameUrl":"Ingredient-cfsb1651230170831.html","title":"cfsb1651230170831","generation":"generated"},{"nameUrl":"Ingredient-cfsb1651230330246.html","title":"cfsb1651230330246","generation":"generated"},{"nameUrl":"Composition-cfsb1651231019151.html","title":"cfsb1651231019151","generation":"generated"},{"nameUrl":"Composition-cfsb1651234995610.html","title":"cfsb1651234995610","generation":"generated"},{"nameUrl":"Bundle-cfsb1651596479132.html","title":"Vulcan Dovato FHIR Package Insert EMA","generation":"generated"},{"nameUrl":"Bundle-cfsb1651597532341.html","title":"Vulcan Dovato FHIR Package Insert EMA ESP","generation":"generated"},{"nameUrl":"Ingredient-db5e392b-e7b2-47dc-829c-ee5182986dca.html","title":"db5e392b-e7b2-47dc-829c-ee5182986dca","generation":"generated"},{"nameUrl":"MedicinalProductDefinition-f1b25777-da7a-4a35-98af-ab18d3246d54.html","title":"f1b25777-da7a-4a35-98af-ab18d3246d54","generation":"generated"},{"nameUrl":"Bundle-f237a390-9fda-42e9-a62d-1ba5079be192.html","title":"Vulcan FHIR USA Patient Package Insert Test - Aromasin (exemestane) Tablets 25 mg","generation":"generated"},{"nameUrl":"Ingredient-f35c1543-e4e2-4215-b91c-f092b1fb9655.html","title":"f35c1543-e4e2-4215-b91c-f092b1fb9655","generation":"generated"}]}]},"parameter":[{"code":"copyrightyear","value":"2021+"},{"code":"releaselabel","value":"CI Build"},{"code":"show-inherited-invariants","value":"false"},{"code":"path-resource","value":"input/resources/irbesartan"},{"code":"path-resource","value":"input/resources/oxymetazoline-hydrochloride"},{"code":"path-resource","value":"input/resources/dimethyl-fumarate"},{"code":"autoload-resources","value":"true"},{"code":"path-resource","value":"input/capabilities"},{"code":"path-resource","value":"input/examples"},{"code":"path-resource","value":"input/extensions"},{"code":"path-resource","value":"input/models"},{"code":"path-resource","value":"input/operations"},{"code":"path-resource","value":"input/profiles"},{"code":"path-resource","value":"input/resources"},{"code":"path-resource","value":"input/vocabulary"},{"code":"path-resource","value":"input/testing"},{"code":"path-resource","value":"input/history"},{"code":"path-resource","value":"fsh-generated/resources"},{"code":"path-pages","value":"template/config"},{"code":"path-pages","value":"input/images"},{"code":"path-liquid","value":"template/liquid"},{"code":"path-liquid","value":"input/liquid"},{"code":"path-qa","value":"temp/qa"},{"code":"path-temp","value":"temp/pages"},{"code":"path-output","value":"output"},{"code":"path-tx-cache","value":"input-cache/txcache"},{"code":"path-suppressed-warnings","value":"input/ignoreWarnings.txt"},{"code":"path-history","value":"http://hl7.eu/fhir/ig/gravitate-health/history.html"},{"code":"template-html","value":"template-page.html"},{"code":"template-md","value":"template-page-md.html"},{"code":"apply-contact","value":"true"},{"code":"apply-context","value":"true"},{"code":"apply-copyright","value":"true"},{"code":"apply-jurisdiction","value":"true"},{"code":"apply-license","value":"true"},{"code":"apply-publisher","value":"true"},{"code":"apply-version","value":"true"},{"code":"active-tables","value":"true"},{"code":"fmm-definition","value":"http://hl7.org/fhir/versions.html#maturity"},{"code":"propagate-status","value":"true"},{"code":"excludelogbinaryformat","value":"true"}]}}