{"resourceType":"ValueSet","id":"admProductIdSystems","text":{"status":"generated","div":"<div xmlns=\"http://www.w3.org/1999/xhtml\"><ul><li>Include these codes as defined in <code>urn:ietf:rfc:3986</code><table class=\"none\"><tr><td style=\"white-space:nowrap\"><b>Code</b></td><td><b>Display</b></td></tr><tr><td>https://spor.ema.europa.eu/pmswi</td><td>SPOR Product (EU)</td></tr><tr><td>https://www.who-umc.org/phpid</td><td>IDMP PhPID</td></tr></table></li></ul></div>"},"url":"http://hl7.eu/fhir/ig/gravitate-health/ValueSet/admProductIdSystems","version":"0.1.0","name":"VsAdmProductIdSystems","title":"AdministrableProductDefinition identifier systems","status":"active","date":"2022-05-04T11:35:34+00:00","contact":[{"name":"Gravitate Health Project","telecom":[{"system":"url","value":"https://www.gravitatehealth.eu/"}]}],"description":"AdministrableProductDefinition Identifier systems (uri)","compose":{"include":[{"system":"urn:ietf:rfc:3986","concept":[{"code":"https://spor.ema.europa.eu/pmswi","display":"SPOR Product (EU)"},{"code":"https://www.who-umc.org/phpid","display":"IDMP PhPID"}]}]}}