{
  "resourceType": "Composition",
  "id": "d19473ec-d66c-443d-bd8f-31398daaffee",
  "meta": {
    "profile": [
      "http://hl7.eu/fhir/ig/gravitate-health/StructureDefinition/Composition-uv-epi"
    ]
  },
  "language": "ja",
  "text": {
    "status": "generated",
    "div": "<div xmlns=\"http://www.w3.org/1999/xhtml\" xml:lang=\"ja\" lang=\"ja\"><p><b>Generated Narrative</b></p><div style=\"display: inline-block; background-color: #d9e0e7; padding: 6px; margin: 4px; border: 1px solid #8da1b4; border-radius: 5px; line-height: 60%\"><p style=\"margin-bottom: 0px\">Resource \"d19473ec-d66c-443d-bd8f-31398daaffee\"  (Language \"ja\") </p><p style=\"margin-bottom: 0px\">Profile: <a href=\"StructureDefinition-Composition-uv-epi.html\">Composition (ePI)</a></p></div><p><b>status</b>: final</p><p><b>type</b>: Package Leaflet <span style=\"background: LightGoldenRodYellow; margin: 4px; border: 1px solid khaki\"> (#100000155538)</span></p><p><b>date</b>: 2002-08-01 01:28:17+0000</p><p><b>author</b>: <a href=\"Organization-7f257409-3b65-401d-a246-7ae51e298fbb.html\">Organization/7f257409-3b65-401d-a246-7ae51e298fbb</a> \"Pfizer, Inc.\"</p><p><b>title</b>: TEST PURPOSES ONLY - Aromasin (exemestane) Tablets 25 mg tablets</p><p><b>confidentiality</b>: U</p><h3>Attesters</h3><table class=\"grid\"><tr><td>-</td><td><b>Mode</b></td><td><b>Time</b></td></tr><tr><td>*</td><td>Official <span style=\"background: LightGoldenRodYellow; margin: 4px; border: 1px solid khaki\"> (<a href=\"http://build.fhir.org/codesystem-composition-attestation-mode.html\">CompositionAttestationMode</a>#official)</span></td><td>2002-08-01 01:28:17+0000</td></tr></table></div>"
  },
  "status": "final",
  "type": {
    "coding": [
      {
        "system": "https://spor.ema.europa.eu/",
        "code": "100000155538"
      }
    ],
    "text": "Package Leaflet"
  },
  "subject": {
    "reference": "RegulatedAuthorization/15c6f86f-8665-4bd6-86da-a3a61fe16084"
  },
  "date": "2002-08-01T13:28:17Z",
  "author": [
    {
      "reference": "Organization/7f257409-3b65-401d-a246-7ae51e298fbb"
    }
  ],
  "title": "TEST PURPOSES ONLY - Aromasin (exemestane) Tablets 25 mg tablets",
  "confidentiality": "U",
  "attester": [
    {
      "mode": {
        "coding": [
          {
            "system": "http://hl7.org/fhir/composition-attestation-mode",
            "code": "official"
          }
        ]
      },
      "time": "2002-08-01T13:28:17Z"
    }
  ],
  "section": [
    {
      "title": "14. 適用上の注意",
      "code": {
        "coding": [
          {
            "system": "https://pmda.jp/",
            "code": "14"
          }
        ],
        "text": "14. 適用上の注意"
      },
      "text": {
        "status": "additional",
        "div": "<div xmlns=\"http://www.w3.org/1999/xhtml\"></div>"
      },
      "emptyReason": {
        "coding": [
          {
            "system": "https://pmda.jp/",
            "code": "2"
          }
        ],
        "text": "Major Section Heading"
      }
    },
    {
      "title": "14.1 薬剤交付時の注意",
      "code": {
        "coding": [
          {
            "system": "https://pmda.jp/",
            "code": "14"
          }
        ],
        "text": "14.1 薬剤交付時の注意"
      },
      "text": {
        "status": "additional",
        "div": "<div xmlns=\"http://www.w3.org/1999/xhtml\">PTP包装の薬剤はPTPシートから取り出して服用するよう指導するこ と。PTPシートの誤飲により、硬い鋭角部が食道粘膜へ刺入し、更に は穿孔をおこして縦隔洞炎等の重篤な合併症を併発することがある。</div>"
      },
      "emptyReason": {
        "coding": [
          {
            "system": "https://pmda.jp/",
            "code": "2"
          }
        ],
        "text": "Major Section Heading"
      }
    },
    {
      "title": "11.1.1",
      "code": {
        "coding": [
          {
            "system": "https://pmda.jp/",
            "code": "11"
          }
        ],
        "text": "11.1.1"
      },
      "text": {
        "status": "additional",
        "div": "<div xmlns=\"http://www.w3.org/1999/xhtml\">肝炎(頻度不明)、肝機能障害(頻度不明)、黄疸(頻度不明) 肝炎、AST、ALT、Al-P、 γ-GTP等の上昇を伴う肝機能障害、 黄疸があらわれることがある。</div>"
      }
    },
    {
      "title": "11.1 重大な副作用",
      "code": {
        "coding": [
          {
            "system": "https://pmda.jp/",
            "code": "11"
          }
        ],
        "text": "11.1 重大な副作用"
      },
      "text": {
        "status": "additional",
        "div": "<div xmlns=\"http://www.w3.org/1999/xhtml\"><table border=\"1\"><tbody><tr><td></td><td><p>5%以上</p></td><td><p>0.1~5%未満</p></td><td><p>頻度不明</p></td></tr><tr><td><p>精神神経系</p></td><td><p>多汗、めまい</p></td><td><p>しびれ(感)、頭痛、知覚障害、 ふらつき(感)、不眠(症)、 抑うつ、不安、手根管症候群</p></td><td><p>傾眠</p></td></tr><tr><td><p>消化器</p></td><td><p>悪心</p></td><td><p>食欲不振、腹痛、嘔吐、腸管 閉塞、のどの通過障害感、胃 もたれ感、心窩部痛(心窩部 の疼痛)、下痢</p></td><td></td></tr><tr><td><p>肝臓</p></td><td></td><td></td><td><p>肝機能異常、Al-P 上昇</p></td></tr><tr><td><p>皮膚</p></td><td></td><td><p>発疹、脱毛(症)、爪の変化</p></td><td><p>蕁麻疹、そう痒症</p></td></tr><tr><td><p>筋骨格系</p></td><td></td><td><p>関節痛、筋骨格痛</p></td><td><p>骨折、骨粗鬆症、弾 発指、狭窄性腱鞘炎</p></td></tr><tr><td><p>循環器</p></td><td><p>高血圧</p></td><td><p>動悸、低血圧</p></td><td></td></tr><tr><td><p>呼吸器</p></td><td></td><td><p>鼻出血、かぜ症候群、肺炎</p></td><td></td></tr><tr><td><p>泌尿器</p></td><td></td><td><p>膀胱炎、尿検査異常</p></td><td></td></tr><tr><td><p>生殖器</p></td><td></td><td><p>不正(子宮)出血、帯下</p></td><td></td></tr><tr><td><p>その他</p></td><td><p>ほてり、疲労</p></td><td><p>疼痛、体重減少、倦怠(感)、体臭、</p><p>浮腫、味覚異常、嗅覚障害</p></td><td><p>過敏症</p></td></tr></tbody></table></div>"
      },
      "emptyReason": {
        "coding": [
          {
            "system": "https://pmda.jp/",
            "code": "2"
          }
        ],
        "text": "Major Section Heading"
      }
    },
    {
      "title": "9.3.1 重度の肝障害のある患者",
      "code": {
        "coding": [
          {
            "system": "https://pmda.jp/",
            "code": "9"
          }
        ],
        "text": "9.3.1 重度の肝障害のある患者"
      },
      "text": {
        "status": "additional",
        "div": "<div xmlns=\"http://www.w3.org/1999/xhtml\">本剤の重度の肝障害患者における長期安全性を指標とした臨床試験 は実施していない。</div>"
      }
    },
    {
      "title": "9.4",
      "code": {
        "coding": [
          {
            "system": "https://pmda.jp/",
            "code": "9"
          }
        ],
        "text": "9.4"
      },
      "text": {
        "status": "additional",
        "div": "<div xmlns=\"http://www.w3.org/1999/xhtml\"></div>"
      },
      "emptyReason": {
        "coding": [
          {
            "system": "https://pmda.jp/",
            "code": "1"
          }
        ],
        "text": "Not Applicable"
      }
    },
    {
      "title": "9.5 妊婦",
      "code": {
        "coding": [
          {
            "system": "https://pmda.jp/",
            "code": "9"
          }
        ],
        "text": "9.5 妊婦"
      },
      "text": {
        "status": "additional",
        "div": "<div xmlns=\"http://www.w3.org/1999/xhtml\">妊婦又は妊娠している可能性のある女性には投与しないこと。本剤 は、閉経後の患者を対象とするため、妊婦に対する投与は想定され ていないが、妊婦への投与の安全性については次の知見がある。動 物実験(ラット)で、分娩障害、妊娠期間の延長、吸収胚数の増加 及び生存胎児数の減少が認められている。また動物実験(ウサギ)で、 流産、吸収胚数の増加及び胎児体重の低下が認められている。しか し両種による動物実験で、催奇形性は認められてはいない。本剤の 妊婦又は妊娠している可能性のある女性における臨床使用経験はな い。[2.1参照]</div>"
      }
    },
    {
      "title": "キ. 名称",
      "code": {
        "coding": [
          {
            "system": "https://pmda.jp/",
            "code": "2"
          }
        ],
        "text": "キ. 名称"
      },
      "text": {
        "status": "additional",
        "div": "<div xmlns=\"http://www.w3.org/1999/xhtml\"></div>"
      }
    }
  ]
}