{
  "resourceType": "DocumentReference",
  "id": "cfsb9943832831850",
  "text": {
    "status": "generated",
    "div": "<div xmlns=\"http://www.w3.org/1999/xhtml\"><p><b>Generated Narrative</b></p><div style=\"display: inline-block; background-color: #d9e0e7; padding: 6px; margin: 4px; border: 1px solid #8da1b4; border-radius: 5px; line-height: 60%\"><p style=\"margin-bottom: 0px\">Resource \"cfsb9943832831850\" </p></div><p><b>status</b>: current</p><p><b>description</b>: Suliqua veiledning, helsepersonell</p><blockquote><p><b>content</b></p></blockquote></div>"
  },
  "status": "current",
  "description": "Suliqua veiledning, helsepersonell",
  "content": [
    {
      "attachment": {
        "contentType": "application/pdf",
        "language": "no",
        "url": "https://www.felleskatalogen.no/medisin/dokument/suliqua-veiledning-helsepersonell.pdf",
        "title": "Suliqua veiledning, helsepersonell",
        "creation": "2020-09"
      }
    }
  ]
}