{
  "resourceType": "ImplementationGuide",
  "id": "hl7.eu.fhir.gh",
  "text": {
    "status": "extensions",
    "div": "<div xmlns=\"http://www.w3.org/1999/xhtml\"><h2>GhImplementationGuide</h2><p>The official URL for this implementation guide is: </p><pre>http://hl7.eu/fhir/ig/gravitate-health/ImplementationGuide/hl7.eu.fhir.gh</pre><div><p>Gravitate Health is an EU project aiming to empower and equip Europeans with health information for active personal health management and adherence to treatment.</p>\n</div></div>"
  },
  "url": "http://hl7.eu/fhir/ig/gravitate-health/ImplementationGuide/hl7.eu.fhir.gh",
  "version": "0.1.0",
  "name": "GhImplementationGuide",
  "title": "Gravitate Health FHIR Implementation Guide",
  "status": "active",
  "date": "2022-04-24T18:34:57+00:00",
  "contact": [
    {
      "name": "Gravitate Health Project",
      "telecom": [
        {
          "system": "url",
          "value": "https://www.gravitatehealth.eu/"
        }
      ]
    }
  ],
  "description": "Gravitate Health is an EU project aiming to empower and equip Europeans with health information for active personal health management and adherence to treatment.",
  "packageId": "hl7.eu.fhir.gh",
  "license": "CC0-1.0",
  "fhirVersion": [
    "5.0.0-snapshot1"
  ],
  "definition": {
    "resource": [
      {
        "extension": [
          {
            "url": "http://hl7.org/fhir/tools/StructureDefinition/resource-information",
            "valueString": "StructureDefinition:resource"
          }
        ],
        "reference": {
          "reference": "StructureDefinition/AdministrableProductDefinition-uv-epi"
        },
        "name": "AdministrableProductDefinition (ePI)",
        "description": "AdministrableProductDefinition (ePI)",
        "exampleBoolean": false
      },
      {
        "extension": [
          {
            "url": "http://hl7.org/fhir/tools/StructureDefinition/resource-information",
            "valueString": "StructureDefinition:resource"
          }
        ],
        "reference": {
          "reference": "StructureDefinition/Bundle-uv-epi"
        },
        "name": "Bundle - ePI",
        "description": "This profile represents the constraints applied to the Bundle resource by the Electronic Product Information (ePI) FHIR Implementation Guide.",
        "exampleBoolean": false
      },
      {
        "extension": [
          {
            "url": "http://hl7.org/fhir/tools/StructureDefinition/resource-information",
            "valueString": "StructureDefinition:resource"
          }
        ],
        "reference": {
          "reference": "StructureDefinition/ClinicalUseDefinition-contraindication-uv-epi"
        },
        "name": "ClinicalUseDefinition Contraindication (ePI)",
        "description": "ClinicalUseDefinition Contraindication (ePI)",
        "exampleBoolean": false
      },
      {
        "extension": [
          {
            "url": "http://hl7.org/fhir/tools/StructureDefinition/resource-information",
            "valueString": "StructureDefinition:resource"
          }
        ],
        "reference": {
          "reference": "StructureDefinition/ClinicalUseDefinition-indication-uv-epi"
        },
        "name": "ClinicalUseDefinition Indication (ePI)",
        "description": "ClinicalUseDefinition Indication (ePI)",
        "exampleBoolean": false
      },
      {
        "extension": [
          {
            "url": "http://hl7.org/fhir/tools/StructureDefinition/resource-information",
            "valueString": "StructureDefinition:resource"
          }
        ],
        "reference": {
          "reference": "StructureDefinition/ClinicalUseDefinition-interaction-uv-epi"
        },
        "name": "ClinicalUseDefinition Interaction (ePI)",
        "description": "ClinicalUseDefinition Interaction (ePI)",
        "exampleBoolean": false
      },
      {
        "extension": [
          {
            "url": "http://hl7.org/fhir/tools/StructureDefinition/resource-information",
            "valueString": "StructureDefinition:resource"
          }
        ],
        "reference": {
          "reference": "StructureDefinition/ClinicalUseDefinition-undesirableEffect-uv-epi"
        },
        "name": "ClinicalUseDefinition Undesirable Effect (ePI)",
        "description": "ClinicalUseDefinition Undesirable Effect (ePI)",
        "exampleBoolean": false
      },
      {
        "extension": [
          {
            "url": "http://hl7.org/fhir/tools/StructureDefinition/resource-information",
            "valueString": "StructureDefinition:resource"
          }
        ],
        "reference": {
          "reference": "StructureDefinition/ClinicalUseDefinition-warning-uv-epi"
        },
        "name": "ClinicalUseDefinition Warning (ePI)",
        "description": "ClinicalUseDefinition Warning (ePI)",
        "exampleBoolean": false
      },
      {
        "extension": [
          {
            "url": "http://hl7.org/fhir/tools/StructureDefinition/resource-information",
            "valueString": "StructureDefinition:resource"
          }
        ],
        "reference": {
          "reference": "StructureDefinition/Composition-eu-leaflet"
        },
        "name": "Composition (EU Leaflet)",
        "description": "This profile provides an example of how the Composition (ePI) profile can be specialized to represent a Product information Leaflet withi a specific jurisdiction",
        "exampleBoolean": false
      },
      {
        "extension": [
          {
            "url": "http://hl7.org/fhir/tools/StructureDefinition/resource-information",
            "valueString": "StructureDefinition:resource"
          }
        ],
        "reference": {
          "reference": "StructureDefinition/Composition-uv-epi"
        },
        "name": "Composition (ePI)",
        "description": "Clinical document used to represent the Electronic Product Information (ePI) data set. \nAn Electronic Product Information (ePI) document is an authorised, statutory product information for medicines (i.e. summary of product characteristics, package leaflet and labelling) in a semi-structured format created using the common EU electronic standard.",
        "exampleBoolean": false
      },
      {
        "extension": [
          {
            "url": "http://hl7.org/fhir/tools/StructureDefinition/resource-information",
            "valueString": "StructureDefinition:resource"
          }
        ],
        "reference": {
          "reference": "StructureDefinition/Ingredient-uv-epi"
        },
        "name": "Ingredient (ePI)",
        "description": "Ingredient (ePI)",
        "exampleBoolean": false
      },
      {
        "extension": [
          {
            "url": "http://hl7.org/fhir/tools/StructureDefinition/resource-information",
            "valueString": "StructureDefinition:resource"
          }
        ],
        "reference": {
          "reference": "StructureDefinition/List-uv-epi"
        },
        "name": "List - ePI",
        "description": "This profile represents the constraints applied to the List resource by the Electronic Product Information (ePI) FHIR Implementation Guide.",
        "exampleBoolean": false
      },
      {
        "extension": [
          {
            "url": "http://hl7.org/fhir/tools/StructureDefinition/resource-information",
            "valueString": "StructureDefinition:resource"
          }
        ],
        "reference": {
          "reference": "StructureDefinition/ManufacturedItemDefinition-uv-epi"
        },
        "name": "ManufacturedItemDefinition (ePI)",
        "description": "ManufacturedItemDefinition (ePI)",
        "exampleBoolean": false
      },
      {
        "extension": [
          {
            "url": "http://hl7.org/fhir/tools/StructureDefinition/resource-information",
            "valueString": "StructureDefinition:resource"
          }
        ],
        "reference": {
          "reference": "StructureDefinition/MedicinalProductDefinition-uv-epi"
        },
        "name": "MedicinalProductDefinition (ePI)",
        "description": "MedicinalProductDefinition (ePI)",
        "exampleBoolean": false
      },
      {
        "extension": [
          {
            "url": "http://hl7.org/fhir/tools/StructureDefinition/resource-information",
            "valueString": "StructureDefinition:resource"
          }
        ],
        "reference": {
          "reference": "StructureDefinition/Organization-uv-epi"
        },
        "name": "Organization (ePI)",
        "description": "Organization (ePI)",
        "exampleBoolean": false
      },
      {
        "extension": [
          {
            "url": "http://hl7.org/fhir/tools/StructureDefinition/resource-information",
            "valueString": "StructureDefinition:resource"
          }
        ],
        "reference": {
          "reference": "StructureDefinition/PackagedProductDefinition-uv-epi"
        },
        "name": "PackagedProductDefinition (ePI)",
        "description": "PackagedProductDefinition (ePI)",
        "exampleBoolean": false
      },
      {
        "extension": [
          {
            "url": "http://hl7.org/fhir/tools/StructureDefinition/resource-information",
            "valueString": "StructureDefinition:resource"
          }
        ],
        "reference": {
          "reference": "StructureDefinition/RegulatedAuthorization-uv-epi"
        },
        "name": "RegulatedAuthorization (ePI)",
        "description": "RegulatedAuthorization (ePI)",
        "exampleBoolean": false
      },
      {
        "extension": [
          {
            "url": "http://hl7.org/fhir/tools/StructureDefinition/resource-information",
            "valueString": "StructureDefinition:resource"
          }
        ],
        "reference": {
          "reference": "StructureDefinition/SubstanceDefinition-uv-epi"
        },
        "name": "SubstanceDefinition (ePI)",
        "description": "SubstanceDefinition (ePI)",
        "exampleBoolean": false
      },
      {
        "extension": [
          {
            "url": "http://hl7.org/fhir/tools/StructureDefinition/resource-information",
            "valueString": "ValueSet"
          }
        ],
        "reference": {
          "reference": "ValueSet/admProductIdSystems"
        },
        "name": "AdministrableProductDefinition identifier systems",
        "description": "AdministrableProductDefinition Identifier systems (uri)",
        "exampleBoolean": false
      },
      {
        "extension": [
          {
            "url": "http://hl7.org/fhir/tools/StructureDefinition/resource-information",
            "valueString": "ValueSet"
          }
        ],
        "reference": {
          "reference": "ValueSet/epiType"
        },
        "name": "ePI document types",
        "description": "ePI document types",
        "exampleBoolean": false
      },
      {
        "extension": [
          {
            "url": "http://hl7.org/fhir/tools/StructureDefinition/resource-information",
            "valueString": "ValueSet"
          }
        ],
        "reference": {
          "reference": "ValueSet/manufacturedItemIdSystems"
        },
        "name": "ManufacturedItemDefinition identifier systems",
        "description": "ManufacturedItemDefinition Identifier systems (uri)",
        "exampleBoolean": false
      },
      {
        "extension": [
          {
            "url": "http://hl7.org/fhir/tools/StructureDefinition/resource-information",
            "valueString": "ValueSet"
          }
        ],
        "reference": {
          "reference": "ValueSet/medProductIdSystems"
        },
        "name": "MedicinalProductDefinition identifier systems",
        "description": "MedicinalProductDefinition Identifier systems (uri)",
        "exampleBoolean": false
      },
      {
        "extension": [
          {
            "url": "http://hl7.org/fhir/tools/StructureDefinition/resource-information",
            "valueString": "ValueSet"
          }
        ],
        "reference": {
          "reference": "ValueSet/organizationIdSystems"
        },
        "name": "Organization identifier systems",
        "description": "Organization Identifier systems (uri)",
        "exampleBoolean": false
      },
      {
        "extension": [
          {
            "url": "http://hl7.org/fhir/tools/StructureDefinition/resource-information",
            "valueString": "ValueSet"
          }
        ],
        "reference": {
          "reference": "ValueSet/packagedProductIdSystems"
        },
        "name": "PackagedProductDefinition identifier systems",
        "description": "PackagedProductDefinition Identifier systems (uri)",
        "exampleBoolean": false
      },
      {
        "extension": [
          {
            "url": "http://hl7.org/fhir/tools/StructureDefinition/resource-information",
            "valueString": "ValueSet"
          }
        ],
        "reference": {
          "reference": "ValueSet/regulatedAuthIdSystems"
        },
        "name": "RegulatedAuthorization identifier systems",
        "description": "RegulatedAuthorization Identifier systems (uri)",
        "exampleBoolean": false
      },
      {
        "extension": [
          {
            "url": "http://hl7.org/fhir/tools/StructureDefinition/resource-information",
            "valueString": "CodeSystem"
          }
        ],
        "reference": {
          "reference": "CodeSystem/gravitate"
        },
        "name": "Gravitate Health Project Code System",
        "description": "Gravitate Health Project Code System. Coded concepts defined for internal project use.",
        "exampleBoolean": false
      },
      {
        "extension": [
          {
            "url": "http://hl7.org/fhir/tools/StructureDefinition/resource-information",
            "valueString": "CodeSystem"
          }
        ],
        "reference": {
          "reference": "CodeSystem/CodeSystemUvEPIRomswi"
        },
        "name": "Organization Management Services CodeSystem",
        "description": "Items from https://spor.ema.europa.eu/omswi",
        "exampleBoolean": false
      },
      {
        "extension": [
          {
            "url": "http://hl7.org/fhir/tools/StructureDefinition/resource-information",
            "valueString": "CodeSystem"
          }
        ],
        "reference": {
          "reference": "CodeSystem/CodeSystemUvEPIRpmswi"
        },
        "name": "Products Management Services CodeSystem",
        "description": "Items from https://spor.ema.europa.eu/pmswi",
        "exampleBoolean": false
      },
      {
        "extension": [
          {
            "url": "http://hl7.org/fhir/tools/StructureDefinition/resource-information",
            "valueString": "CodeSystem"
          }
        ],
        "reference": {
          "reference": "CodeSystem/CodeSystemUvEPIRrmswi"
        },
        "name": "Referentials Management Services CodeSystem",
        "description": "Items from https://spor.ema.europa.eu/rmswi",
        "exampleBoolean": false
      },
      {
        "extension": [
          {
            "url": "http://hl7.org/fhir/tools/StructureDefinition/resource-information",
            "valueString": "CodeSystem"
          }
        ],
        "reference": {
          "reference": "CodeSystem/CodeSystemUvEPIRsmswi"
        },
        "name": "Substances Management Services CodeSystem",
        "description": "Items from https://spor.ema.europa.eu/smswi",
        "exampleBoolean": false
      },
      {
        "extension": [
          {
            "url": "http://hl7.org/fhir/tools/StructureDefinition/resource-information",
            "valueString": "CodeSystem"
          }
        ],
        "reference": {
          "reference": "CodeSystem/Example"
        },
        "name": "EMA example-sections-pl",
        "description": "Placeholder for EMA example-sections PL",
        "exampleBoolean": false
      },
      {
        "extension": [
          {
            "url": "http://hl7.org/fhir/tools/StructureDefinition/resource-information",
            "valueString": "CodeSystem"
          }
        ],
        "reference": {
          "reference": "CodeSystem/Examplesmpc"
        },
        "name": "EMA example-sections-smpc",
        "description": "Placeholder for EMA example-sections smpc",
        "exampleBoolean": false
      },
      {
        "extension": [
          {
            "url": "http://hl7.org/fhir/tools/StructureDefinition/resource-information",
            "valueString": "Ingredient"
          }
        ],
        "reference": {
          "reference": "Ingredient/01f6666c-b966-4372-ba61-9ee902912dd8"
        },
        "name": "01f6666c-b966-4372-ba61-9ee902912dd8",
        "description": "light anhydrous silicic acid",
        "exampleCanonical": "http://hl7.eu/fhir/ig/gravitate-health/StructureDefinition/Ingredient-uv-epi"
      },
      {
        "extension": [
          {
            "url": "http://hl7.org/fhir/tools/StructureDefinition/resource-information",
            "valueString": "Ingredient"
          }
        ],
        "reference": {
          "reference": "Ingredient/0c81c330-cf57-45c2-9ca2-559aea4c8060"
        },
        "name": "0c81c330-cf57-45c2-9ca2-559aea4c8060",
        "description": "POLYETHYLENE GLYCOL 6000",
        "exampleCanonical": "http://hl7.eu/fhir/ig/gravitate-health/StructureDefinition/Ingredient-uv-epi"
      },
      {
        "extension": [
          {
            "url": "http://hl7.org/fhir/tools/StructureDefinition/resource-information",
            "valueString": "MedicinalProductDefinition"
          }
        ],
        "reference": {
          "reference": "MedicinalProductDefinition/117616c7-3bcc-4665-8e12-0e93447e679e"
        },
        "name": "117616c7-3bcc-4665-8e12-0e93447e679e",
        "description": "Aromasin (exemestane) Tablets 25 mg",
        "exampleCanonical": "http://hl7.eu/fhir/ig/gravitate-health/StructureDefinition/MedicinalProductDefinition-uv-epi"
      },
      {
        "extension": [
          {
            "url": "http://hl7.org/fhir/tools/StructureDefinition/resource-information",
            "valueString": "Ingredient"
          }
        ],
        "reference": {
          "reference": "Ingredient/13beb88f-1df3-499d-9c74-4f5925a6f206"
        },
        "name": "13beb88f-1df3-499d-9c74-4f5925a6f206",
        "description": "synthetic wax",
        "exampleCanonical": "http://hl7.eu/fhir/ig/gravitate-health/StructureDefinition/Ingredient-uv-epi"
      },
      {
        "extension": [
          {
            "url": "http://hl7.org/fhir/tools/StructureDefinition/resource-information",
            "valueString": "RegulatedAuthorization"
          }
        ],
        "reference": {
          "reference": "RegulatedAuthorization/15c6f86f-8665-4bd6-86da-a3a61fe16084"
        },
        "name": "15c6f86f-8665-4bd6-86da-a3a61fe16084",
        "description": "Regulated Authorization",
        "exampleCanonical": "http://hl7.eu/fhir/ig/gravitate-health/StructureDefinition/RegulatedAuthorization-uv-epi"
      },
      {
        "extension": [
          {
            "url": "http://hl7.org/fhir/tools/StructureDefinition/resource-information",
            "valueString": "Ingredient"
          }
        ],
        "reference": {
          "reference": "Ingredient/16dc4148-5296-4f7a-8576-2e6bf9dde736"
        },
        "name": "16dc4148-5296-4f7a-8576-2e6bf9dde736",
        "description": "SILICON DIOXIDE",
        "exampleCanonical": "http://hl7.eu/fhir/ig/gravitate-health/StructureDefinition/Ingredient-uv-epi"
      },
      {
        "extension": [
          {
            "url": "http://hl7.org/fhir/tools/StructureDefinition/resource-information",
            "valueString": "SubstanceDefinition"
          }
        ],
        "reference": {
          "reference": "SubstanceDefinition/17c536c9-efd1-4427-a7b0-1bcdc266798f"
        },
        "name": "17c536c9-efd1-4427-a7b0-1bcdc266798f",
        "description": "exemestane-sub",
        "exampleCanonical": "http://hl7.eu/fhir/ig/gravitate-health/StructureDefinition/SubstanceDefinition-uv-epi"
      },
      {
        "extension": [
          {
            "url": "http://hl7.org/fhir/tools/StructureDefinition/resource-information",
            "valueString": "ManufacturedItemDefinition"
          }
        ],
        "reference": {
          "reference": "ManufacturedItemDefinition/23fed712-2d60-461d-83a6-5fb939b2a939"
        },
        "name": "23fed712-2d60-461d-83a6-5fb939b2a939",
        "description": "Manufactured Item - Aromasin (exemestane) Tablets 25 mg",
        "exampleCanonical": "http://hl7.eu/fhir/ig/gravitate-health/StructureDefinition/ManufacturedItemDefinition-uv-epi"
      },
      {
        "extension": [
          {
            "url": "http://hl7.org/fhir/tools/StructureDefinition/resource-information",
            "valueString": "Ingredient"
          }
        ],
        "reference": {
          "reference": "Ingredient/32e98fc8-b8fb-4bd9-a4d3-2ce97c151d61"
        },
        "name": "32e98fc8-b8fb-4bd9-a4d3-2ce97c151d61",
        "description": "crystalline cellulose",
        "exampleCanonical": "http://hl7.eu/fhir/ig/gravitate-health/StructureDefinition/Ingredient-uv-epi"
      },
      {
        "extension": [
          {
            "url": "http://hl7.org/fhir/tools/StructureDefinition/resource-information",
            "valueString": "Bundle"
          }
        ],
        "reference": {
          "reference": "Bundle/33d34b6a-afaf-47d9-8848-366768bd429a"
        },
        "name": "Vulcan FHIR Japanese Package Insert Test - Aromasin (exemestane) Tablets 25 mg",
        "description": "Instance of exemestane tablets JPI for Connectathon testing",
        "exampleBoolean": true
      },
      {
        "extension": [
          {
            "url": "http://hl7.org/fhir/tools/StructureDefinition/resource-information",
            "valueString": "Composition"
          }
        ],
        "reference": {
          "reference": "Composition/363cbf4a-9c4d-442a-af67-b72a1225ca28"
        },
        "name": "363cbf4a-9c4d-442a-af67-b72a1225ca28",
        "description": "Package Leaflet",
        "exampleCanonical": "http://hl7.eu/fhir/ig/gravitate-health/StructureDefinition/Composition-uv-epi"
      },
      {
        "extension": [
          {
            "url": "http://hl7.org/fhir/tools/StructureDefinition/resource-information",
            "valueString": "PackagedProductDefinition"
          }
        ],
        "reference": {
          "reference": "PackagedProductDefinition/39151aef-f61a-40cb-86fc-d0e556fa07ef"
        },
        "name": "39151aef-f61a-40cb-86fc-d0e556fa07ef",
        "description": "28 tablets [14 tablets (PTP) x 2]",
        "exampleCanonical": "http://hl7.eu/fhir/ig/gravitate-health/StructureDefinition/PackagedProductDefinition-uv-epi"
      },
      {
        "extension": [
          {
            "url": "http://hl7.org/fhir/tools/StructureDefinition/resource-information",
            "valueString": "PackagedProductDefinition"
          }
        ],
        "reference": {
          "reference": "PackagedProductDefinition/39307d03-7ff4-4c0d-9326-36de7beb7cad"
        },
        "name": "39307d03-7ff4-4c0d-9326-36de7beb7cad",
        "description": "140 tablets [14 tablets (PTP) x 10]",
        "exampleCanonical": "http://hl7.eu/fhir/ig/gravitate-health/StructureDefinition/PackagedProductDefinition-uv-epi"
      },
      {
        "extension": [
          {
            "url": "http://hl7.org/fhir/tools/StructureDefinition/resource-information",
            "valueString": "Ingredient"
          }
        ],
        "reference": {
          "reference": "Ingredient/41089f24-89ce-4fda-a038-70f3cd28ab06"
        },
        "name": "41089f24-89ce-4fda-a038-70f3cd28ab06",
        "description": "EXEMESTANE",
        "exampleCanonical": "http://hl7.eu/fhir/ig/gravitate-health/StructureDefinition/Ingredient-uv-epi"
      },
      {
        "extension": [
          {
            "url": "http://hl7.org/fhir/tools/StructureDefinition/resource-information",
            "valueString": "Ingredient"
          }
        ],
        "reference": {
          "reference": "Ingredient/42a65fd0-6ba9-4b81-9cc2-4c9754d56a95"
        },
        "name": "42a65fd0-6ba9-4b81-9cc2-4c9754d56a95",
        "description": "talc",
        "exampleCanonical": "http://hl7.eu/fhir/ig/gravitate-health/StructureDefinition/Ingredient-uv-epi"
      },
      {
        "extension": [
          {
            "url": "http://hl7.org/fhir/tools/StructureDefinition/resource-information",
            "valueString": "RegulatedAuthorization"
          }
        ],
        "reference": {
          "reference": "RegulatedAuthorization/56b3b73e-dba0-4447-b8cd-1e24ed637017"
        },
        "name": "56b3b73e-dba0-4447-b8cd-1e24ed637017",
        "description": "Regulated Authorization",
        "exampleCanonical": "http://hl7.eu/fhir/ig/gravitate-health/StructureDefinition/RegulatedAuthorization-uv-epi"
      },
      {
        "extension": [
          {
            "url": "http://hl7.org/fhir/tools/StructureDefinition/resource-information",
            "valueString": "Ingredient"
          }
        ],
        "reference": {
          "reference": "Ingredient/570a14b4-3e58-4afc-9cc1-4d4b38bcd485"
        },
        "name": "570a14b4-3e58-4afc-9cc1-4d4b38bcd485",
        "description": "METHYLPARABEN",
        "exampleCanonical": "http://hl7.eu/fhir/ig/gravitate-health/StructureDefinition/Ingredient-uv-epi"
      },
      {
        "extension": [
          {
            "url": "http://hl7.org/fhir/tools/StructureDefinition/resource-information",
            "valueString": "Ingredient"
          }
        ],
        "reference": {
          "reference": "Ingredient/5a574ff2-f3e6-4aaa-8d3c-27e6ab343533"
        },
        "name": "5a574ff2-f3e6-4aaa-8d3c-27e6ab343533",
        "description": "EXEMESTANE",
        "exampleCanonical": "http://hl7.eu/fhir/ig/gravitate-health/StructureDefinition/Ingredient-uv-epi"
      },
      {
        "extension": [
          {
            "url": "http://hl7.org/fhir/tools/StructureDefinition/resource-information",
            "valueString": "Ingredient"
          }
        ],
        "reference": {
          "reference": "Ingredient/5acc6759-a7f7-4380-ab2e-ad72e8587598"
        },
        "name": "5acc6759-a7f7-4380-ab2e-ad72e8587598",
        "description": "MAGNESIUM STEARATE",
        "exampleCanonical": "http://hl7.eu/fhir/ig/gravitate-health/StructureDefinition/Ingredient-uv-epi"
      },
      {
        "extension": [
          {
            "url": "http://hl7.org/fhir/tools/StructureDefinition/resource-information",
            "valueString": "Ingredient"
          }
        ],
        "reference": {
          "reference": "Ingredient/5f2c1669-3991-4cc2-b252-958b738d5df8"
        },
        "name": "5f2c1669-3991-4cc2-b252-958b738d5df8",
        "description": "METHYLPARABEN",
        "exampleCanonical": "http://hl7.eu/fhir/ig/gravitate-health/StructureDefinition/Ingredient-uv-epi"
      },
      {
        "extension": [
          {
            "url": "http://hl7.org/fhir/tools/StructureDefinition/resource-information",
            "valueString": "Ingredient"
          }
        ],
        "reference": {
          "reference": "Ingredient/65bb58dd-b083-4cd3-892f-60fed75967d5"
        },
        "name": "65bb58dd-b083-4cd3-892f-60fed75967d5",
        "description": "POLYSORBATE 80",
        "exampleCanonical": "http://hl7.eu/fhir/ig/gravitate-health/StructureDefinition/Ingredient-uv-epi"
      },
      {
        "extension": [
          {
            "url": "http://hl7.org/fhir/tools/StructureDefinition/resource-information",
            "valueString": "Ingredient"
          }
        ],
        "reference": {
          "reference": "Ingredient/6708560e-135d-4b2a-afde-9e3b03f27939"
        },
        "name": "6708560e-135d-4b2a-afde-9e3b03f27939",
        "description": "POLYSORBATE 80",
        "exampleCanonical": "http://hl7.eu/fhir/ig/gravitate-health/StructureDefinition/Ingredient-uv-epi"
      },
      {
        "extension": [
          {
            "url": "http://hl7.org/fhir/tools/StructureDefinition/resource-information",
            "valueString": "Ingredient"
          }
        ],
        "reference": {
          "reference": "Ingredient/733fb580-1139-4188-aff8-ad6efe243555"
        },
        "name": "733fb580-1139-4188-aff8-ad6efe243555",
        "description": "POLYVINYL ALCOHOL, UNSPECIFIED",
        "exampleCanonical": "http://hl7.eu/fhir/ig/gravitate-health/StructureDefinition/Ingredient-uv-epi"
      },
      {
        "extension": [
          {
            "url": "http://hl7.org/fhir/tools/StructureDefinition/resource-information",
            "valueString": "ManufacturedItemDefinition"
          }
        ],
        "reference": {
          "reference": "ManufacturedItemDefinition/7460b712-82ad-4cce-a756-90b0fa04896c"
        },
        "name": "7460b712-82ad-4cce-a756-90b0fa04896c",
        "description": "Manufactured Item - Aromasin (exemestane) Tablets 25 mg",
        "exampleCanonical": "http://hl7.eu/fhir/ig/gravitate-health/StructureDefinition/ManufacturedItemDefinition-uv-epi"
      },
      {
        "extension": [
          {
            "url": "http://hl7.org/fhir/tools/StructureDefinition/resource-information",
            "valueString": "Ingredient"
          }
        ],
        "reference": {
          "reference": "Ingredient/77f5c3de-eeb4-441f-b37b-f66a4a9bfdc7"
        },
        "name": "77f5c3de-eeb4-441f-b37b-f66a4a9bfdc7",
        "description": "MAGNESIUM CARBONATE",
        "exampleCanonical": "http://hl7.eu/fhir/ig/gravitate-health/StructureDefinition/Ingredient-uv-epi"
      },
      {
        "extension": [
          {
            "url": "http://hl7.org/fhir/tools/StructureDefinition/resource-information",
            "valueString": "Ingredient"
          }
        ],
        "reference": {
          "reference": "Ingredient/7b23dea1-ce14-4c13-8004-f297bb75eda0"
        },
        "name": "7b23dea1-ce14-4c13-8004-f297bb75eda0",
        "description": "MANNITOL",
        "exampleCanonical": "http://hl7.eu/fhir/ig/gravitate-health/StructureDefinition/Ingredient-uv-epi"
      },
      {
        "extension": [
          {
            "url": "http://hl7.org/fhir/tools/StructureDefinition/resource-information",
            "valueString": "Organization"
          }
        ],
        "reference": {
          "reference": "Organization/7f257409-3b65-401d-a246-7ae51e298fbb"
        },
        "name": "7f257409-3b65-401d-a246-7ae51e298fbb",
        "description": "Marketing Authorization Holder",
        "exampleCanonical": "http://hl7.eu/fhir/ig/gravitate-health/StructureDefinition/Organization-uv-epi"
      },
      {
        "extension": [
          {
            "url": "http://hl7.org/fhir/tools/StructureDefinition/resource-information",
            "valueString": "Ingredient"
          }
        ],
        "reference": {
          "reference": "Ingredient/854be59d-070a-44d7-a82e-bbb83200dc6a"
        },
        "name": "854be59d-070a-44d7-a82e-bbb83200dc6a",
        "description": "TITANIUM DIOXIDE ",
        "exampleCanonical": "http://hl7.eu/fhir/ig/gravitate-health/StructureDefinition/Ingredient-uv-epi"
      },
      {
        "extension": [
          {
            "url": "http://hl7.org/fhir/tools/StructureDefinition/resource-information",
            "valueString": "Organization"
          }
        ],
        "reference": {
          "reference": "Organization/85c5d81e-9d5a-4a15-8b9d-42bbbe0409c8"
        },
        "name": "85c5d81e-9d5a-4a15-8b9d-42bbbe0409c8",
        "description": "Marketing Authorization Holder",
        "exampleCanonical": "http://hl7.eu/fhir/ig/gravitate-health/StructureDefinition/Organization-uv-epi"
      },
      {
        "extension": [
          {
            "url": "http://hl7.org/fhir/tools/StructureDefinition/resource-information",
            "valueString": "Ingredient"
          }
        ],
        "reference": {
          "reference": "Ingredient/86746372-3005-4ba0-a2d0-bcd0d55e56a0"
        },
        "name": "86746372-3005-4ba0-a2d0-bcd0d55e56a0",
        "description": "SILICON DIOXIDE",
        "exampleCanonical": "http://hl7.eu/fhir/ig/gravitate-health/StructureDefinition/Ingredient-uv-epi"
      },
      {
        "extension": [
          {
            "url": "http://hl7.org/fhir/tools/StructureDefinition/resource-information",
            "valueString": "Ingredient"
          }
        ],
        "reference": {
          "reference": "Ingredient/868c0677-e53b-4f0d-a6aa-a7473756b8e9"
        },
        "name": "868c0677-e53b-4f0d-a6aa-a7473756b8e9",
        "description": "MANNITOL",
        "exampleCanonical": "http://hl7.eu/fhir/ig/gravitate-health/StructureDefinition/Ingredient-uv-epi"
      },
      {
        "extension": [
          {
            "url": "http://hl7.org/fhir/tools/StructureDefinition/resource-information",
            "valueString": "AdministrableProductDefinition"
          }
        ],
        "reference": {
          "reference": "AdministrableProductDefinition/8cf05f7c-481d-4bd6-9a7c-9ca3275601c3"
        },
        "name": "8cf05f7c-481d-4bd6-9a7c-9ca3275601c3",
        "description": "Aromasin (exemestane) Tablets 25 mg",
        "exampleCanonical": "http://hl7.eu/fhir/ig/gravitate-health/StructureDefinition/AdministrableProductDefinition-uv-epi"
      },
      {
        "extension": [
          {
            "url": "http://hl7.org/fhir/tools/StructureDefinition/resource-information",
            "valueString": "Ingredient"
          }
        ],
        "reference": {
          "reference": "Ingredient/8d6832f1-7d1d-483b-a0fd-879d531681fb"
        },
        "name": "8d6832f1-7d1d-483b-a0fd-879d531681fb",
        "description": "SODIUM STARCH GLYCOLATE TYPE A POTATO",
        "exampleCanonical": "http://hl7.eu/fhir/ig/gravitate-health/StructureDefinition/Ingredient-uv-epi"
      },
      {
        "extension": [
          {
            "url": "http://hl7.org/fhir/tools/StructureDefinition/resource-information",
            "valueString": "PackagedProductDefinition"
          }
        ],
        "reference": {
          "reference": "PackagedProductDefinition/99d32917-3fd8-434b-bd1f-195a462326c1"
        },
        "name": "99d32917-3fd8-434b-bd1f-195a462326c1",
        "description": "140 tablets [14 tablets (PTP) x 10]",
        "exampleCanonical": "http://hl7.eu/fhir/ig/gravitate-health/StructureDefinition/PackagedProductDefinition-uv-epi"
      },
      {
        "extension": [
          {
            "url": "http://hl7.org/fhir/tools/StructureDefinition/resource-information",
            "valueString": "Ingredient"
          }
        ],
        "reference": {
          "reference": "Ingredient/9df66779-105d-4df6-b920-a3d134cec967"
        },
        "name": "9df66779-105d-4df6-b920-a3d134cec967",
        "description": "POLYVINYL ALCOHOL, UNSPECIFIED",
        "exampleCanonical": "http://hl7.eu/fhir/ig/gravitate-health/StructureDefinition/Ingredient-uv-epi"
      },
      {
        "extension": [
          {
            "url": "http://hl7.org/fhir/tools/StructureDefinition/resource-information",
            "valueString": "Ingredient"
          }
        ],
        "reference": {
          "reference": "Ingredient/aba217d4-5bc4-4690-b100-401cae4390ed"
        },
        "name": "aba217d4-5bc4-4690-b100-401cae4390ed",
        "description": "light anhydrous silicic acid",
        "exampleCanonical": "http://hl7.eu/fhir/ig/gravitate-health/StructureDefinition/Ingredient-uv-epi"
      },
      {
        "extension": [
          {
            "url": "http://hl7.org/fhir/tools/StructureDefinition/resource-information",
            "valueString": "Ingredient"
          }
        ],
        "reference": {
          "reference": "Ingredient/aceb61f1-4030-458c-996c-3707c919a0e2"
        },
        "name": "aceb61f1-4030-458c-996c-3707c919a0e2",
        "description": "crystalline cellulose",
        "exampleCanonical": "http://hl7.eu/fhir/ig/gravitate-health/StructureDefinition/Ingredient-uv-epi"
      },
      {
        "extension": [
          {
            "url": "http://hl7.org/fhir/tools/StructureDefinition/resource-information",
            "valueString": "Ingredient"
          }
        ],
        "reference": {
          "reference": "Ingredient/ad9f21be-db44-4f3d-80fb-8d61722ef070"
        },
        "name": "ad9f21be-db44-4f3d-80fb-8d61722ef070",
        "description": "MAGNESIUM STEARATE",
        "exampleCanonical": "http://hl7.eu/fhir/ig/gravitate-health/StructureDefinition/Ingredient-uv-epi"
      },
      {
        "extension": [
          {
            "url": "http://hl7.org/fhir/tools/StructureDefinition/resource-information",
            "valueString": "Ingredient"
          }
        ],
        "reference": {
          "reference": "Ingredient/b254f961-61ca-43f9-b3f9-5b0b5d4406a9"
        },
        "name": "b254f961-61ca-43f9-b3f9-5b0b5d4406a9",
        "description": "SODIUM STARCH GLYCOLATE TYPE A POTATO",
        "exampleCanonical": "http://hl7.eu/fhir/ig/gravitate-health/StructureDefinition/Ingredient-uv-epi"
      },
      {
        "extension": [
          {
            "url": "http://hl7.org/fhir/tools/StructureDefinition/resource-information",
            "valueString": "Ingredient"
          }
        ],
        "reference": {
          "reference": "Ingredient/b3773440-614c-4007-bc1c-2fec305b6b81"
        },
        "name": "b3773440-614c-4007-bc1c-2fec305b6b81",
        "description": "Carnauba wax",
        "exampleCanonical": "http://hl7.eu/fhir/ig/gravitate-health/StructureDefinition/Ingredient-uv-epi"
      },
      {
        "extension": [
          {
            "url": "http://hl7.org/fhir/tools/StructureDefinition/resource-information",
            "valueString": "PackagedProductDefinition"
          }
        ],
        "reference": {
          "reference": "PackagedProductDefinition/bb536b04-39f1-4e0a-a723-e9079fd5e994"
        },
        "name": "bb536b04-39f1-4e0a-a723-e9079fd5e994",
        "description": "28 tablets [14 tablets (PTP) x 2]",
        "exampleCanonical": "http://hl7.eu/fhir/ig/gravitate-health/StructureDefinition/PackagedProductDefinition-uv-epi"
      },
      {
        "extension": [
          {
            "url": "http://hl7.org/fhir/tools/StructureDefinition/resource-information",
            "valueString": "Ingredient"
          }
        ],
        "reference": {
          "reference": "Ingredient/c33a68c8-aecc-4556-8632-e2f3f7ba5b5a"
        },
        "name": "c33a68c8-aecc-4556-8632-e2f3f7ba5b5a",
        "description": "POLYETHYLENE GLYCOL 6000",
        "exampleCanonical": "http://hl7.eu/fhir/ig/gravitate-health/StructureDefinition/Ingredient-uv-epi"
      },
      {
        "extension": [
          {
            "url": "http://hl7.org/fhir/tools/StructureDefinition/resource-information",
            "valueString": "Ingredient"
          }
        ],
        "reference": {
          "reference": "Ingredient/c5a3cb57-3f3e-4309-ae34-0926300de57e"
        },
        "name": "c5a3cb57-3f3e-4309-ae34-0926300de57e",
        "description": "SUCROSE",
        "exampleCanonical": "http://hl7.eu/fhir/ig/gravitate-health/StructureDefinition/Ingredient-uv-epi"
      },
      {
        "extension": [
          {
            "url": "http://hl7.org/fhir/tools/StructureDefinition/resource-information",
            "valueString": "Ingredient"
          }
        ],
        "reference": {
          "reference": "Ingredient/cbb53556-9c1f-4fa7-b2af-2eea988dee2d"
        },
        "name": "cbb53556-9c1f-4fa7-b2af-2eea988dee2d",
        "description": "TITANIUM DIOXIDE ",
        "exampleCanonical": "http://hl7.eu/fhir/ig/gravitate-health/StructureDefinition/Ingredient-uv-epi"
      },
      {
        "extension": [
          {
            "url": "http://hl7.org/fhir/tools/StructureDefinition/resource-information",
            "valueString": "Ingredient"
          }
        ],
        "reference": {
          "reference": "Ingredient/cc5753cd-e648-47d2-a135-503cd8a3e1da"
        },
        "name": "cc5753cd-e648-47d2-a135-503cd8a3e1da",
        "description": "HYPROMELLOSE, UNSPECIFIED ",
        "exampleCanonical": "http://hl7.eu/fhir/ig/gravitate-health/StructureDefinition/Ingredient-uv-epi"
      },
      {
        "extension": [
          {
            "url": "http://hl7.org/fhir/tools/StructureDefinition/resource-information",
            "valueString": "Ingredient"
          }
        ],
        "reference": {
          "reference": "Ingredient/cfsb0943822318036"
        },
        "name": "cfsb0943822318036",
        "description": "Zinc Oxide",
        "exampleBoolean": true
      },
      {
        "extension": [
          {
            "url": "http://hl7.org/fhir/tools/StructureDefinition/resource-information",
            "valueString": "Ingredient"
          }
        ],
        "reference": {
          "reference": "Ingredient/cfsb0965848064378"
        },
        "name": "cfsb0965848064378",
        "description": "Sodium Hydroxide",
        "exampleBoolean": true
      },
      {
        "extension": [
          {
            "url": "http://hl7.org/fhir/tools/StructureDefinition/resource-information",
            "valueString": "ManufacturedItemDefinition"
          }
        ],
        "reference": {
          "reference": "ManufacturedItemDefinition/cfsb1210909903210"
        },
        "name": "cfsb1210909903210",
        "description": "Manufactured Item",
        "exampleBoolean": true
      },
      {
        "extension": [
          {
            "url": "http://hl7.org/fhir/tools/StructureDefinition/resource-information",
            "valueString": "RegulatedAuthorization"
          }
        ],
        "reference": {
          "reference": "RegulatedAuthorization/cfsb1529720709344"
        },
        "name": "cfsb1529720709344",
        "description": "Regulated Authorization",
        "exampleBoolean": true
      },
      {
        "extension": [
          {
            "url": "http://hl7.org/fhir/tools/StructureDefinition/resource-information",
            "valueString": "AdministrableProductDefinition"
          }
        ],
        "reference": {
          "reference": "AdministrableProductDefinition/cfsb1640606978608"
        },
        "name": "cfsb1640606978608",
        "description": "Humalog 100 U/ml 5 pre-filled pen",
        "exampleBoolean": true
      },
      {
        "extension": [
          {
            "url": "http://hl7.org/fhir/tools/StructureDefinition/resource-information",
            "valueString": "Ingredient"
          }
        ],
        "reference": {
          "reference": "Ingredient/cfsb1640607635665"
        },
        "name": "cfsb1640607635665",
        "description": "Insulin Lispro",
        "exampleBoolean": true
      },
      {
        "extension": [
          {
            "url": "http://hl7.org/fhir/tools/StructureDefinition/resource-information",
            "valueString": "ManufacturedItemDefinition"
          }
        ],
        "reference": {
          "reference": "ManufacturedItemDefinition/cfsb1640777487408"
        },
        "name": "cfsb1640777487408",
        "description": "Manufactured Item",
        "exampleBoolean": true
      },
      {
        "extension": [
          {
            "url": "http://hl7.org/fhir/tools/StructureDefinition/resource-information",
            "valueString": "Ingredient"
          }
        ],
        "reference": {
          "reference": "Ingredient/cfsb1640780048702"
        },
        "name": "cfsb1640780048702",
        "description": "Glycerol",
        "exampleBoolean": true
      },
      {
        "extension": [
          {
            "url": "http://hl7.org/fhir/tools/StructureDefinition/resource-information",
            "valueString": "Ingredient"
          }
        ],
        "reference": {
          "reference": "Ingredient/cfsb1640780419325"
        },
        "name": "cfsb1640780419325",
        "description": "metacresol",
        "exampleBoolean": true
      },
      {
        "extension": [
          {
            "url": "http://hl7.org/fhir/tools/StructureDefinition/resource-information",
            "valueString": "Ingredient"
          }
        ],
        "reference": {
          "reference": "Ingredient/cfsb1640780546710"
        },
        "name": "cfsb1640780546710",
        "description": "Trometamol",
        "exampleBoolean": true
      },
      {
        "extension": [
          {
            "url": "http://hl7.org/fhir/tools/StructureDefinition/resource-information",
            "valueString": "Ingredient"
          }
        ],
        "reference": {
          "reference": "Ingredient/cfsb1640780625902"
        },
        "name": "cfsb1640780625902",
        "description": "Zinc Oxide",
        "exampleBoolean": true
      },
      {
        "extension": [
          {
            "url": "http://hl7.org/fhir/tools/StructureDefinition/resource-information",
            "valueString": "Ingredient"
          }
        ],
        "reference": {
          "reference": "Ingredient/cfsb1640780743829"
        },
        "name": "cfsb1640780743829",
        "description": "Water for injections",
        "exampleBoolean": true
      },
      {
        "extension": [
          {
            "url": "http://hl7.org/fhir/tools/StructureDefinition/resource-information",
            "valueString": "Ingredient"
          }
        ],
        "reference": {
          "reference": "Ingredient/cfsb1640780784213"
        },
        "name": "cfsb1640780784213",
        "description": "Hydrochloric acid",
        "exampleBoolean": true
      },
      {
        "extension": [
          {
            "url": "http://hl7.org/fhir/tools/StructureDefinition/resource-information",
            "valueString": "Ingredient"
          }
        ],
        "reference": {
          "reference": "Ingredient/cfsb1640780830373"
        },
        "name": "cfsb1640780830373",
        "description": "Sodium Hydroxide",
        "exampleBoolean": true
      },
      {
        "extension": [
          {
            "url": "http://hl7.org/fhir/tools/StructureDefinition/resource-information",
            "valueString": "PackagedProductDefinition"
          }
        ],
        "reference": {
          "reference": "PackagedProductDefinition/cfsb1640781499340"
        },
        "name": "cfsb1640781499340",
        "description": "5 pre-filled pens, 3 ml (3.5 mg/ml)",
        "exampleBoolean": true
      },
      {
        "extension": [
          {
            "url": "http://hl7.org/fhir/tools/StructureDefinition/resource-information",
            "valueString": "RegulatedAuthorization"
          }
        ],
        "reference": {
          "reference": "RegulatedAuthorization/cfsb1640870220343"
        },
        "name": "cfsb1640870220343",
        "description": "Regulated Authorization",
        "exampleBoolean": true
      },
      {
        "extension": [
          {
            "url": "http://hl7.org/fhir/tools/StructureDefinition/resource-information",
            "valueString": "Organization"
          }
        ],
        "reference": {
          "reference": "Organization/cfsb1640870284639"
        },
        "name": "cfsb1640870284639",
        "description": "Marketing Authorization Holder",
        "exampleCanonical": "http://hl7.eu/fhir/ig/gravitate-health/StructureDefinition/Organization-uv-epi"
      },
      {
        "extension": [
          {
            "url": "http://hl7.org/fhir/tools/StructureDefinition/resource-information",
            "valueString": "Organization"
          }
        ],
        "reference": {
          "reference": "Organization/cfsb1640870328895"
        },
        "name": "cfsb1640870328895",
        "description": "Manufacturer",
        "exampleCanonical": "http://hl7.eu/fhir/ig/gravitate-health/StructureDefinition/Organization-uv-epi"
      },
      {
        "extension": [
          {
            "url": "http://hl7.org/fhir/tools/StructureDefinition/resource-information",
            "valueString": "MedicinalProductDefinition"
          }
        ],
        "reference": {
          "reference": "MedicinalProductDefinition/cfsb1641212233583"
        },
        "name": "cfsb1641212233583",
        "description": "EU/1/96/007/035 Humalog Mix50 Insulin KwikPen, 3ml pre-fill",
        "exampleBoolean": true
      },
      {
        "extension": [
          {
            "url": "http://hl7.org/fhir/tools/StructureDefinition/resource-information",
            "valueString": "Organization"
          }
        ],
        "reference": {
          "reference": "Organization/cfsb1641381635293"
        },
        "name": "cfsb1641381635293",
        "description": "Manufaturer API",
        "exampleCanonical": "http://hl7.eu/fhir/ig/gravitate-health/StructureDefinition/Organization-uv-epi"
      },
      {
        "extension": [
          {
            "url": "http://hl7.org/fhir/tools/StructureDefinition/resource-information",
            "valueString": "Composition"
          }
        ],
        "reference": {
          "reference": "Composition/cfsb1641383289499"
        },
        "name": "cfsb1641383289499",
        "description": "Package Leaflet",
        "exampleBoolean": true
      },
      {
        "extension": [
          {
            "url": "http://hl7.org/fhir/tools/StructureDefinition/resource-information",
            "valueString": "Bundle"
          }
        ],
        "reference": {
          "reference": "Bundle/cfsb1641827801260"
        },
        "name": "Vulcan Humalog FHIR Package Insert",
        "description": "Instance of Humalog package insert for Connectathon testing",
        "exampleBoolean": true
      },
      {
        "extension": [
          {
            "url": "http://hl7.org/fhir/tools/StructureDefinition/resource-information",
            "valueString": "Organization"
          }
        ],
        "reference": {
          "reference": "Organization/cfsb1950833461423"
        },
        "name": "cfsb1950833461423",
        "description": "Manufaturer API",
        "exampleCanonical": "http://hl7.eu/fhir/ig/gravitate-health/StructureDefinition/Organization-uv-epi"
      },
      {
        "extension": [
          {
            "url": "http://hl7.org/fhir/tools/StructureDefinition/resource-information",
            "valueString": "PackagedProductDefinition"
          }
        ],
        "reference": {
          "reference": "PackagedProductDefinition/cfsb2466848736985"
        },
        "name": "cfsb2466848736985",
        "description": "5 pre-filled pens, 3 ml (3.5 mg/ml)",
        "exampleBoolean": true
      },
      {
        "extension": [
          {
            "url": "http://hl7.org/fhir/tools/StructureDefinition/resource-information",
            "valueString": "Ingredient"
          }
        ],
        "reference": {
          "reference": "Ingredient/cfsb2603878086630"
        },
        "name": "cfsb2603878086630",
        "description": "metacresol",
        "exampleBoolean": true
      },
      {
        "extension": [
          {
            "url": "http://hl7.org/fhir/tools/StructureDefinition/resource-information",
            "valueString": "Bundle"
          }
        ],
        "reference": {
          "reference": "Bundle/cfsb2705555581978"
        },
        "name": "Vulcan Humalog FHIR Package Insert EMA v1",
        "description": "Instance of Humalog package insert for Connectathon testing",
        "exampleBoolean": true
      },
      {
        "extension": [
          {
            "url": "http://hl7.org/fhir/tools/StructureDefinition/resource-information",
            "valueString": "AdministrableProductDefinition"
          }
        ],
        "reference": {
          "reference": "AdministrableProductDefinition/cfsb3624842689213"
        },
        "name": "cfsb3624842689213",
        "description": "Humalog 100 U/ml 5 pre-filled pen",
        "exampleBoolean": true
      },
      {
        "extension": [
          {
            "url": "http://hl7.org/fhir/tools/StructureDefinition/resource-information",
            "valueString": "List"
          }
        ],
        "reference": {
          "reference": "List/cfsb3868575536701"
        },
        "name": "Vulcan Humalog FHIR Package Insert List",
        "description": "List of Humalog package inserts for Connectathon testing",
        "exampleBoolean": true
      },
      {
        "extension": [
          {
            "url": "http://hl7.org/fhir/tools/StructureDefinition/resource-information",
            "valueString": "Composition"
          }
        ],
        "reference": {
          "reference": "Composition/cfsb3957159408517"
        },
        "name": "cfsb3957159408517",
        "description": "Package Leaflet",
        "exampleBoolean": true
      },
      {
        "extension": [
          {
            "url": "http://hl7.org/fhir/tools/StructureDefinition/resource-information",
            "valueString": "Bundle"
          }
        ],
        "reference": {
          "reference": "Bundle/cfsb5408804803222"
        },
        "name": "Vulcan Humalog FHIR Package Insert EMA v2",
        "description": "Instance of Humalog package insert for Connectathon testing",
        "exampleBoolean": true
      },
      {
        "extension": [
          {
            "url": "http://hl7.org/fhir/tools/StructureDefinition/resource-information",
            "valueString": "Ingredient"
          }
        ],
        "reference": {
          "reference": "Ingredient/cfsb5825971594998"
        },
        "name": "cfsb5825971594998",
        "description": "Water for injections",
        "exampleBoolean": true
      },
      {
        "extension": [
          {
            "url": "http://hl7.org/fhir/tools/StructureDefinition/resource-information",
            "valueString": "Ingredient"
          }
        ],
        "reference": {
          "reference": "Ingredient/cfsb6320144064544"
        },
        "name": "cfsb6320144064544",
        "description": "Insulin Lispro",
        "exampleBoolean": true
      },
      {
        "extension": [
          {
            "url": "http://hl7.org/fhir/tools/StructureDefinition/resource-information",
            "valueString": "Ingredient"
          }
        ],
        "reference": {
          "reference": "Ingredient/cfsb6349319941521"
        },
        "name": "cfsb6349319941521",
        "description": "Trometamol",
        "exampleBoolean": true
      },
      {
        "extension": [
          {
            "url": "http://hl7.org/fhir/tools/StructureDefinition/resource-information",
            "valueString": "Composition"
          }
        ],
        "reference": {
          "reference": "Composition/cfsb7223870858596"
        },
        "name": "cfsb7223870858596",
        "description": "Package Leaflet",
        "exampleBoolean": true
      },
      {
        "extension": [
          {
            "url": "http://hl7.org/fhir/tools/StructureDefinition/resource-information",
            "valueString": "MedicinalProductDefinition"
          }
        ],
        "reference": {
          "reference": "MedicinalProductDefinition/cfsb7543491765740"
        },
        "name": "cfsb7543491765740",
        "description": "EU/1/96/007/035 Humalog Mix50 Insulin KwikPen, 3ml pre-fill",
        "exampleBoolean": true
      },
      {
        "extension": [
          {
            "url": "http://hl7.org/fhir/tools/StructureDefinition/resource-information",
            "valueString": "Ingredient"
          }
        ],
        "reference": {
          "reference": "Ingredient/cfsb8374942483045"
        },
        "name": "cfsb8374942483045",
        "description": "Hydrochloric acid",
        "exampleBoolean": true
      },
      {
        "extension": [
          {
            "url": "http://hl7.org/fhir/tools/StructureDefinition/resource-information",
            "valueString": "Ingredient"
          }
        ],
        "reference": {
          "reference": "Ingredient/cfsb8743912652556"
        },
        "name": "cfsb8743912652556",
        "description": "Glycerol",
        "exampleBoolean": true
      },
      {
        "extension": [
          {
            "url": "http://hl7.org/fhir/tools/StructureDefinition/resource-information",
            "valueString": "Organization"
          }
        ],
        "reference": {
          "reference": "Organization/cfsb8820228934589"
        },
        "name": "cfsb8820228934589",
        "description": "Manufacturer",
        "exampleCanonical": "http://hl7.eu/fhir/ig/gravitate-health/StructureDefinition/Organization-uv-epi"
      },
      {
        "extension": [
          {
            "url": "http://hl7.org/fhir/tools/StructureDefinition/resource-information",
            "valueString": "Organization"
          }
        ],
        "reference": {
          "reference": "Organization/cfsb9935015469452"
        },
        "name": "cfsb9935015469452",
        "description": "Marketing Authorization Holder",
        "exampleCanonical": "http://hl7.eu/fhir/ig/gravitate-health/StructureDefinition/Organization-uv-epi"
      },
      {
        "extension": [
          {
            "url": "http://hl7.org/fhir/tools/StructureDefinition/resource-information",
            "valueString": "Composition"
          }
        ],
        "reference": {
          "reference": "Composition/d19473ec-d66c-443d-bd8f-31398daaffee"
        },
        "name": "d19473ec-d66c-443d-bd8f-31398daaffee",
        "description": "Package Leaflet",
        "exampleCanonical": "http://hl7.eu/fhir/ig/gravitate-health/StructureDefinition/Composition-uv-epi"
      },
      {
        "extension": [
          {
            "url": "http://hl7.org/fhir/tools/StructureDefinition/resource-information",
            "valueString": "AdministrableProductDefinition"
          }
        ],
        "reference": {
          "reference": "AdministrableProductDefinition/d43df7b9-7815-4eb5-8350-945e4b77d46b"
        },
        "name": "d43df7b9-7815-4eb5-8350-945e4b77d46b",
        "description": "Aromasin (exemestane) Tablets 25 mg",
        "exampleCanonical": "http://hl7.eu/fhir/ig/gravitate-health/StructureDefinition/AdministrableProductDefinition-uv-epi"
      },
      {
        "extension": [
          {
            "url": "http://hl7.org/fhir/tools/StructureDefinition/resource-information",
            "valueString": "Ingredient"
          }
        ],
        "reference": {
          "reference": "Ingredient/d8d6a066-5358-42b2-ab97-de99c90af141"
        },
        "name": "d8d6a066-5358-42b2-ab97-de99c90af141",
        "description": "synthetic wax",
        "exampleCanonical": "http://hl7.eu/fhir/ig/gravitate-health/StructureDefinition/Ingredient-uv-epi"
      },
      {
        "extension": [
          {
            "url": "http://hl7.org/fhir/tools/StructureDefinition/resource-information",
            "valueString": "Ingredient"
          }
        ],
        "reference": {
          "reference": "Ingredient/db5e392b-e7b2-47dc-829c-ee5182986dca"
        },
        "name": "db5e392b-e7b2-47dc-829c-ee5182986dca",
        "description": "MAGNESIUM CARBONATE",
        "exampleCanonical": "http://hl7.eu/fhir/ig/gravitate-health/StructureDefinition/Ingredient-uv-epi"
      },
      {
        "extension": [
          {
            "url": "http://hl7.org/fhir/tools/StructureDefinition/resource-information",
            "valueString": "Ingredient"
          }
        ],
        "reference": {
          "reference": "Ingredient/e057aea0-3ef3-4cd8-8a33-fa73c6df1602"
        },
        "name": "e057aea0-3ef3-4cd8-8a33-fa73c6df1602",
        "description": "talc",
        "exampleCanonical": "http://hl7.eu/fhir/ig/gravitate-health/StructureDefinition/Ingredient-uv-epi"
      },
      {
        "extension": [
          {
            "url": "http://hl7.org/fhir/tools/StructureDefinition/resource-information",
            "valueString": "MedicinalProductDefinition"
          }
        ],
        "reference": {
          "reference": "MedicinalProductDefinition/f1b25777-da7a-4a35-98af-ab18d3246d54"
        },
        "name": "f1b25777-da7a-4a35-98af-ab18d3246d54",
        "description": "Aromasin (exemestane) Tablets 25 mg",
        "exampleCanonical": "http://hl7.eu/fhir/ig/gravitate-health/StructureDefinition/MedicinalProductDefinition-uv-epi"
      },
      {
        "extension": [
          {
            "url": "http://hl7.org/fhir/tools/StructureDefinition/resource-information",
            "valueString": "Bundle"
          }
        ],
        "reference": {
          "reference": "Bundle/f237a390-9fda-42e9-a62d-1ba5079be192"
        },
        "name": "Vulcan FHIR USA Patient Package Insert Test - Aromasin (exemestane) Tablets 25 mg",
        "description": "Instance of exemestane tablets JPI for Connectathon testing",
        "exampleBoolean": true
      },
      {
        "extension": [
          {
            "url": "http://hl7.org/fhir/tools/StructureDefinition/resource-information",
            "valueString": "Ingredient"
          }
        ],
        "reference": {
          "reference": "Ingredient/f35c1543-e4e2-4215-b91c-f092b1fb9655"
        },
        "name": "f35c1543-e4e2-4215-b91c-f092b1fb9655",
        "description": "Carnauba wax",
        "exampleCanonical": "http://hl7.eu/fhir/ig/gravitate-health/StructureDefinition/Ingredient-uv-epi"
      },
      {
        "extension": [
          {
            "url": "http://hl7.org/fhir/tools/StructureDefinition/resource-information",
            "valueString": "Ingredient"
          }
        ],
        "reference": {
          "reference": "Ingredient/f4d45370-a6f1-4c35-a82a-f64982ab89b3"
        },
        "name": "f4d45370-a6f1-4c35-a82a-f64982ab89b3",
        "description": "SUCROSE",
        "exampleCanonical": "http://hl7.eu/fhir/ig/gravitate-health/StructureDefinition/Ingredient-uv-epi"
      },
      {
        "extension": [
          {
            "url": "http://hl7.org/fhir/tools/StructureDefinition/resource-information",
            "valueString": "SubstanceDefinition"
          }
        ],
        "reference": {
          "reference": "SubstanceDefinition/f733a07f-c7fb-43eb-9776-ec0a3e4748da"
        },
        "name": "f733a07f-c7fb-43eb-9776-ec0a3e4748da",
        "description": "exemestane-sub",
        "exampleCanonical": "http://hl7.eu/fhir/ig/gravitate-health/StructureDefinition/SubstanceDefinition-uv-epi"
      },
      {
        "extension": [
          {
            "url": "http://hl7.org/fhir/tools/StructureDefinition/resource-information",
            "valueString": "Ingredient"
          }
        ],
        "reference": {
          "reference": "Ingredient/fc31fc43-2825-41c6-8757-e1c0cab29712"
        },
        "name": "fc31fc43-2825-41c6-8757-e1c0cab29712",
        "description": "HYPROMELLOSE, UNSPECIFIED ",
        "exampleCanonical": "http://hl7.eu/fhir/ig/gravitate-health/StructureDefinition/Ingredient-uv-epi"
      }
    ],
    "page": {
      "nameUrl": "toc.html",
      "title": "Table of Contents",
      "generation": "html",
      "page": [
        {
          "nameUrl": "index.html",
          "title": "Home",
          "generation": "markdown"
        },
        {
          "nameUrl": "connections.html",
          "title": "Connections",
          "generation": "markdown"
        },
        {
          "nameUrl": "copyright.html",
          "title": "Copyright",
          "generation": "markdown"
        },
        {
          "nameUrl": "downloads.html",
          "title": "Downloads",
          "generation": "html"
        },
        {
          "nameUrl": "ePI-structure.html",
          "title": "E PI Structure",
          "generation": "markdown"
        },
        {
          "nameUrl": "terminology.html",
          "title": "Terminology",
          "generation": "markdown"
        },
        {
          "nameUrl": "use-case-example.html",
          "title": "Use Case Example",
          "generation": "markdown"
        }
      ]
    },
    "parameter": [
      {
        "code": "copyrightyear",
        "value": "2021+"
      },
      {
        "code": "releaselabel",
        "value": "CI Build"
      },
      {
        "code": "show-inherited-invariants",
        "value": "false"
      },
      {
        "code": "path-resource",
        "value": "input/resources/irbesartan"
      },
      {
        "code": "path-resource",
        "value": "input/resources/oxymetazoline-hydrochloride"
      },
      {
        "code": "path-resource",
        "value": "input/resources/dimethyl-fumarate"
      },
      {
        "code": "autoload-resources",
        "value": "true"
      },
      {
        "code": "path-resource",
        "value": "input/capabilities"
      },
      {
        "code": "path-resource",
        "value": "input/examples"
      },
      {
        "code": "path-resource",
        "value": "input/extensions"
      },
      {
        "code": "path-resource",
        "value": "input/models"
      },
      {
        "code": "path-resource",
        "value": "input/operations"
      },
      {
        "code": "path-resource",
        "value": "input/profiles"
      },
      {
        "code": "path-resource",
        "value": "input/resources"
      },
      {
        "code": "path-resource",
        "value": "input/vocabulary"
      },
      {
        "code": "path-resource",
        "value": "input/testing"
      },
      {
        "code": "path-resource",
        "value": "input/history"
      },
      {
        "code": "path-resource",
        "value": "fsh-generated/resources"
      },
      {
        "code": "path-pages",
        "value": "template/config"
      },
      {
        "code": "path-pages",
        "value": "input/images"
      },
      {
        "code": "path-liquid",
        "value": "template/liquid"
      },
      {
        "code": "path-liquid",
        "value": "input/liquid"
      },
      {
        "code": "path-qa",
        "value": "temp/qa"
      },
      {
        "code": "path-temp",
        "value": "temp/pages"
      },
      {
        "code": "path-output",
        "value": "output"
      },
      {
        "code": "path-tx-cache",
        "value": "input-cache/txcache"
      },
      {
        "code": "path-suppressed-warnings",
        "value": "input/ignoreWarnings.txt"
      },
      {
        "code": "path-history",
        "value": "http://hl7.eu/fhir/ig/gravitate-health/history.html"
      },
      {
        "code": "template-html",
        "value": "template-page.html"
      },
      {
        "code": "template-md",
        "value": "template-page-md.html"
      },
      {
        "code": "apply-contact",
        "value": "true"
      },
      {
        "code": "apply-context",
        "value": "true"
      },
      {
        "code": "apply-copyright",
        "value": "true"
      },
      {
        "code": "apply-jurisdiction",
        "value": "true"
      },
      {
        "code": "apply-license",
        "value": "true"
      },
      {
        "code": "apply-publisher",
        "value": "true"
      },
      {
        "code": "apply-version",
        "value": "true"
      },
      {
        "code": "active-tables",
        "value": "true"
      },
      {
        "code": "fmm-definition",
        "value": "http://hl7.org/fhir/versions.html#maturity"
      },
      {
        "code": "propagate-status",
        "value": "true"
      },
      {
        "code": "excludelogbinaryformat",
        "value": "true"
      }
    ]
  }
}