{
  "resourceType": "ImplementationGuide",
  "id": "hl7.eu.fhir.gh",
  "text": {
    "status": "extensions",
    "div": "<div xmlns=\"http://www.w3.org/1999/xhtml\"><h2>GhImplementationGuide</h2><p>The official URL for this implementation guide is: </p><pre>http://hl7.eu/fhir/ig/gravitate-health/ImplementationGuide/hl7.eu.fhir.gh</pre><div><p>Gravitate Health is an EU project aiming to empower and equip Europeans with health information for active personal health management and adherence to treatment.</p>\n</div></div>"
  },
  "url": "http://hl7.eu/fhir/ig/gravitate-health/ImplementationGuide/hl7.eu.fhir.gh",
  "version": "0.1.0",
  "name": "GhImplementationGuide",
  "title": "Gravitate Health FHIR Implementation Guide",
  "status": "active",
  "date": "2022-08-20T17:56:01+00:00",
  "contact": [
    {
      "name": "Gravitate Health Project",
      "telecom": [
        {
          "system": "url",
          "value": "https://www.gravitatehealth.eu/"
        }
      ]
    }
  ],
  "description": "Gravitate Health is an EU project aiming to empower and equip Europeans with health information for active personal health management and adherence to treatment.",
  "packageId": "hl7.eu.fhir.gh",
  "license": "CC0-1.0",
  "fhirVersion": [
    "5.0.0-snapshot1"
  ],
  "dependsOn": [
    {
      "id": "hl7tx",
      "uri": "http://terminology.hl7.org/ImplementationGuide/hl7.terminology",
      "packageId": "hl7.terminology.r5",
      "version": "3.0.0"
    }
  ],
  "definition": {
    "resource": [
      {
        "extension": [
          {
            "url": "http://hl7.org/fhir/tools/StructureDefinition/resource-information",
            "valueString": "StructureDefinition:resource"
          }
        ],
        "reference": {
          "reference": "StructureDefinition/AdministrableProductDefinition-uv-epi"
        },
        "name": "AdministrableProductDefinition (ePI)",
        "description": "AdministrableProductDefinition (ePI)",
        "exampleBoolean": false
      },
      {
        "extension": [
          {
            "url": "http://hl7.org/fhir/tools/StructureDefinition/resource-information",
            "valueString": "StructureDefinition:resource"
          }
        ],
        "reference": {
          "reference": "StructureDefinition/Bundle-uv-epi"
        },
        "name": "Bundle - ePI",
        "description": "This profile represents the constraints applied to the Bundle resource by the Electronic Product Information (ePI) FHIR Implementation Guide.",
        "exampleBoolean": false
      },
      {
        "extension": [
          {
            "url": "http://hl7.org/fhir/tools/StructureDefinition/resource-information",
            "valueString": "StructureDefinition:resource"
          }
        ],
        "reference": {
          "reference": "StructureDefinition/ClinicalUseDefinition-contraindication-uv-epi"
        },
        "name": "ClinicalUseDefinition Contraindication (ePI)",
        "description": "ClinicalUseDefinition Contraindication (ePI)",
        "exampleBoolean": false
      },
      {
        "extension": [
          {
            "url": "http://hl7.org/fhir/tools/StructureDefinition/resource-information",
            "valueString": "StructureDefinition:resource"
          }
        ],
        "reference": {
          "reference": "StructureDefinition/ClinicalUseDefinition-indication-uv-epi"
        },
        "name": "ClinicalUseDefinition Indication (ePI)",
        "description": "ClinicalUseDefinition Indication (ePI)",
        "exampleBoolean": false
      },
      {
        "extension": [
          {
            "url": "http://hl7.org/fhir/tools/StructureDefinition/resource-information",
            "valueString": "StructureDefinition:resource"
          }
        ],
        "reference": {
          "reference": "StructureDefinition/ClinicalUseDefinition-interaction-uv-epi"
        },
        "name": "ClinicalUseDefinition Interaction (ePI)",
        "description": "ClinicalUseDefinition Interaction (ePI)",
        "exampleBoolean": false
      },
      {
        "extension": [
          {
            "url": "http://hl7.org/fhir/tools/StructureDefinition/resource-information",
            "valueString": "StructureDefinition:resource"
          }
        ],
        "reference": {
          "reference": "StructureDefinition/ClinicalUseDefinition-undesirableEffect-uv-epi"
        },
        "name": "ClinicalUseDefinition Undesirable Effect (ePI)",
        "description": "ClinicalUseDefinition Undesirable Effect (ePI)",
        "exampleBoolean": false
      },
      {
        "extension": [
          {
            "url": "http://hl7.org/fhir/tools/StructureDefinition/resource-information",
            "valueString": "StructureDefinition:resource"
          }
        ],
        "reference": {
          "reference": "StructureDefinition/ClinicalUseDefinition-warning-uv-epi"
        },
        "name": "ClinicalUseDefinition Warning (ePI)",
        "description": "ClinicalUseDefinition Warning (ePI)",
        "exampleBoolean": false
      },
      {
        "extension": [
          {
            "url": "http://hl7.org/fhir/tools/StructureDefinition/resource-information",
            "valueString": "StructureDefinition:resource"
          }
        ],
        "reference": {
          "reference": "StructureDefinition/Composition-eu-leaflet"
        },
        "name": "Composition (EU Leaflet)",
        "description": "This profile provides an example of how the Composition (ePI) profile can be specialized to represent a Product information Leaflet withi a specific jurisdiction",
        "exampleBoolean": false
      },
      {
        "extension": [
          {
            "url": "http://hl7.org/fhir/tools/StructureDefinition/resource-information",
            "valueString": "StructureDefinition:resource"
          }
        ],
        "reference": {
          "reference": "StructureDefinition/Composition-uv-epi"
        },
        "name": "Composition (ePI)",
        "description": "Clinical document used to represent the Electronic Product Information (ePI) data set. \nAn Electronic Product Information (ePI) document is an authorised, statutory product information for medicines (i.e. summary of product characteristics, package leaflet and labelling) in a semi-structured format created using the common EU electronic standard.",
        "exampleBoolean": false
      },
      {
        "extension": [
          {
            "url": "http://hl7.org/fhir/tools/StructureDefinition/resource-information",
            "valueString": "StructureDefinition:resource"
          }
        ],
        "reference": {
          "reference": "StructureDefinition/Ingredient-uv-epi"
        },
        "name": "Ingredient (ePI)",
        "description": "Ingredient (ePI)",
        "exampleBoolean": false
      },
      {
        "extension": [
          {
            "url": "http://hl7.org/fhir/tools/StructureDefinition/resource-information",
            "valueString": "StructureDefinition:resource"
          }
        ],
        "reference": {
          "reference": "StructureDefinition/List-uv-epi"
        },
        "name": "List - ePI",
        "description": "This profile represents the constraints applied to the List resource by the Electronic Product Information (ePI) FHIR Implementation Guide.",
        "exampleBoolean": false
      },
      {
        "extension": [
          {
            "url": "http://hl7.org/fhir/tools/StructureDefinition/resource-information",
            "valueString": "StructureDefinition:resource"
          }
        ],
        "reference": {
          "reference": "StructureDefinition/ManufacturedItemDefinition-uv-epi"
        },
        "name": "ManufacturedItemDefinition (ePI)",
        "description": "ManufacturedItemDefinition (ePI)",
        "exampleBoolean": false
      },
      {
        "extension": [
          {
            "url": "http://hl7.org/fhir/tools/StructureDefinition/resource-information",
            "valueString": "StructureDefinition:resource"
          }
        ],
        "reference": {
          "reference": "StructureDefinition/MedicinalProductDefinition-uv-epi"
        },
        "name": "MedicinalProductDefinition (ePI)",
        "description": "MedicinalProductDefinition (ePI)",
        "exampleBoolean": false
      },
      {
        "extension": [
          {
            "url": "http://hl7.org/fhir/tools/StructureDefinition/resource-information",
            "valueString": "StructureDefinition:resource"
          }
        ],
        "reference": {
          "reference": "StructureDefinition/Organization-uv-epi"
        },
        "name": "Organization (ePI)",
        "description": "Organization (ePI)",
        "exampleBoolean": false
      },
      {
        "extension": [
          {
            "url": "http://hl7.org/fhir/tools/StructureDefinition/resource-information",
            "valueString": "StructureDefinition:resource"
          }
        ],
        "reference": {
          "reference": "StructureDefinition/PackagedProductDefinition-uv-epi"
        },
        "name": "PackagedProductDefinition (ePI)",
        "description": "PackagedProductDefinition (ePI)",
        "exampleBoolean": false
      },
      {
        "extension": [
          {
            "url": "http://hl7.org/fhir/tools/StructureDefinition/resource-information",
            "valueString": "StructureDefinition:resource"
          }
        ],
        "reference": {
          "reference": "StructureDefinition/RegulatedAuthorization-uv-epi"
        },
        "name": "RegulatedAuthorization (ePI)",
        "description": "RegulatedAuthorization (ePI)",
        "exampleBoolean": false
      },
      {
        "extension": [
          {
            "url": "http://hl7.org/fhir/tools/StructureDefinition/resource-information",
            "valueString": "StructureDefinition:resource"
          }
        ],
        "reference": {
          "reference": "StructureDefinition/SubstanceDefinition-uv-epi"
        },
        "name": "SubstanceDefinition (ePI)",
        "description": "SubstanceDefinition (ePI)",
        "exampleBoolean": false
      },
      {
        "extension": [
          {
            "url": "http://hl7.org/fhir/tools/StructureDefinition/resource-information",
            "valueString": "ValueSet"
          }
        ],
        "reference": {
          "reference": "ValueSet/admProductIdSystems"
        },
        "name": "AdministrableProductDefinition identifier systems",
        "description": "AdministrableProductDefinition Identifier systems (uri)",
        "exampleBoolean": false
      },
      {
        "extension": [
          {
            "url": "http://hl7.org/fhir/tools/StructureDefinition/resource-information",
            "valueString": "ValueSet"
          }
        ],
        "reference": {
          "reference": "ValueSet/epiType"
        },
        "name": "ePI document types",
        "description": "ePI document types",
        "exampleBoolean": false
      },
      {
        "extension": [
          {
            "url": "http://hl7.org/fhir/tools/StructureDefinition/resource-information",
            "valueString": "ValueSet"
          }
        ],
        "reference": {
          "reference": "ValueSet/manufacturedItemIdSystems"
        },
        "name": "ManufacturedItemDefinition identifier systems",
        "description": "ManufacturedItemDefinition Identifier systems (uri)",
        "exampleBoolean": false
      },
      {
        "extension": [
          {
            "url": "http://hl7.org/fhir/tools/StructureDefinition/resource-information",
            "valueString": "ValueSet"
          }
        ],
        "reference": {
          "reference": "ValueSet/medProductIdSystems"
        },
        "name": "MedicinalProductDefinition identifier systems",
        "description": "MedicinalProductDefinition Identifier systems (uri)",
        "exampleBoolean": false
      },
      {
        "extension": [
          {
            "url": "http://hl7.org/fhir/tools/StructureDefinition/resource-information",
            "valueString": "ValueSet"
          }
        ],
        "reference": {
          "reference": "ValueSet/organizationIdSystems"
        },
        "name": "Organization identifier systems",
        "description": "Organization Identifier systems (uri)",
        "exampleBoolean": false
      },
      {
        "extension": [
          {
            "url": "http://hl7.org/fhir/tools/StructureDefinition/resource-information",
            "valueString": "ValueSet"
          }
        ],
        "reference": {
          "reference": "ValueSet/packagedProductIdSystems"
        },
        "name": "PackagedProductDefinition identifier systems",
        "description": "PackagedProductDefinition Identifier systems (uri)",
        "exampleBoolean": false
      },
      {
        "extension": [
          {
            "url": "http://hl7.org/fhir/tools/StructureDefinition/resource-information",
            "valueString": "ValueSet"
          }
        ],
        "reference": {
          "reference": "ValueSet/regulatedAuthIdSystems"
        },
        "name": "RegulatedAuthorization identifier systems",
        "description": "RegulatedAuthorization Identifier systems (uri)",
        "exampleBoolean": false
      },
      {
        "extension": [
          {
            "url": "http://hl7.org/fhir/tools/StructureDefinition/resource-information",
            "valueString": "CodeSystem"
          }
        ],
        "reference": {
          "reference": "CodeSystem/gravitate"
        },
        "name": "Gravitate Health Project Code System",
        "description": "Gravitate Health Project Code System. Coded concepts defined for internal project use.",
        "exampleBoolean": false
      },
      {
        "extension": [
          {
            "url": "http://hl7.org/fhir/tools/StructureDefinition/resource-information",
            "valueString": "CodeSystem"
          }
        ],
        "reference": {
          "reference": "CodeSystem/CodeSystemUvEPIRomswi"
        },
        "name": "Organization Management Services CodeSystem",
        "description": "Items from https://spor.ema.europa.eu/omswi",
        "exampleBoolean": false
      },
      {
        "extension": [
          {
            "url": "http://hl7.org/fhir/tools/StructureDefinition/resource-information",
            "valueString": "CodeSystem"
          }
        ],
        "reference": {
          "reference": "CodeSystem/CodeSystemUvEPIRpmswi"
        },
        "name": "Products Management Services CodeSystem",
        "description": "Items from https://spor.ema.europa.eu/pmswi",
        "exampleBoolean": false
      },
      {
        "extension": [
          {
            "url": "http://hl7.org/fhir/tools/StructureDefinition/resource-information",
            "valueString": "CodeSystem"
          }
        ],
        "reference": {
          "reference": "CodeSystem/CodeSystemUvEPIRrmswi"
        },
        "name": "Referentials Management Services CodeSystem",
        "description": "Items from https://spor.ema.europa.eu/rmswi",
        "exampleBoolean": false
      },
      {
        "extension": [
          {
            "url": "http://hl7.org/fhir/tools/StructureDefinition/resource-information",
            "valueString": "CodeSystem"
          }
        ],
        "reference": {
          "reference": "CodeSystem/CodeSystemUvEPIRsmswi"
        },
        "name": "Substances Management Services CodeSystem",
        "description": "Items from https://spor.ema.europa.eu/smswi",
        "exampleBoolean": false
      },
      {
        "extension": [
          {
            "url": "http://hl7.org/fhir/tools/StructureDefinition/resource-information",
            "valueString": "CodeSystem"
          }
        ],
        "reference": {
          "reference": "CodeSystem/Example"
        },
        "name": "EMA example-sections-pl",
        "description": "Placeholder for EMA example-sections PL",
        "exampleBoolean": false
      },
      {
        "extension": [
          {
            "url": "http://hl7.org/fhir/tools/StructureDefinition/resource-information",
            "valueString": "CodeSystem"
          }
        ],
        "reference": {
          "reference": "CodeSystem/Examplesmpc"
        },
        "name": "EMA example-sections-smpc",
        "description": "Placeholder for EMA example-sections smpc",
        "exampleBoolean": false
      },
      {
        "extension": [
          {
            "url": "http://hl7.org/fhir/tools/StructureDefinition/resource-information",
            "valueString": "OperationDefinition"
          }
        ],
        "reference": {
          "reference": "OperationDefinition/calculate"
        },
        "name": "calculate",
        "description": "This operation calculates an enhanced version of an ePI as well as",
        "exampleBoolean": false
      },
      {
        "extension": [
          {
            "url": "http://hl7.org/fhir/tools/StructureDefinition/resource-information",
            "valueString": "MedicinalProductDefinition"
          }
        ],
        "reference": {
          "reference": "MedicinalProductDefinition/cfsb1650904258324"
        },
        "name": "cfsb1650904258324",
        "description": "EU/1/19/1370/001 Dovato 50 mg/300 mg film-coated tablets",
        "exampleBoolean": true
      },
      {
        "extension": [
          {
            "url": "http://hl7.org/fhir/tools/StructureDefinition/resource-information",
            "valueString": "PackagedProductDefinition"
          }
        ],
        "reference": {
          "reference": "PackagedProductDefinition/cfsb1650995718524"
        },
        "name": "cfsb1650995718524",
        "description": "50 mg/300 mg film-coated tablets",
        "exampleBoolean": true
      },
      {
        "extension": [
          {
            "url": "http://hl7.org/fhir/tools/StructureDefinition/resource-information",
            "valueString": "Organization"
          }
        ],
        "reference": {
          "reference": "Organization/cfsb1650997423990"
        },
        "name": "cfsb1650997423990",
        "description": "Manufacturer",
        "exampleBoolean": true
      },
      {
        "extension": [
          {
            "url": "http://hl7.org/fhir/tools/StructureDefinition/resource-information",
            "valueString": "ManufacturedItemDefinition"
          }
        ],
        "reference": {
          "reference": "ManufacturedItemDefinition/cfsb1650998521654"
        },
        "name": "cfsb1650998521654",
        "description": "Manufactured Item: Dovato 50 mg/300 mg film-coated tablets",
        "exampleBoolean": true
      },
      {
        "extension": [
          {
            "url": "http://hl7.org/fhir/tools/StructureDefinition/resource-information",
            "valueString": "AdministrableProductDefinition"
          }
        ],
        "reference": {
          "reference": "AdministrableProductDefinition/cfsb1650999516847"
        },
        "name": "cfsb1650999516847",
        "description": "Dovato 50 mg/300 mg film-coated tablets",
        "exampleBoolean": true
      },
      {
        "extension": [
          {
            "url": "http://hl7.org/fhir/tools/StructureDefinition/resource-information",
            "valueString": "RegulatedAuthorization"
          }
        ],
        "reference": {
          "reference": "RegulatedAuthorization/cfsb1651148079894"
        },
        "name": "cfsb1651148079894",
        "description": "Regulated authorization",
        "exampleBoolean": true
      },
      {
        "extension": [
          {
            "url": "http://hl7.org/fhir/tools/StructureDefinition/resource-information",
            "valueString": "Organization"
          }
        ],
        "reference": {
          "reference": "Organization/cfsb1651149636159"
        },
        "name": "cfsb1651149636159",
        "description": "Marketing Authorization Holder",
        "exampleBoolean": true
      },
      {
        "extension": [
          {
            "url": "http://hl7.org/fhir/tools/StructureDefinition/resource-information",
            "valueString": "Organization"
          }
        ],
        "reference": {
          "reference": "Organization/cfsb1651152112409"
        },
        "name": "cfsb1651152112409",
        "description": "Regulator",
        "exampleBoolean": true
      },
      {
        "extension": [
          {
            "url": "http://hl7.org/fhir/tools/StructureDefinition/resource-information",
            "valueString": "Ingredient"
          }
        ],
        "reference": {
          "reference": "Ingredient/cfsb1651162710491"
        },
        "name": "cfsb1651162710491",
        "description": "dolutegravir",
        "exampleBoolean": true
      },
      {
        "extension": [
          {
            "url": "http://hl7.org/fhir/tools/StructureDefinition/resource-information",
            "valueString": "Ingredient"
          }
        ],
        "reference": {
          "reference": "Ingredient/cfsb1651164758053"
        },
        "name": "cfsb1651164758053",
        "description": "lamivudine",
        "exampleBoolean": true
      },
      {
        "extension": [
          {
            "url": "http://hl7.org/fhir/tools/StructureDefinition/resource-information",
            "valueString": "Ingredient"
          }
        ],
        "reference": {
          "reference": "Ingredient/cfsb1651170791283"
        },
        "name": "cfsb1651170791283",
        "description": "microcrystalline cellulose",
        "exampleBoolean": true
      },
      {
        "extension": [
          {
            "url": "http://hl7.org/fhir/tools/StructureDefinition/resource-information",
            "valueString": "Ingredient"
          }
        ],
        "reference": {
          "reference": "Ingredient/cfsb1651229974487"
        },
        "name": "cfsb1651229974487",
        "description": "sodium starch glycolate",
        "exampleBoolean": true
      },
      {
        "extension": [
          {
            "url": "http://hl7.org/fhir/tools/StructureDefinition/resource-information",
            "valueString": "Ingredient"
          }
        ],
        "reference": {
          "reference": "Ingredient/cfsb1651230170831"
        },
        "name": "cfsb1651230170831",
        "description": "magnesium stearate",
        "exampleBoolean": true
      },
      {
        "extension": [
          {
            "url": "http://hl7.org/fhir/tools/StructureDefinition/resource-information",
            "valueString": "Ingredient"
          }
        ],
        "reference": {
          "reference": "Ingredient/cfsb1651230330246"
        },
        "name": "cfsb1651230330246",
        "description": "mannitol",
        "exampleBoolean": true
      },
      {
        "extension": [
          {
            "url": "http://hl7.org/fhir/tools/StructureDefinition/resource-information",
            "valueString": "Composition"
          }
        ],
        "reference": {
          "reference": "Composition/cfsb1651231019151"
        },
        "name": "cfsb1651231019151",
        "description": "Package Leaflet",
        "exampleBoolean": true
      },
      {
        "extension": [
          {
            "url": "http://hl7.org/fhir/tools/StructureDefinition/resource-information",
            "valueString": "Composition"
          }
        ],
        "reference": {
          "reference": "Composition/cfsb1651234995610"
        },
        "name": "cfsb1651234995610",
        "description": "Prospecto Dovato 50 mg/300 mg comprimidos recubiertos con película",
        "exampleBoolean": true
      },
      {
        "extension": [
          {
            "url": "http://hl7.org/fhir/tools/StructureDefinition/resource-information",
            "valueString": "Bundle"
          }
        ],
        "reference": {
          "reference": "Bundle/cfsb1651596479132"
        },
        "name": "Vulcan Dovato FHIR Package Insert EMA",
        "description": "English Instance of Dovato package insert for Connectathon testing",
        "exampleBoolean": true
      },
      {
        "extension": [
          {
            "url": "http://hl7.org/fhir/tools/StructureDefinition/resource-information",
            "valueString": "Bundle"
          }
        ],
        "reference": {
          "reference": "Bundle/cfsb1651597532341"
        },
        "name": "Vulcan Dovato FHIR Package Insert EMA ESP",
        "description": "Spanish Instance of Dovato package insert for Connectathon testing",
        "exampleBoolean": true
      }
    ],
    "page": {
      "nameUrl": "toc.html",
      "title": "Table of Contents",
      "generation": "html",
      "page": [
        {
          "nameUrl": "index.html",
          "title": "Introduction",
          "generation": "markdown"
        },
        {
          "nameUrl": "background.html",
          "title": "Background",
          "generation": "markdown"
        },
        {
          "nameUrl": "core-epi-structure.html",
          "title": "Core ePI Profile",
          "generation": "markdown"
        },
        {
          "nameUrl": "terminology.html",
          "title": "Terminology",
          "generation": "markdown"
        },
        {
          "nameUrl": "steps-to-create-core-epi.html",
          "title": "Steps to create a Core FHIR ePI",
          "generation": "markdown"
        },
        {
          "nameUrl": "capability.html",
          "title": "Capability",
          "generation": "markdown"
        },
        {
          "nameUrl": "general-technical-conformance-requirements.html",
          "title": "General Technical Conformance Requirements",
          "generation": "markdown"
        },
        {
          "nameUrl": "appendicies.html",
          "title": "Appendix",
          "generation": "markdown"
        },
        {
          "nameUrl": "annex1-ema-fhir-epi.html",
          "title": "Annex I - EU/EMA FHIR ePI Profile",
          "generation": "markdown"
        },
        {
          "nameUrl": "annex2-fda-fhir-epi.html",
          "title": "Annex II - US/FDA FHIR ePI Profile",
          "generation": "markdown"
        },
        {
          "nameUrl": "annex3-pmda-fhir-epi.html",
          "title": "Annex III - Japan/PMDA FHIR ePI Profile",
          "generation": "markdown"
        }
      ]
    },
    "parameter": [
      {
        "code": "copyrightyear",
        "value": "2021+"
      },
      {
        "code": "releaselabel",
        "value": "CI Build"
      },
      {
        "code": "show-inherited-invariants",
        "value": "false"
      },
      {
        "code": "path-resource",
        "value": "input/resources/irbesartan"
      },
      {
        "code": "path-resource",
        "value": "input/resources/oxymetazoline-hydrochloride"
      },
      {
        "code": "path-resource",
        "value": "input/resources/dimethyl-fumarate"
      },
      {
        "code": "autoload-resources",
        "value": "true"
      },
      {
        "code": "path-resource",
        "value": "input/capabilities"
      },
      {
        "code": "path-resource",
        "value": "input/examples"
      },
      {
        "code": "path-resource",
        "value": "input/extensions"
      },
      {
        "code": "path-resource",
        "value": "input/models"
      },
      {
        "code": "path-resource",
        "value": "input/operations"
      },
      {
        "code": "path-resource",
        "value": "input/profiles"
      },
      {
        "code": "path-resource",
        "value": "input/resources"
      },
      {
        "code": "path-resource",
        "value": "input/vocabulary"
      },
      {
        "code": "path-resource",
        "value": "input/testing"
      },
      {
        "code": "path-resource",
        "value": "input/history"
      },
      {
        "code": "path-resource",
        "value": "fsh-generated/resources"
      },
      {
        "code": "path-pages",
        "value": "template/config"
      },
      {
        "code": "path-pages",
        "value": "input/images"
      },
      {
        "code": "path-liquid",
        "value": "template/liquid"
      },
      {
        "code": "path-liquid",
        "value": "input/liquid"
      },
      {
        "code": "path-qa",
        "value": "temp/qa"
      },
      {
        "code": "path-temp",
        "value": "temp/pages"
      },
      {
        "code": "path-output",
        "value": "output"
      },
      {
        "code": "path-tx-cache",
        "value": "input-cache/txcache"
      },
      {
        "code": "path-suppressed-warnings",
        "value": "input/ignoreWarnings.txt"
      },
      {
        "code": "path-history",
        "value": "http://hl7.eu/fhir/ig/gravitate-health/history.html"
      },
      {
        "code": "template-html",
        "value": "template-page.html"
      },
      {
        "code": "template-md",
        "value": "template-page-md.html"
      },
      {
        "code": "apply-contact",
        "value": "true"
      },
      {
        "code": "apply-context",
        "value": "true"
      },
      {
        "code": "apply-copyright",
        "value": "true"
      },
      {
        "code": "apply-jurisdiction",
        "value": "true"
      },
      {
        "code": "apply-license",
        "value": "true"
      },
      {
        "code": "apply-publisher",
        "value": "true"
      },
      {
        "code": "apply-version",
        "value": "true"
      },
      {
        "code": "active-tables",
        "value": "true"
      },
      {
        "code": "fmm-definition",
        "value": "http://hl7.org/fhir/versions.html#maturity"
      },
      {
        "code": "propagate-status",
        "value": "true"
      },
      {
        "code": "excludelogbinaryformat",
        "value": "true"
      }
    ]
  }
}