{
  "resourceType": "MedicinalProductDefinition",
  "id": "117616c7-3bcc-4665-8e12-0e93447e679e",
  "text": {
    "status": "generated",
    "div": "<div xmlns=\"http://www.w3.org/1999/xhtml\"><p><b>Generated Narrative</b></p><div style=\"display: inline-block; background-color: #d9e0e7; padding: 6px; margin: 4px; border: 1px solid #8da1b4; border-radius: 5px; line-height: 60%\"><p style=\"margin-bottom: 0px\">Resource \"117616c7-3bcc-4665-8e12-0e93447e679e\" </p></div><p><b>type</b>: Marketing Authorisation <span style=\"background: LightGoldenRodYellow; margin: 4px; border: 1px solid khaki\"> (#/#100000072062)</span></p><p><b>domain</b>: Human use <span style=\"background: LightGoldenRodYellow; margin: 4px; border: 1px solid khaki\"> (#/#100000000012)</span></p><p><b>status</b>: Active <span style=\"background: LightGoldenRodYellow; margin: 4px; border: 1px solid khaki\"> (<a href=\"http://build.fhir.org/codesystem-publication-status.html\">PublicationStatus</a>#active)</span></p><p><b>legalStatusOfSupply</b>: Medicinal product subject to medical prescription <span style=\"background: LightGoldenRodYellow; margin: 4px; border: 1px solid khaki\"> (#/#100000072084)</span></p><blockquote><p><b>name</b></p><p><b>productName</b>: Aromasin (exemestane) Tablets 25 mg</p><p><b>type</b>: Full name <span style=\"background: LightGoldenRodYellow; margin: 4px; border: 1px solid khaki\"> (#/#220000000001)</span></p><h3>NameParts</h3><table class=\"grid\"><tr><td>-</td><td><b>Part</b></td><td><b>Type</b></td></tr><tr><td>*</td><td>Tablet</td><td>Pharmaceutical dose form part <span style=\"background: LightGoldenRodYellow; margin: 4px; border: 1px solid khaki\"> (#/#220000000005)</span></td></tr></table><h3>CountryLanguages</h3><table class=\"grid\"><tr><td>-</td><td><b>Country</b></td><td><b>Jurisdiction</b></td><td><b>Language</b></td></tr><tr><td>*</td><td>Japan <span style=\"background: LightGoldenRodYellow; margin: 4px; border: 1px solid khaki\"> (unknown#jp)</span></td><td>Japan <span style=\"background: LightGoldenRodYellow; margin: 4px; border: 1px solid khaki\"> (unknown#jp)</span></td><td>Japanese <span style=\"background: LightGoldenRodYellow; margin: 4px; border: 1px solid khaki\"> (unknown#ja)</span></td></tr></table></blockquote></div>"
  },
  "type": {
    "coding": [
      {
        "system": "https://spor.ema.europa.eu/rmswi/",
        "code": "/#100000072062"
      }
    ],
    "text": "Marketing Authorisation"
  },
  "domain": {
    "coding": [
      {
        "system": "https://spor.ema.europa.eu/rmswi/",
        "code": "/#100000000012"
      }
    ],
    "text": "Human use"
  },
  "status": {
    "coding": [
      {
        "system": "http://hl7.org/fhir/publication-status",
        "code": "active",
        "display": "Active"
      }
    ]
  },
  "legalStatusOfSupply": {
    "coding": [
      {
        "system": "https://spor.ema.europa.eu/rmswi/",
        "code": "/#100000072084"
      }
    ],
    "text": "Medicinal product subject to medical prescription"
  },
  "name": [
    {
      "productName": "Aromasin (exemestane) Tablets 25 mg",
      "type": {
        "coding": [
          {
            "system": "https://spor.ema.europa.eu/rmswi/",
            "code": "/#220000000001"
          }
        ],
        "text": "Full name"
      },
      "namePart": [
        {
          "part": "Tablet",
          "type": {
            "coding": [
              {
                "system": "https://spor.ema.europa.eu/rmswi/",
                "code": "/#220000000005"
              }
            ],
            "text": "Pharmaceutical dose form part"
          }
        }
      ],
      "countryLanguage": [
        {
          "country": {
            "coding": [
              {
                "system": "urn:iso:std:iso:639",
                "code": "jp"
              }
            ],
            "text": "Japan"
          },
          "jurisdiction": {
            "coding": [
              {
                "system": "urn:iso:std:iso:3166",
                "code": "jp"
              }
            ],
            "text": "Japan"
          },
          "language": {
            "coding": [
              {
                "system": "urn:iso:std:iso:639-1",
                "code": "ja"
              }
            ],
            "text": "Japanese"
          }
        }
      ]
    }
  ]
}