{
  "resourceType": "MedicinalProductDefinition",
  "id": "cfsb1639760186202",
  "text": {
    "status": "generated",
    "div": "<div xmlns=\"http://www.w3.org/1999/xhtml\"><p><b>Generated Narrative</b></p><div style=\"display: inline-block; background-color: #d9e0e7; padding: 6px; margin: 4px; border: 1px solid #8da1b4; border-radius: 5px; line-height: 60%\"><p style=\"margin-bottom: 0px\">Resource \"cfsb1639760186202\" </p></div><p><b>identifier</b>: id: PL 31654/0006 (OFFICIAL)</p><p><b>type</b>: Marketing Authorisation <span style=\"background: LightGoldenRodYellow; margin: 4px; border: 1px solid khaki\"> (#/#100000072062)</span></p><p><b>domain</b>: Human use <span style=\"background: LightGoldenRodYellow; margin: 4px; border: 1px solid khaki\"> (#/#100000000012)</span></p><p><b>status</b>: Active <span style=\"background: LightGoldenRodYellow; margin: 4px; border: 1px solid khaki\"> (<a href=\"http://build.fhir.org/codesystem-publication-status.html\">PublicationStatus</a>#active)</span></p><p><b>legalStatusOfSupply</b>: Medicinal product subject to medical prescription <span style=\"background: LightGoldenRodYellow; margin: 4px; border: 1px solid khaki\"> (#/#100000072084)</span></p><blockquote><p><b>name</b></p><p><b>productName</b>: MONURIL 3 g granules for oral solution</p><p><b>type</b>: Full name <span style=\"background: LightGoldenRodYellow; margin: 4px; border: 1px solid khaki\"> (#/#220000000001)</span></p><h3>NameParts</h3><table class=\"grid\"><tr><td>-</td><td><b>Part</b></td><td><b>Type</b></td></tr><tr><td>*</td><td>granules for oral solution</td><td>Pharmaceutical dose form part <span style=\"background: LightGoldenRodYellow; margin: 4px; border: 1px solid khaki\"> (#/#220000000005)</span></td></tr></table><h3>CountryLanguages</h3><table class=\"grid\"><tr><td>-</td><td><b>Country</b></td><td><b>Jurisdiction</b></td><td><b>Language</b></td></tr><tr><td>*</td><td>gb <span style=\"background: LightGoldenRodYellow; margin: 4px; border: 1px solid khaki\"> (unknown#gb)</span></td><td>European Union <span style=\"background: LightGoldenRodYellow; margin: 4px; border: 1px solid khaki\"> (unknown#eu)</span></td><td>English <span style=\"background: LightGoldenRodYellow; margin: 4px; border: 1px solid khaki\"> (<a href=\"http://terminology.hl7.org/3.0.0/CodeSystem-v3-ietf3066.html\">Tags for the Identification of Languages</a>#en)</span></td></tr></table></blockquote></div>"
  },
  "identifier": [
    {
      "use": "official",
      "system": "https://spor.ema.europa.eu/pmswi/#/",
      "value": "PL 31654/0006"
    }
  ],
  "type": {
    "coding": [
      {
        "system": "https://spor.ema.europa.eu/rmswi/",
        "code": "/#100000072062"
      }
    ],
    "text": "Marketing Authorisation"
  },
  "domain": {
    "coding": [
      {
        "system": "https://spor.ema.europa.eu/rmswi/",
        "code": "/#100000000012"
      }
    ],
    "text": "Human use"
  },
  "status": {
    "coding": [
      {
        "system": "http://hl7.org/fhir/publication-status",
        "code": "active",
        "display": "Active"
      }
    ]
  },
  "legalStatusOfSupply": {
    "coding": [
      {
        "system": "https://spor.ema.europa.eu/rmswi/",
        "code": "/#100000072084"
      }
    ],
    "text": "Medicinal product subject to medical prescription"
  },
  "name": [
    {
      "productName": "MONURIL 3 g granules for oral solution",
      "type": {
        "coding": [
          {
            "system": "https://spor.ema.europa.eu/rmswi/",
            "code": "/#220000000001"
          }
        ],
        "text": "Full name"
      },
      "namePart": [
        {
          "part": "granules for oral solution",
          "type": {
            "coding": [
              {
                "system": "https://spor.ema.europa.eu/rmswi/",
                "code": "/#220000000005"
              }
            ],
            "text": "Pharmaceutical dose form part"
          }
        }
      ],
      "countryLanguage": [
        {
          "country": {
            "coding": [
              {
                "system": "urn:iso:std:iso:3166",
                "code": "gb"
              }
            ]
          },
          "jurisdiction": {
            "coding": [
              {
                "system": "urn:iso:std:iso:3166",
                "code": "eu"
              }
            ],
            "text": "European Union"
          },
          "language": {
            "coding": [
              {
                "system": "urn:ietf:bcp:47",
                "code": "en"
              }
            ],
            "text": "English"
          }
        }
      ]
    }
  ]
}