{
  "resourceType": "SubstanceDefinition",
  "id": "f733a07f-c7fb-43eb-9776-ec0a3e4748da",
  "text": {
    "status": "generated",
    "div": "<div xmlns=\"http://www.w3.org/1999/xhtml\"><p><b>Generated Narrative</b></p><div style=\"display: inline-block; background-color: #d9e0e7; padding: 6px; margin: 4px; border: 1px solid #8da1b4; border-radius: 5px; line-height: 60%\"><p style=\"margin-bottom: 0px\">Resource \"f733a07f-c7fb-43eb-9776-ec0a3e4748da\" </p></div><p><b>identifier</b>: id: NY22HMQ4BX (OFFICIAL)</p><p><b>version</b>: 39</p><p><b>status</b>: Validated (UNII) <span style=\"background: LightGoldenRodYellow; margin: 4px; border: 1px solid khaki\"> (#1)</span></p><p><b>description</b>: White to yellowish white It is a powder of. N ,N -Slightly soluble in dimethylformamide and tetrahydroflan, slightly soluble in methanol and ethanol (95), sparingly soluble in acetonitrile, and practically insoluble in water.</p><p><b>manufacturer</b>: <a href=\"Organization-7f257409-3b65-401d-a246-7ae51e298fbb.html\">Organization/7f257409-3b65-401d-a246-7ae51e298fbb</a> \"Pfizer, Inc.\"</p><h3>MolecularWeights</h3><table class=\"grid\"><tr><td>-</td><td><b>Type</b></td><td><b>Amount</b></td></tr><tr><td>*</td><td>exact <span style=\"background: LightGoldenRodYellow; margin: 4px; border: 1px solid khaki\"> ()</span></td><td>296.4</td></tr></table><h3>Structures</h3><table class=\"grid\"><tr><td>-</td><td><b>MolecularFormula</b></td></tr><tr><td>*</td><td>C20H24O2</td></tr></table><h3>Names</h3><table class=\"grid\"><tr><td>-</td><td><b>Name</b></td><td><b>Type</b></td></tr><tr><td>*</td><td>(+)-6-methyleneandrosta-1,4-diene-3,17-dione</td><td>Chemical Name <span style=\"background: LightGoldenRodYellow; margin: 4px; border: 1px solid khaki\"> (#1)</span></td></tr></table></div>"
  },
  "identifier": [
    {
      "use": "official",
      "system": "https://gsrs.ncats.nih.gov/ginas/app/beta/",
      "value": "NY22HMQ4BX"
    }
  ],
  "version": "39",
  "status": {
    "coding": [
      {
        "system": "https://gsrs.ncats.nih.gov/ginas/app/beta/",
        "code": "1"
      }
    ],
    "text": "Validated (UNII)"
  },
  "description": "White to yellowish white It is a powder of. N ,N -Slightly soluble in dimethylformamide and tetrahydroflan, slightly soluble in methanol and ethanol (95), sparingly soluble in acetonitrile, and practically insoluble in water.",
  "manufacturer": [
    {
      "reference": "Organization/7f257409-3b65-401d-a246-7ae51e298fbb"
    }
  ],
  "molecularWeight": [
    {
      "type": {
        "text": "exact"
      },
      "amount": {
        "value": 296.4
      }
    }
  ],
  "structure": {
    "molecularFormula": "C20H24O2"
  },
  "name": [
    {
      "name": "(+)-6-methyleneandrosta-1,4-diene-3,17-dione",
      "type": {
        "coding": [
          {
            "system": "https://gsrs.ncats.nih.gov/ginas/app/beta/",
            "code": "1"
          }
        ],
        "text": "Chemical Name"
      }
    }
  ]
}